{
"type": "FeatureCollection",
"name": "busanjin",
"crs": { "type": "name", "properties": { "name": "urn:ogc:def:crs:OGC:1.3:CRS84" } },
"features": [
{ "type": "Feature", "properties": { "BASE_DATE": "20250630", "ADM_CD": "21050520", "ADM_NM": "부전2동" }, "geometry": { "type": "Polygon", "coordinates": [ [ [ 129.062313449058536, 35.15628889204023 ], [ 129.062323464436957, 35.155391686387496 ], [ 129.062323509010497, 35.155387644809501 ], [ 129.062323667440353, 35.155373367620676 ], [ 129.062326525450914, 35.155117509652428 ], [ 129.062330077051143, 35.154799405685914 ], [ 129.062330859482557, 35.154729405630725 ], [ 129.062333452196953, 35.154497161448099 ], [ 129.062333580071794, 35.154484501233213 ], [ 129.062333594004713, 35.154483163068356 ], [ 129.062344936811911, 35.153469920313427 ], [ 129.062345027720738, 35.153461756889335 ], [ 129.062359033084419, 35.152206700956192 ], [ 129.062359175849934, 35.152197976963443 ], [ 129.062359287821693, 35.152190915030559 ], [ 129.06235940587996, 35.152183482458476 ], [ 129.062367064556327, 35.151701124603235 ], [ 129.062370982681415, 35.151454771092716 ], [ 129.062382410446418, 35.1507361758052 ], [ 129.062382768503824, 35.150713564274461 ], [ 129.062384414368978, 35.150609488495625 ], [ 129.062435019854433, 35.15060543493518 ], [ 129.062450711163677, 35.150604177667503 ], [ 129.062451126390926, 35.150530703901936 ], [ 129.062451692483933, 35.150429868901668 ], [ 129.062451695479666, 35.150429279211536 ], [ 129.062452437454198, 35.150297625888356 ], [ 129.062463957371818, 35.150263303663138 ], [ 129.062644102169287, 35.1500418748805 ], [ 129.062702156001507, 35.149970514778531 ], [ 129.062704697101765, 35.149966660082711 ], [ 129.062708800095152, 35.149960441959564 ], [ 129.062817987777748, 35.149734343697098 ], [ 129.062941385461471, 35.149481579073452 ], [ 129.063273614778637, 35.148801036747585 ], [ 129.063273853474442, 35.148800545897444 ], [ 129.063272966047748, 35.148800234573699 ], [ 129.0632588096598, 35.148795233911265 ], [ 129.063223544111537, 35.148782775258958 ], [ 129.063010043463038, 35.14870734808764 ], [ 129.063010940482968, 35.148705233964222 ], [ 129.063011051847724, 35.148704972864273 ], [ 129.063010559155856, 35.14870509733182 ], [ 129.062588059165165, 35.1495183579149 ], [ 129.062549714910801, 35.149592164052933 ], [ 129.062525223239902, 35.149638258200341 ], [ 129.06247407607384, 35.149734517199413 ], [ 129.062433287575658, 35.149812776311968 ], [ 129.06241056990919, 35.149838784977362 ], [ 129.062044644498314, 35.150257709867944 ], [ 129.061744893508887, 35.150364128976342 ], [ 129.061579889207508, 35.150423861665402 ], [ 129.061558420911126, 35.15043163257301 ], [ 129.061536128448722, 35.150439703516895 ], [ 129.060993710598382, 35.150444415069117 ], [ 129.060969333348197, 35.150443687834958 ], [ 129.060656915850501, 35.150434361270861 ], [ 129.060331524465397, 35.150424648325071 ], [ 129.060134664406519, 35.150421813850748 ], [ 129.059968224087015, 35.15041967556958 ], [ 129.059939578061602, 35.150419541359121 ], [ 129.059909923112031, 35.150419402101683 ], [ 129.059310373321154, 35.150416593875946 ], [ 129.059197124722601, 35.150416551294548 ], [ 129.05885818462238, 35.150416421562731 ], [ 129.058609758414804, 35.150417349701421 ], [ 129.058459711888531, 35.150416135344706 ], [ 129.058250092480705, 35.150414437493993 ], [ 129.058002799858059, 35.150418052827391 ], [ 129.057997210582954, 35.150418133728728 ], [ 129.057859627104364, 35.150426841925835 ], [ 129.057680186542001, 35.150438198864933 ], [ 129.057655605852148, 35.150439755549996 ], [ 129.05751028700081, 35.150447800054813 ], [ 129.057349825510499, 35.150454273709499 ], [ 129.05722262869881, 35.150459349412557 ], [ 129.057126541398077, 35.150463183901415 ], [ 129.057063960354384, 35.150465680625885 ], [ 129.057024657374086, 35.150467447153048 ], [ 129.057024985094131, 35.15046580742284 ], [ 129.056809942125, 35.15047710315212 ], [ 129.056544290615903, 35.150486949848592 ], [ 129.056486064464309, 35.150559652678389 ], [ 129.056550045598726, 35.150575847541774 ], [ 129.056657892513556, 35.150603150918698 ], [ 129.056599369525259, 35.150661479663576 ], [ 129.056362855144641, 35.150897217456539 ], [ 129.056245544700204, 35.150998883384034 ], [ 129.056232454827239, 35.151010225182844 ], [ 129.056190371906894, 35.151048011257025 ], [ 129.056097188571329, 35.15113024848344 ], [ 129.055979055022732, 35.151233343863112 ], [ 129.055627114685734, 35.151540486161842 ], [ 129.055507302289385, 35.151631225366621 ], [ 129.0552357806435, 35.151828365457909 ], [ 129.055017481951182, 35.151986861316466 ], [ 129.054860494328381, 35.152100840917072 ], [ 129.054842998277735, 35.152113542850614 ], [ 129.054555030841328, 35.152322617952173 ], [ 129.054516237611892, 35.152354114893853 ], [ 129.054268612903229, 35.152555172028592 ], [ 129.053754866775279, 35.15297230303252 ], [ 129.053610228383491, 35.153162180548698 ], [ 129.053471617185551, 35.153344142916431 ], [ 129.053335147692906, 35.153523303414936 ], [ 129.053248614626398, 35.153697477706224 ], [ 129.053218808313943, 35.153757468851133 ], [ 129.053121023943078, 35.15384353606045 ], [ 129.053093840517391, 35.15386814507648 ], [ 129.053064085449819, 35.153895957113811 ], [ 129.053041391357681, 35.153917184329025 ], [ 129.0530295223368, 35.153927943925723 ], [ 129.052962420352202, 35.15398989540774 ], [ 129.05295798891143, 35.153993899462542 ], [ 129.052939626808296, 35.15401045578723 ], [ 129.052863255057929, 35.154080964209456 ], [ 129.052841095818167, 35.154101515537725 ], [ 129.052812386462818, 35.15412815554204 ], [ 129.052809892402337, 35.154130473091428 ], [ 129.052798470237178, 35.154141238658589 ], [ 129.052789718495177, 35.154149435571043 ], [ 129.052765260363856, 35.154172178412395 ], [ 129.052731378251082, 35.154203676755607 ], [ 129.052665741638918, 35.15426471760177 ], [ 129.052664864402914, 35.15426552136006 ], [ 129.052581560091141, 35.154341718359795 ], [ 129.052563408529949, 35.154358097017898 ], [ 129.052559617811255, 35.154357287272042 ], [ 129.05255092974329, 35.154369357563951 ], [ 129.052514386927669, 35.154402328015394 ], [ 129.052502901490612, 35.154413869749646 ], [ 129.05247091778466, 35.154443430476796 ], [ 129.052422317027606, 35.154489420492261 ], [ 129.052405986539526, 35.154504984176214 ], [ 129.052351682356772, 35.154555582348941 ], [ 129.052288193000976, 35.154615494612585 ], [ 129.052262363725987, 35.154639870608037 ], [ 129.051997065646418, 35.154903485987859 ], [ 129.05198547495857, 35.154894467836513 ], [ 129.051702898641508, 35.155217894881972 ], [ 129.05170998696056, 35.155250309777763 ], [ 129.051641036825885, 35.155262397307247 ], [ 129.051575230590373, 35.155259558968055 ], [ 129.051555958232257, 35.155212487598199 ], [ 129.051517151573137, 35.155226123803153 ], [ 129.051517084770012, 35.155245152208906 ], [ 129.051493039934741, 35.155245006675699 ], [ 129.051465741741424, 35.15526281236243 ], [ 129.051448912546533, 35.155264213526429 ], [ 129.051421251909971, 35.155266517077216 ], [ 129.051395624026327, 35.155281345882123 ], [ 129.051180460899843, 35.155290500111427 ], [ 129.051184047322693, 35.155273435417911 ], [ 129.051212484609096, 35.155248259882512 ], [ 129.051181357215569, 35.155248546696086 ], [ 129.0509708049442, 35.155266895618958 ], [ 129.050969645384612, 35.15527023559914 ], [ 129.050914709327145, 35.155262809180755 ], [ 129.050878237571482, 35.15525788001392 ], [ 129.050812382437414, 35.155234534793408 ], [ 129.050762468451325, 35.155197239526672 ], [ 129.050742689251933, 35.155179832931573 ], [ 129.050719233482425, 35.155175613447305 ], [ 129.050682453733003, 35.155169030105007 ], [ 129.050651468070669, 35.155148035195694 ], [ 129.050481851840374, 35.155037650441635 ], [ 129.050436346969377, 35.155016729519801 ], [ 129.050394440467841, 35.155010951929469 ], [ 129.050390389930641, 35.155014269400439 ], [ 129.050380848244345, 35.155020600004519 ], [ 129.050303560848789, 35.15507264098877 ], [ 129.050297157967208, 35.155076898286403 ], [ 129.050266484739723, 35.155097299355631 ], [ 129.050241937968792, 35.155071044895088 ], [ 129.05008772236414, 35.155156119734485 ], [ 129.050048376263277, 35.155268812228812 ], [ 129.050090875992936, 35.155322285571337 ], [ 129.050105653033597, 35.155319764911944 ], [ 129.050094047451637, 35.15535474077479 ], [ 129.050073847724491, 35.155415616233348 ], [ 129.050058245211204, 35.155441230442982 ], [ 129.050079063201451, 35.15545726603429 ], [ 129.050022353156976, 35.155543358754116 ], [ 129.049999794741353, 35.155578052808949 ], [ 129.049961034297382, 35.155637665473236 ], [ 129.049942636422287, 35.155760313223389 ], [ 129.049957599206436, 35.155765958780663 ], [ 129.050045318100558, 35.155879252288223 ], [ 129.05005548492889, 35.155892383051111 ], [ 129.050064920291135, 35.155904571074451 ], [ 129.050070009076279, 35.15589816854672 ], [ 129.050118132626466, 35.155837154843482 ], [ 129.050130124230748, 35.155868290818269 ], [ 129.050174301807971, 35.15598297991977 ], [ 129.050219199816553, 35.156055728662167 ], [ 129.050342106130955, 35.156203869591778 ], [ 129.050364834990091, 35.156231265285129 ], [ 129.050367143278748, 35.156234308423542 ], [ 129.05036609242876, 35.156237940931007 ], [ 129.050354272430127, 35.156278742147663 ], [ 129.050414979111707, 35.156408280961969 ], [ 129.050443935381537, 35.156470062725482 ], [ 129.050471511422046, 35.156528357595072 ], [ 129.050547506657921, 35.156689005390987 ], [ 129.050648182123496, 35.156885489889675 ], [ 129.050761911969715, 35.157107454320609 ], [ 129.050781609037159, 35.157145898283403 ], [ 129.050705728459604, 35.157422987353058 ], [ 129.05068854426338, 35.157485642834679 ], [ 129.050675717903971, 35.157532420197313 ], [ 129.050679922628063, 35.157533576327317 ], [ 129.051061190100256, 35.157610019841165 ], [ 129.052541848028653, 35.157629143744124 ], [ 129.052609406127061, 35.15763001611036 ], [ 129.052676443734583, 35.157630882488263 ], [ 129.052676773144441, 35.157630885478603 ], [ 129.053064165254312, 35.157632068055854 ], [ 129.053416437452483, 35.157633140798936 ], [ 129.053518709666434, 35.157633452053034 ], [ 129.053745777653177, 35.157634143326206 ], [ 129.054150607714689, 35.157635375536515 ], [ 129.054729195690214, 35.157637132477873 ], [ 129.05473282317584, 35.157637143620427 ], [ 129.055254922695099, 35.157638726891442 ], [ 129.056532976648214, 35.157642594613328 ], [ 129.057190717822067, 35.157644579458328 ], [ 129.057767598160012, 35.157646318581648 ], [ 129.057771518763815, 35.15764632946992 ], [ 129.057777872346776, 35.157646348739249 ], [ 129.058463206984158, 35.157648409978137 ], [ 129.059113397550476, 35.157650361607736 ], [ 129.05912243111527, 35.157650388686264 ], [ 129.059300198472954, 35.157655811833656 ], [ 129.060675739118011, 35.157697768408298 ], [ 129.062296986086437, 35.157747200172629 ], [ 129.062301517436538, 35.157233768603732 ], [ 129.062301714992969, 35.157220159906494 ], [ 129.062307368488518, 35.156833205668654 ], [ 129.062311187627245, 35.156491093048274 ], [ 129.062311605896383, 35.156453661948355 ], [ 129.062313287607992, 35.156303470402804 ], [ 129.062313449058536, 35.15628889204023 ] ] ] } },
{ "type": "Feature", "properties": { "BASE_DATE": "20250630", "ADM_CD": "21050540", "ADM_NM": "연지동" }, "geometry": { "type": "Polygon", "coordinates": [ [ [ 129.055751730528868, 35.176931905129948 ], [ 129.055779600039699, 35.176910106920161 ], [ 129.055816282412337, 35.176918475888463 ], [ 129.055845456246146, 35.176925130890204 ], [ 129.055871834292304, 35.176921874396122 ], [ 129.055905027411995, 35.176900424302055 ], [ 129.055968360418149, 35.17686856199748 ], [ 129.056079498107437, 35.176783352320882 ], [ 129.056086223543218, 35.176778202487426 ], [ 129.05613154096352, 35.176743460152721 ], [ 129.056131635361794, 35.176734701649728 ], [ 129.056131770331859, 35.176722195554689 ], [ 129.05613236727558, 35.176666984408683 ], [ 129.056132892893629, 35.176618343273368 ], [ 129.056175056255938, 35.176578462633039 ], [ 129.056354739325627, 35.176408496437908 ], [ 129.056404093755987, 35.176361811752635 ], [ 129.056591941190931, 35.176184122620576 ], [ 129.05663938724706, 35.17613924304105 ], [ 129.056719661745319, 35.176146651080352 ], [ 129.057409802677768, 35.176237435493675 ], [ 129.057527687260176, 35.176251014951383 ], [ 129.057679757075562, 35.1762685318743 ], [ 129.057658558640611, 35.175663834833983 ], [ 129.057642425610425, 35.17520357372323 ], [ 129.058068917401414, 35.174932284242942 ], [ 129.058184675346979, 35.174855645194469 ], [ 129.058375999550833, 35.174728976423843 ], [ 129.059084462591926, 35.174259925541932 ], [ 129.059371200482161, 35.174070082059558 ], [ 129.059435216236778, 35.174027699173003 ], [ 129.059450469573534, 35.174018795957323 ], [ 129.059454156272352, 35.174016350214394 ], [ 129.059465184927461, 35.174009034126698 ], [ 129.059481146180474, 35.173998446609282 ], [ 129.059778363775166, 35.17382737027777 ], [ 129.05997953104071, 35.173709925489774 ], [ 129.060209197712936, 35.173584087125221 ], [ 129.060215737325052, 35.173580502843542 ], [ 129.060225339450255, 35.173589332073064 ], [ 129.06022755571604, 35.173590673959566 ], [ 129.060244097157693, 35.173600688654894 ], [ 129.060247915396388, 35.173603634594009 ], [ 129.060348530116187, 35.17356018464325 ], [ 129.060320757415582, 35.173525560203664 ], [ 129.06031939465629, 35.173523085725684 ], [ 129.060398528196174, 35.173478670087107 ], [ 129.060434406586523, 35.173530751526727 ], [ 129.060473072194156, 35.1735868704911 ], [ 129.060474385666112, 35.173588776689684 ], [ 129.060665572317049, 35.173866274841778 ], [ 129.060935848136353, 35.174088623640671 ], [ 129.060969595002575, 35.174120848392015 ], [ 129.060992896340338, 35.174144992352296 ], [ 129.061011000021949, 35.174162388976988 ], [ 129.061013096236081, 35.17416439958356 ], [ 129.061015053807722, 35.174166280342909 ], [ 129.061035060260053, 35.174066680044731 ], [ 129.061067902498934, 35.173903190665492 ], [ 129.061069012485291, 35.173897669355604 ], [ 129.060998816754989, 35.173815023373201 ], [ 129.060972428534711, 35.173791149109405 ], [ 129.060887462702652, 35.173714287895287 ], [ 129.060667850605711, 35.173400670268485 ], [ 129.060697842860407, 35.173382001011781 ], [ 129.060705937436524, 35.173376701647662 ], [ 129.060732829928497, 35.173359069504926 ], [ 129.060727619133814, 35.173335202656197 ], [ 129.060726637674435, 35.173330732525294 ], [ 129.060718976111872, 35.173294806738809 ], [ 129.060700699576756, 35.173209070642137 ], [ 129.06070018249207, 35.173206720510748 ], [ 129.060699840673436, 35.173205152516914 ], [ 129.060692317885128, 35.173170626033318 ], [ 129.060685169254555, 35.173137865479234 ], [ 129.060632205543982, 35.173022033611851 ], [ 129.060611974983829, 35.172977792897612 ], [ 129.060962091808364, 35.172500715230775 ], [ 129.061772208584642, 35.172122585429108 ], [ 129.061779291363706, 35.172119278967081 ], [ 129.062013810974776, 35.172009812719004 ], [ 129.062283828771854, 35.171765796015535 ], [ 129.062555328059915, 35.171520441460835 ], [ 129.06255333830245, 35.17152043467545 ], [ 129.062549746819599, 35.171520500848935 ], [ 129.062537930911049, 35.171527786797498 ], [ 129.062509215503269, 35.171543980449258 ], [ 129.062479677172348, 35.17155917311073 ], [ 129.062449400750637, 35.17157332221305 ], [ 129.062421253910173, 35.171585260146834 ], [ 129.062391119184923, 35.171596830620025 ], [ 129.062360444865476, 35.17160740185588 ], [ 129.062330770169297, 35.171616503195011 ], [ 129.062300697567281, 35.171624664778122 ], [ 129.062270253165167, 35.171631873645602 ], [ 129.062239498058972, 35.171638109173792 ], [ 129.062208480551107, 35.171643370739353 ], [ 129.062178802152289, 35.171647459166145 ], [ 129.062148957348001, 35.171650655340109 ], [ 129.062118992107258, 35.1716529514553 ], [ 129.062088948111324, 35.171654345170815 ], [ 129.062058803440522, 35.171654838572479 ], [ 129.062027046130254, 35.171654375426655 ], [ 129.061995421239914, 35.171652913389536 ], [ 129.061964012545303, 35.171650469412846 ], [ 129.061932758503929, 35.171647040683993 ], [ 129.061900130323266, 35.171642380044737 ], [ 129.061869290252787, 35.171636942594333 ], [ 129.061838725971796, 35.171630538665241 ], [ 129.06180698514072, 35.171622784871396 ], [ 129.061775648327028, 35.171613994422927 ], [ 129.061746222874518, 35.171604670812918 ], [ 129.061717258431997, 35.171594419810468 ], [ 129.061688797197974, 35.17158326611672 ], [ 129.061660872485106, 35.171571229137726 ], [ 129.061648520169143, 35.171565399958602 ], [ 129.061647711323616, 35.171565019091929 ], [ 129.061647600958253, 35.171518256067884 ], [ 129.061644787380317, 35.17028671785431 ], [ 129.061605002801656, 35.170283658692497 ], [ 129.061588319221244, 35.170282375345408 ], [ 129.061457923479793, 35.170205878423289 ], [ 129.060642045222977, 35.169727246842811 ], [ 129.060568737922154, 35.169816065538797 ], [ 129.060579992066096, 35.169835348314592 ], [ 129.060585665074086, 35.169847910311539 ], [ 129.060597783734835, 35.169874739201703 ], [ 129.060595420777531, 35.169935292615015 ], [ 129.060606418175439, 35.17001881627391 ], [ 129.060637232956367, 35.170083176094337 ], [ 129.060641704441423, 35.170116288533769 ], [ 129.060665312920946, 35.170148986668053 ], [ 129.060683150809894, 35.170204347980082 ], [ 129.060749739406504, 35.170333876411725 ], [ 129.060763369527052, 35.170539847391048 ], [ 129.060755351883842, 35.170620161125605 ], [ 129.060575973813826, 35.170743942354115 ], [ 129.060473933348248, 35.170789708126321 ], [ 129.060394625979512, 35.170793748547148 ], [ 129.060211400111967, 35.170753322565851 ], [ 129.060110375298734, 35.170646056298438 ], [ 129.060077770221909, 35.170552348713024 ], [ 129.060079373811959, 35.17054950062176 ], [ 129.060098967869408, 35.170519096730139 ], [ 129.060124048033146, 35.170480210185467 ], [ 129.060184613982273, 35.170419610247009 ], [ 129.060184306028731, 35.170370620979369 ], [ 129.060153971903361, 35.170333129904058 ], [ 129.060123146934444, 35.170315577835211 ], [ 129.0601055483192, 35.170326284799955 ], [ 129.0600553367685, 35.170288038153863 ], [ 129.059994137600569, 35.170247787196296 ], [ 129.059934084767065, 35.170232708690278 ], [ 129.05989980351282, 35.170235168035056 ], [ 129.059740923890246, 35.170248873882535 ], [ 129.059663620186427, 35.170278690158014 ], [ 129.059587263816496, 35.170324650955052 ], [ 129.059480376600646, 35.170363974125316 ], [ 129.059399057236675, 35.170377632879209 ], [ 129.05938470480217, 35.170417922894991 ], [ 129.058759987277114, 35.170429075625222 ], [ 129.058746565461178, 35.1701552919126 ], [ 129.058677378475068, 35.170106902410851 ], [ 129.058618899239633, 35.170037336999243 ], [ 129.058563974859197, 35.169952898003274 ], [ 129.058546900920334, 35.169884673235629 ], [ 129.058528835000885, 35.169777473997414 ], [ 129.058470233554118, 35.169673640045787 ], [ 129.058427498695721, 35.169592374651415 ], [ 129.058421699968278, 35.169566302702592 ], [ 129.058412804933653, 35.169501110252533 ], [ 129.058328511783486, 35.169409419652709 ], [ 129.058316801816915, 35.169344239970769 ], [ 129.058314627156989, 35.169306001999722 ], [ 129.058312310551543, 35.169265273816421 ], [ 129.058345575248723, 35.169211519424167 ], [ 129.058410170250283, 35.169078025979864 ], [ 129.058450998917266, 35.168912138888217 ], [ 129.058438571019281, 35.168877000941549 ], [ 129.058419376246832, 35.168871611095767 ], [ 129.058349450726666, 35.168802979013044 ], [ 129.058292824334643, 35.168753342110897 ], [ 129.058240638858365, 35.168674848948726 ], [ 129.058153164489397, 35.1686015558275 ], [ 129.058061630336965, 35.168508948372839 ], [ 129.057979525867466, 35.168456970327476 ], [ 129.057869554226244, 35.168399217961358 ], [ 129.057814695530624, 35.168346784746923 ], [ 129.05772676723987, 35.168277285691197 ], [ 129.057711827507006, 35.168276336409924 ], [ 129.057632809715642, 35.16818503003725 ], [ 129.057582026299258, 35.168113215668818 ], [ 129.057559304892237, 35.168033555256933 ], [ 129.05754543323647, 35.167961147150557 ], [ 129.057535164669332, 35.167873053445817 ], [ 129.05751688729535, 35.167822371193061 ], [ 129.057520269608034, 35.167807315954754 ], [ 129.05753375696932, 35.167755031476091 ], [ 129.057536145401826, 35.167701796984083 ], [ 129.057527989360892, 35.167669198815211 ], [ 129.057505832725809, 35.167643320943945 ], [ 129.05749174336583, 35.167648150812639 ], [ 129.057448302647828, 35.167597929184282 ], [ 129.05738097540916, 35.16753670494824 ], [ 129.057283428650123, 35.16745941312557 ], [ 129.057191314845369, 35.167371410611523 ], [ 129.057173969955699, 35.167350957985128 ], [ 129.057091799509323, 35.167253504938685 ], [ 129.05699447034479, 35.167157186182088 ], [ 129.056971832481366, 35.16713807103087 ], [ 129.056929883531524, 35.167156160963934 ], [ 129.056898435460539, 35.167169523113543 ], [ 129.056830004203249, 35.167198597799306 ], [ 129.056806025758931, 35.167221702236006 ], [ 129.05675979248818, 35.167277579404875 ], [ 129.056724873152064, 35.167333136222361 ], [ 129.056677939720231, 35.167355628666691 ], [ 129.056657709651802, 35.16735926249391 ], [ 129.056601861432881, 35.167442626933877 ], [ 129.056553016509525, 35.167474403394507 ], [ 129.056499113596146, 35.167526191976599 ], [ 129.056473838132348, 35.167566169448676 ], [ 129.056452088572712, 35.167642515677713 ], [ 129.056458127159715, 35.167739975643478 ], [ 129.056470683087099, 35.167868413988643 ], [ 129.056458450258503, 35.167895190219951 ], [ 129.056325519974735, 35.168186142774999 ], [ 129.056206032583759, 35.168373039385358 ], [ 129.056191300569651, 35.168375154511693 ], [ 129.05600047849282, 35.168551798398198 ], [ 129.055986606348455, 35.168569309099752 ], [ 129.055943392504645, 35.168623868692713 ], [ 129.055883392101691, 35.16868474599449 ], [ 129.055842568426243, 35.168717807602413 ], [ 129.055697000368184, 35.16878370780762 ], [ 129.055686473624377, 35.168745595085547 ], [ 129.055614700357637, 35.168640015661303 ], [ 129.055518471450995, 35.168513265015008 ], [ 129.055349428891333, 35.16829059523922 ], [ 129.055194633978545, 35.168284441546646 ], [ 129.055197857078412, 35.16816575597268 ], [ 129.05516475412216, 35.168142299291752 ], [ 129.05477587002747, 35.167938719974465 ], [ 129.054706206387408, 35.167921129520721 ], [ 129.054638942188006, 35.167889655944229 ], [ 129.054587049078833, 35.167842457561854 ], [ 129.054542887234277, 35.167788873921054 ], [ 129.054401210603231, 35.167673391510171 ], [ 129.054329147616784, 35.167601024767514 ], [ 129.054251923366309, 35.16754614866359 ], [ 129.054135878770609, 35.167409553151259 ], [ 129.054106424355894, 35.167357387276276 ], [ 129.054042107916217, 35.167329265572164 ], [ 129.053941383414809, 35.167309489209366 ], [ 129.053856189571832, 35.167284450085539 ], [ 129.053818794861542, 35.167273488454889 ], [ 129.053740455029072, 35.167258396198129 ], [ 129.053689729765921, 35.167253604832254 ], [ 129.053646191788857, 35.167260122965573 ], [ 129.053529212851458, 35.167227636546265 ], [ 129.053441023400723, 35.167203145861251 ], [ 129.053349848307505, 35.16719803467246 ], [ 129.053289264590347, 35.167194638138248 ], [ 129.053198235323237, 35.167188938018725 ], [ 129.053195937813001, 35.167188793472519 ], [ 129.053133547667898, 35.167173027440541 ], [ 129.053116009652967, 35.167169846071779 ], [ 129.052990293135025, 35.167147046238242 ], [ 129.052916862326612, 35.167133729776111 ], [ 129.052895896722674, 35.167129926937676 ], [ 129.052867133972796, 35.167209943673804 ], [ 129.052867537271709, 35.167259101321235 ], [ 129.052849220613155, 35.167259779758623 ], [ 129.052847569859637, 35.167264372971943 ], [ 129.052771694560789, 35.167475443612496 ], [ 129.05276835024182, 35.167484746893081 ], [ 129.052784494180344, 35.167488579112685 ], [ 129.052801253220082, 35.167538446701037 ], [ 129.052754639256335, 35.167660846003763 ], [ 129.052705382665152, 35.167655580988892 ], [ 129.052645054148371, 35.167818952880289 ], [ 129.052651948377076, 35.16788057317136 ], [ 129.052739320900599, 35.167909655058274 ], [ 129.05270617298001, 35.167945004670365 ], [ 129.052698243718964, 35.167953455204689 ], [ 129.052676516359725, 35.167997434633875 ], [ 129.052617158073133, 35.168087110255598 ], [ 129.052578779508877, 35.168150773326737 ], [ 129.052514791080483, 35.168256923808578 ], [ 129.052499245187903, 35.168282708884036 ], [ 129.05246165521342, 35.16834506529932 ], [ 129.052412249420627, 35.168427043356459 ], [ 129.052395753168895, 35.168454417510695 ], [ 129.052371034938119, 35.168537287259966 ], [ 129.052336563342209, 35.168652857068174 ], [ 129.052313281877048, 35.168730911841301 ], [ 129.052298116323726, 35.168781738650878 ], [ 129.052268157877535, 35.169004085576617 ], [ 129.05226167294677, 35.169089970995124 ], [ 129.052258142453013, 35.169136736601359 ], [ 129.052253236307422, 35.1692017052452 ], [ 129.052208181530574, 35.169374623004991 ], [ 129.052150269522144, 35.169469816628862 ], [ 129.052107303008682, 35.169540437443338 ], [ 129.052101194063937, 35.169544846149954 ], [ 129.052076654180638, 35.169562549928038 ], [ 129.052000889469781, 35.169587957104163 ], [ 129.051940534953843, 35.169602951560414 ], [ 129.05193441719598, 35.169604470722334 ], [ 129.051887673524988, 35.169615478746259 ], [ 129.051859499785508, 35.169622121250512 ], [ 129.05178445634121, 35.169633719058723 ], [ 129.051712334201426, 35.169641767633721 ], [ 129.051693238658203, 35.169643898453117 ], [ 129.051649774119568, 35.169646382958568 ], [ 129.051528806008804, 35.169524284578678 ], [ 129.051527559850996, 35.169525039860538 ], [ 129.051493018972621, 35.169546197670002 ], [ 129.051477337557742, 35.169533729179051 ], [ 129.05138600804267, 35.169464849680935 ], [ 129.051371316007078, 35.169454175322009 ], [ 129.051262706223383, 35.169354772287249 ], [ 129.051158374085162, 35.169255462226609 ], [ 129.051051628038493, 35.169157499331789 ], [ 129.051039436011308, 35.169146870451662 ], [ 129.051028728880397, 35.169137534391659 ], [ 129.050999790999072, 35.169111686258674 ], [ 129.050991443355827, 35.169101592381828 ], [ 129.05099015546449, 35.169100034669434 ], [ 129.05097426316317, 35.169085935099361 ], [ 129.050895361027983, 35.169012741461401 ], [ 129.050673568972883, 35.168804637862245 ], [ 129.050643243184055, 35.168809653187196 ], [ 129.05051411464774, 35.168834401971331 ], [ 129.050438988705139, 35.168832143198159 ], [ 129.050417171897351, 35.168828459926843 ], [ 129.050365215159673, 35.168819687923147 ], [ 129.050343358621518, 35.168816687663508 ], [ 129.050309059221831, 35.168813898069153 ], [ 129.05029493917786, 35.168812749845728 ], [ 129.050258353206573, 35.168815946423855 ], [ 129.050254871148127, 35.168816334507305 ], [ 129.050246916482791, 35.168822192187733 ], [ 129.050243539042981, 35.168824678774477 ], [ 129.050234460706321, 35.168824614656657 ], [ 129.050183968024498, 35.168824251155634 ], [ 129.050122984261805, 35.16879087252515 ], [ 129.050071566842462, 35.168753359275343 ], [ 129.050030187302752, 35.168723307263114 ], [ 129.050009840906284, 35.16870852524967 ], [ 129.050002959941878, 35.168694707827619 ], [ 129.04999606229751, 35.168686490500079 ], [ 129.049926977205928, 35.168601134115661 ], [ 129.049892919090951, 35.168559042965654 ], [ 129.049890435882958, 35.168563983994382 ], [ 129.049826442753471, 35.168571041128452 ], [ 129.049717996889797, 35.168610528035614 ], [ 129.049647198999054, 35.168636308366672 ], [ 129.049588684659369, 35.168620503547054 ], [ 129.049558169803646, 35.16862278824803 ], [ 129.04955575106095, 35.16862296886125 ], [ 129.049518037056117, 35.168625794661217 ], [ 129.049444327815564, 35.168663817178626 ], [ 129.049440238615603, 35.168672020022392 ], [ 129.04943769824763, 35.168677827316252 ], [ 129.049436981498047, 35.168679460280451 ], [ 129.049426291781543, 35.168703841254484 ], [ 129.049377871757798, 35.168688293080386 ], [ 129.049339393502379, 35.168688166822641 ], [ 129.049289696568906, 35.168681822324956 ], [ 129.049274799119303, 35.168679918462239 ], [ 129.049264822703179, 35.16867864227887 ], [ 129.049205029371564, 35.168671005064724 ], [ 129.049191265909514, 35.168672676886004 ], [ 129.049157481732948, 35.168676783979748 ], [ 129.049131418322531, 35.168679948404254 ], [ 129.049122378455081, 35.1686810431776 ], [ 129.049113647714961, 35.168676033722022 ], [ 129.049028835812976, 35.16868218733822 ], [ 129.049014563425885, 35.168680183484852 ], [ 129.048980180391055, 35.168676336996931 ], [ 129.048944065468845, 35.16867229806644 ], [ 129.048923817510428, 35.168684982072612 ], [ 129.048877603230636, 35.168713939474479 ], [ 129.048826691575101, 35.168729922395414 ], [ 129.048775986603118, 35.168744993831979 ], [ 129.048766547523428, 35.168747792312054 ], [ 129.048727258125638, 35.168759434994463 ], [ 129.048641044549356, 35.168740954518924 ], [ 129.048467759424966, 35.168659724614422 ], [ 129.04846344549884, 35.168657702466597 ], [ 129.048434049503243, 35.168652693903944 ], [ 129.048395934793234, 35.168645913344157 ], [ 129.048394938183748, 35.168645585278085 ], [ 129.04833980080727, 35.168627601671517 ], [ 129.0483408281236, 35.168627348710359 ], [ 129.048370201304891, 35.168620036222094 ], [ 129.048371307298396, 35.168619763321061 ], [ 129.048390777217548, 35.168614916206387 ], [ 129.048396615136284, 35.168613463012086 ], [ 129.048376351769491, 35.168594993887332 ], [ 129.048322357632458, 35.168554840459478 ], [ 129.048297921731972, 35.168536824075595 ], [ 129.048289126803553, 35.168530336744091 ], [ 129.048288080039981, 35.168529563924281 ], [ 129.048201326352881, 35.168491495402584 ], [ 129.048199832604951, 35.168481740172169 ], [ 129.048205835315855, 35.168466508320186 ], [ 129.048167398321681, 35.168436814750763 ], [ 129.048160650212168, 35.1684316671804 ], [ 129.048110158179213, 35.168393156696112 ], [ 129.048088128959705, 35.168385439220671 ], [ 129.048072330479698, 35.16837990423214 ], [ 129.048010932750401, 35.168358394062587 ], [ 129.04794294851618, 35.168334814103943 ], [ 129.047939102390984, 35.168333430607248 ], [ 129.047698283207467, 35.168246953417913 ], [ 129.047679408361887, 35.168259443857373 ], [ 129.047678343485074, 35.168260148096586 ], [ 129.047372301101774, 35.168462709759034 ], [ 129.047303309983675, 35.168508373136653 ], [ 129.047272950250658, 35.168528466535733 ], [ 129.04726812151398, 35.16853166581943 ], [ 129.047006540025734, 35.168568385785441 ], [ 129.046985745069748, 35.168570641252799 ], [ 129.04687002388701, 35.168583190164199 ], [ 129.046820550090388, 35.16858855548432 ], [ 129.046693759168164, 35.168626916178269 ], [ 129.046429104563288, 35.168706988278821 ], [ 129.046312331057749, 35.168742317491912 ], [ 129.046324948298178, 35.168844788192779 ], [ 129.046254775398552, 35.16885940027985 ], [ 129.046254577345394, 35.168869468355446 ], [ 129.046252552237803, 35.168972144035713 ], [ 129.046216996235728, 35.168973790807506 ], [ 129.046219430709726, 35.169025644537449 ], [ 129.046157381216688, 35.169040693823227 ], [ 129.046175125019346, 35.169100200601456 ], [ 129.046131270845621, 35.169110111934557 ], [ 129.046124601179145, 35.169127429506091 ], [ 129.046127216294906, 35.16913727142871 ], [ 129.046121503209832, 35.169152107285036 ], [ 129.046119495938399, 35.169157319858407 ], [ 129.046115319075113, 35.169168566638511 ], [ 129.04608027948106, 35.169177601763984 ], [ 129.046097577888929, 35.169207437825875 ], [ 129.046090890841953, 35.169222504303306 ], [ 129.046076921319695, 35.169239572450266 ], [ 129.046050023343952, 35.169267396819251 ], [ 129.046005027866016, 35.169324265776069 ], [ 129.046021642176044, 35.169374339949243 ], [ 129.046107388648892, 35.169360894213952 ], [ 129.046114538291022, 35.169380698714406 ], [ 129.046164761825281, 35.169426036823261 ], [ 129.046168924138925, 35.169429794779816 ], [ 129.046176336958212, 35.169468078870203 ], [ 129.046176899325673, 35.169470988390948 ], [ 129.046176630498906, 35.169520869651699 ], [ 129.046176530030749, 35.169539339462347 ], [ 129.046165143778069, 35.169557145513785 ], [ 129.046163476908305, 35.169559749899449 ], [ 129.046080106850042, 35.169536977519094 ], [ 129.046041474640333, 35.169513314817436 ], [ 129.046011445835433, 35.169514212063653 ], [ 129.046012567672165, 35.169540409276991 ], [ 129.045956410264608, 35.169549865411717 ], [ 129.045951141928583, 35.169536056019552 ], [ 129.045907461950605, 35.169543292685979 ], [ 129.045925956880524, 35.169594455449406 ], [ 129.045937445676088, 35.169606132480162 ], [ 129.045949029548638, 35.169622947459004 ], [ 129.046024567901867, 35.16961221518887 ], [ 129.046025625858732, 35.16960192245638 ], [ 129.046144519099158, 35.169590271509911 ], [ 129.046144998951405, 35.169609641830576 ], [ 129.046145132106716, 35.169615050677237 ], [ 129.046136613312541, 35.169631495657441 ], [ 129.046134731975457, 35.16963512520357 ], [ 129.046127268075708, 35.169649525394334 ], [ 129.046097668694699, 35.169666842665706 ], [ 129.046082150025768, 35.169675918905334 ], [ 129.04607813753853, 35.169683554450472 ], [ 129.04603938189635, 35.169757302998967 ], [ 129.046032166024816, 35.169754705618203 ], [ 129.04592954089901, 35.169717768542945 ], [ 129.045916998959797, 35.169745581839535 ], [ 129.045897516508262, 35.169728561132224 ], [ 129.045808136020185, 35.169767919325004 ], [ 129.045799961878004, 35.169792250752231 ], [ 129.045762743980958, 35.169787910294325 ], [ 129.045287881883468, 35.169997029314025 ], [ 129.045280246237382, 35.170000390559288 ], [ 129.044932945116528, 35.170407674983345 ], [ 129.044542940685943, 35.17094992371775 ], [ 129.044333756610882, 35.171240756833839 ], [ 129.044475169774472, 35.171388167731195 ], [ 129.044543213299931, 35.171465995867223 ], [ 129.044605105612675, 35.171536791437077 ], [ 129.044796076534226, 35.171757462005189 ], [ 129.044821645512144, 35.171787010615596 ], [ 129.044903541018385, 35.171854312290506 ], [ 129.044904582794373, 35.171855169052186 ], [ 129.045092544938967, 35.172017895137074 ], [ 129.04556950774392, 35.172431049206452 ], [ 129.04558612337317, 35.172445436880217 ], [ 129.045685026182269, 35.172531098565614 ], [ 129.045892229292065, 35.172705425794263 ], [ 129.045909261150399, 35.172719753110457 ], [ 129.04624651270251, 35.173003490351988 ], [ 129.046365517469781, 35.173158415907459 ], [ 129.046355242528989, 35.173161464705686 ], [ 129.046343210653191, 35.173177730053069 ], [ 129.046333808277666, 35.173190441049258 ], [ 129.046327996789955, 35.173198295219805 ], [ 129.046313836135738, 35.173224610008631 ], [ 129.046302651838658, 35.173245392400048 ], [ 129.046293208931701, 35.173280547612826 ], [ 129.046295459650167, 35.173301520907735 ], [ 129.046301220967223, 35.173355258855352 ], [ 129.046272430695979, 35.173462331636671 ], [ 129.04625292630584, 35.173511405389036 ], [ 129.046240081172044, 35.173546017991704 ], [ 129.046236289732519, 35.173556231116585 ], [ 129.046251396029533, 35.173561001587949 ], [ 129.046315483649266, 35.173581321480668 ], [ 129.046318130436561, 35.173582157735979 ], [ 129.046350341463153, 35.173533312122935 ], [ 129.046356133392152, 35.173525351811577 ], [ 129.046381470969862, 35.17350435803916 ], [ 129.04640477998592, 35.173492965230061 ], [ 129.046422394678075, 35.17348587366569 ], [ 129.04644965811093, 35.173474903696466 ], [ 129.046478546004096, 35.173468826734926 ], [ 129.046510806154856, 35.173464263777838 ], [ 129.046563141805478, 35.173473193044039 ], [ 129.046839343072435, 35.173530644788237 ], [ 129.046896809124121, 35.173542598186195 ], [ 129.046975191347997, 35.17355955336798 ], [ 129.047060632315095, 35.173578035808809 ], [ 129.047264080056379, 35.173622040730415 ], [ 129.047264459303079, 35.173622120636097 ], [ 129.04728013610449, 35.173625413168473 ], [ 129.047280916639238, 35.173625577206131 ], [ 129.047312237328981, 35.173632163586674 ], [ 129.047362430960504, 35.173657147735653 ], [ 129.047383084658435, 35.173670083362431 ], [ 129.047413256085491, 35.173694244995474 ], [ 129.047420335584093, 35.173700923800247 ], [ 129.047437714592036, 35.173717320152704 ], [ 129.047466847976523, 35.173758203611513 ], [ 129.047472432512649, 35.173767346673046 ], [ 129.047482077439469, 35.173783139493075 ], [ 129.047500378366834, 35.173824827648033 ], [ 129.047505027159389, 35.173848675248031 ], [ 129.047507998007575, 35.173863942961077 ], [ 129.047520057459252, 35.173896181786461 ], [ 129.047536806916042, 35.173929298349776 ], [ 129.047568253903592, 35.173978574124639 ], [ 129.047587998693643, 35.1739946471995 ], [ 129.047600596636101, 35.174007557703135 ], [ 129.047627363343878, 35.174028774863871 ], [ 129.04764120044851, 35.174039685992696 ], [ 129.047648925386852, 35.174046524233567 ], [ 129.047653248558447, 35.174050352205313 ], [ 129.047674094211061, 35.174068135068872 ], [ 129.047745384827181, 35.174111916613768 ], [ 129.047746614684456, 35.174112670867856 ], [ 129.047752315163962, 35.174117095227537 ], [ 129.047803777841523, 35.174140591545012 ], [ 129.047873419098067, 35.1741734738332 ], [ 129.047926783634921, 35.174196155981413 ], [ 129.047939797424476, 35.174201689597382 ], [ 129.047977263395211, 35.174218480977551 ], [ 129.047980243280307, 35.174222520854443 ], [ 129.048054102623411, 35.174256517601599 ], [ 129.048117001960691, 35.174284420701902 ], [ 129.048119733830958, 35.174281518670334 ], [ 129.048261123259721, 35.17434260721474 ], [ 129.048269588077005, 35.174381508804586 ], [ 129.048319689445435, 35.174336621021226 ], [ 129.048330510376246, 35.174326922939926 ], [ 129.048349467842513, 35.174326249595495 ], [ 129.0483917265652, 35.17429136980774 ], [ 129.048551189135139, 35.174110855148214 ], [ 129.048554087165513, 35.174105193869593 ], [ 129.048555358419634, 35.174102688278438 ], [ 129.048612211851861, 35.173991592017934 ], [ 129.048619424577169, 35.173977094817637 ], [ 129.048619582387374, 35.173976788958221 ], [ 129.048627878512491, 35.173960129375033 ], [ 129.048641407786164, 35.173964935940198 ], [ 129.048704933627135, 35.173885315048409 ], [ 129.048714311578124, 35.173870753187281 ], [ 129.048718028907359, 35.173861395659827 ], [ 129.048712526870645, 35.173858982997167 ], [ 129.04875622527959, 35.173777473418944 ], [ 129.048772735772815, 35.1737840748102 ], [ 129.048792247018213, 35.17374655377121 ], [ 129.048796767621695, 35.173744406033514 ], [ 129.048807983857188, 35.173720822622194 ], [ 129.048811132142419, 35.173721351272313 ], [ 129.048825851995957, 35.173696595141493 ], [ 129.048843896222138, 35.173635169628156 ], [ 129.048848753052368, 35.17362724550334 ], [ 129.048889754077379, 35.173586874617804 ], [ 129.048916162088574, 35.173560869929148 ], [ 129.048971375173295, 35.173522117752846 ], [ 129.048987404202563, 35.173510867152835 ], [ 129.04907050778894, 35.173452548566502 ], [ 129.049095351086919, 35.173435115592049 ], [ 129.049100479879399, 35.173424396604759 ], [ 129.049149167161602, 35.17335144784068 ], [ 129.049219005760733, 35.173329923897725 ], [ 129.049298424078103, 35.173305581558026 ], [ 129.04931696121443, 35.173299898706937 ], [ 129.049337477554332, 35.173293606291374 ], [ 129.049398219282693, 35.173264765781099 ], [ 129.04954108306228, 35.173175565035351 ], [ 129.049561057893214, 35.173158736124492 ], [ 129.049625740972488, 35.173104240348238 ], [ 129.04989203280735, 35.173019319322876 ], [ 129.049876191512652, 35.172983122400019 ], [ 129.049851591761353, 35.172926425034035 ], [ 129.049846375028892, 35.172915323595589 ], [ 129.049849667685294, 35.172912526148288 ], [ 129.049864105495459, 35.172900181412281 ], [ 129.049878275448521, 35.172888071815414 ], [ 129.049907894578268, 35.172888437480225 ], [ 129.049910834980551, 35.172872115933934 ], [ 129.049911964141444, 35.172866119323785 ], [ 129.049913494229685, 35.172857989791197 ], [ 129.049927525169466, 35.172846077616377 ], [ 129.049954721945937, 35.172823476994651 ], [ 129.049969675279499, 35.172794966155124 ], [ 129.04999421859111, 35.172801836035589 ], [ 129.050044885451939, 35.172776482635349 ], [ 129.050090122203017, 35.172778995244961 ], [ 129.050126202599444, 35.17278100112572 ], [ 129.05009841411723, 35.172569474774093 ], [ 129.05010295765868, 35.172562293927378 ], [ 129.050108026660325, 35.172554276876781 ], [ 129.050143775683807, 35.172497769126025 ], [ 129.05015144052058, 35.172515088251359 ], [ 129.050150712306078, 35.172528553148048 ], [ 129.050157931748146, 35.172529757249464 ], [ 129.050218184745319, 35.172665958053535 ], [ 129.050220843048209, 35.172671969297269 ], [ 129.050237600900545, 35.172677493511522 ], [ 129.050255779560729, 35.17267647911784 ], [ 129.050257352030172, 35.172684000927049 ], [ 129.050265233731636, 35.172686599444013 ], [ 129.050277307535652, 35.172690573343566 ], [ 129.050314820816453, 35.17270292930052 ], [ 129.050317649668017, 35.172703869527211 ], [ 129.050316946585951, 35.172705644774666 ], [ 129.050279477584382, 35.172763746993638 ], [ 129.050264073675379, 35.172787431928867 ], [ 129.05024525998067, 35.172816361877786 ], [ 129.050172731549168, 35.172791252783384 ], [ 129.050140846782313, 35.17286379844365 ], [ 129.050120111822849, 35.172910909516588 ], [ 129.050109031930646, 35.172932799887171 ], [ 129.050056652086084, 35.172981928061887 ], [ 129.050056313695336, 35.172982669907135 ], [ 129.050034518962974, 35.173030355329097 ], [ 129.050029035778124, 35.173042353762121 ], [ 129.0500010366259, 35.173062716965021 ], [ 129.050003488788917, 35.173102407655882 ], [ 129.050009477519808, 35.173199347466984 ], [ 129.050021958277625, 35.173401400015067 ], [ 129.050040261198291, 35.173697740158772 ], [ 129.050043930888478, 35.173757139703326 ], [ 129.050046679244701, 35.173801613225621 ], [ 129.050056169916076, 35.173955181370999 ], [ 129.050045230916936, 35.174021344211077 ], [ 129.049968809641086, 35.174173793992352 ], [ 129.049837812794635, 35.174302921581791 ], [ 129.049815270026784, 35.174385672790358 ], [ 129.049708862611482, 35.174776331857771 ], [ 129.049667949810242, 35.174926533758061 ], [ 129.049618978568105, 35.175106324889121 ], [ 129.049545352413048, 35.175376629056927 ], [ 129.04950996811931, 35.175506534426439 ], [ 129.049477635747081, 35.175625238851048 ], [ 129.049393296633355, 35.175934876413962 ], [ 129.049332369866022, 35.176158555488783 ], [ 129.049374916493946, 35.17616636182553 ], [ 129.049764208183859, 35.176237804290942 ], [ 129.0501184722076, 35.176302817314635 ], [ 129.050252120387, 35.176327343239919 ], [ 129.050471419922104, 35.176367586483686 ], [ 129.050661267079022, 35.176402424463269 ], [ 129.050681106378192, 35.176406066262778 ], [ 129.051049374174369, 35.176473649824523 ], [ 129.051118249781922, 35.17648628902851 ], [ 129.051164487377008, 35.176503801026833 ], [ 129.051245402339674, 35.176534458712133 ], [ 129.051459292825314, 35.176705997254423 ], [ 129.051481002614167, 35.176723407722136 ], [ 129.051482625091637, 35.176724709591205 ], [ 129.051522670680896, 35.17670535658219 ], [ 129.051588815868854, 35.176700215668838 ], [ 129.051738402239835, 35.176545149549931 ], [ 129.051762456219194, 35.176561795120911 ], [ 129.051774822943173, 35.176550006842028 ], [ 129.051848932844933, 35.176479375675157 ], [ 129.051852745055271, 35.176474676340803 ], [ 129.051878078709763, 35.176443453668512 ], [ 129.051907698133391, 35.176413728633626 ], [ 129.051928181101829, 35.176393173701015 ], [ 129.051947370133604, 35.176369191213475 ], [ 129.051948041599786, 35.17636968119632 ], [ 129.052066005441446, 35.176455676527993 ], [ 129.052194361568212, 35.176547948052523 ], [ 129.052253562899523, 35.17658864144785 ], [ 129.052338726728408, 35.176647183790095 ], [ 129.052324859393735, 35.176658705552271 ], [ 129.052394423457059, 35.176724278382977 ], [ 129.052454198804497, 35.176779784910401 ], [ 129.052467112005644, 35.176791771207014 ], [ 129.052472744779578, 35.17679451741509 ], [ 129.052490341458224, 35.176803100514242 ], [ 129.052488734181424, 35.176806698690399 ], [ 129.052487522925617, 35.176809410019317 ], [ 129.052560870780553, 35.176865485415071 ], [ 129.052574484466959, 35.176866147569285 ], [ 129.052574800746157, 35.17686614892402 ], [ 129.052696261762577, 35.176867069263793 ], [ 129.05271088985333, 35.176870489931709 ], [ 129.052723810473964, 35.176873510539494 ], [ 129.052870431955171, 35.176907837159057 ], [ 129.052879154614288, 35.176909649333226 ], [ 129.052880082866267, 35.176909841192909 ], [ 129.052906146300529, 35.176867178398055 ], [ 129.05295966598257, 35.176779570097445 ], [ 129.05300414489156, 35.176727404421925 ], [ 129.05307057693949, 35.176649494046202 ], [ 129.053105753657661, 35.176568118404084 ], [ 129.053175687876234, 35.176587320067178 ], [ 129.053216106413743, 35.17650881098885 ], [ 129.05331618035018, 35.17630392504693 ], [ 129.053318226542189, 35.176299735186682 ], [ 129.053438094450087, 35.176054351186217 ], [ 129.053439174609963, 35.176052139215955 ], [ 129.053447412124285, 35.176052697129172 ], [ 129.053468010336161, 35.176054093656155 ], [ 129.054207576762593, 35.176104444753825 ], [ 129.054625937492972, 35.176132926449277 ], [ 129.054757325420098, 35.176141870514464 ], [ 129.054934832550543, 35.176135499959145 ], [ 129.05493515198097, 35.176135378648951 ], [ 129.054986206098562, 35.176115920121795 ], [ 129.054983697732951, 35.176136773101909 ], [ 129.054983063639526, 35.176142051127009 ], [ 129.054993824389442, 35.17613706412029 ], [ 129.0550666832074, 35.176103303807679 ], [ 129.055094454779436, 35.176090434707611 ], [ 129.055071866839086, 35.176047591065753 ], [ 129.055054665308546, 35.176014964667317 ], [ 129.055073982229089, 35.176024844349321 ], [ 129.05510384033596, 35.176040117308503 ], [ 129.055144437662221, 35.176062705019426 ], [ 129.055154596849832, 35.176101251621091 ], [ 129.055147813111404, 35.176101381112169 ], [ 129.055153787972756, 35.176125599941841 ], [ 129.055168660254623, 35.176185882324468 ], [ 129.055204066266839, 35.176269188568391 ], [ 129.055262918711691, 35.176338537069874 ], [ 129.055277228700049, 35.17638601304342 ], [ 129.055358820517057, 35.176656680998406 ], [ 129.055401194310775, 35.176717332307248 ], [ 129.055468913595348, 35.176778684077426 ], [ 129.055518418147017, 35.176820350614712 ], [ 129.055751730528868, 35.176931905129948 ] ] ] } },
{ "type": "Feature", "properties": { "BASE_DATE": "20250630", "ADM_CD": "21050550", "ADM_NM": "초읍동" }, "geometry": { "type": "Polygon", "coordinates": [ [ [ 129.040275218169313, 35.199398872631185 ], [ 129.040333848673328, 35.199306894256651 ], [ 129.040599730006136, 35.199327188168368 ], [ 129.040860570129126, 35.199347093951978 ], [ 129.041491236623386, 35.19940357171636 ], [ 129.042640278835023, 35.199328835910968 ], [ 129.042899597205633, 35.199314956455439 ], [ 129.043535533579615, 35.199272399965018 ], [ 129.043581821070433, 35.199269301551638 ], [ 129.043975418528731, 35.199245585128537 ], [ 129.043977220019656, 35.199245474698287 ], [ 129.044126287899502, 35.199441539539819 ], [ 129.044219922320337, 35.199242795775305 ], [ 129.044557489633178, 35.198498720158135 ], [ 129.044594812264705, 35.198415261291139 ], [ 129.04551050826322, 35.197447979055696 ], [ 129.046194893048806, 35.196725017184221 ], [ 129.046317188403464, 35.196595827860676 ], [ 129.048236297296569, 35.19456176425475 ], [ 129.048256483892715, 35.194552455816321 ], [ 129.048244067269422, 35.194520630203947 ], [ 129.048145782441821, 35.19426874460752 ], [ 129.048081466351533, 35.194103911713484 ], [ 129.048079036343353, 35.194097865974392 ], [ 129.047718385677712, 35.193200266985173 ], [ 129.047357642205014, 35.192257376695501 ], [ 129.047325312786228, 35.192170354990736 ], [ 129.04755418634241, 35.191503575045786 ], [ 129.047673252888757, 35.191154645178358 ], [ 129.04763127176841, 35.190760668589803 ], [ 129.047599833494047, 35.190465650739654 ], [ 129.048191340061123, 35.18955189889121 ], [ 129.048300030065604, 35.189383717671546 ], [ 129.048390194770406, 35.189263383384379 ], [ 129.048469838398461, 35.189157086323206 ], [ 129.04861526669896, 35.188962988100869 ], [ 129.048728622542825, 35.188834494961611 ], [ 129.048756783408265, 35.18880256778354 ], [ 129.048902282826134, 35.188637627103162 ], [ 129.04895363301884, 35.188579415388759 ], [ 129.049017038516496, 35.188507537984201 ], [ 129.049038796883764, 35.188482873027461 ], [ 129.049090058867478, 35.188424768774127 ], [ 129.049107340873519, 35.188407345058842 ], [ 129.04923086340392, 35.188282814671339 ], [ 129.04945403224167, 35.188076488569735 ], [ 129.049568234607619, 35.18795187515191 ], [ 129.049987367073669, 35.187687979084032 ], [ 129.050011842040817, 35.18767256750958 ], [ 129.050041443749876, 35.187635538348211 ], [ 129.050072261880217, 35.187596984321679 ], [ 129.050274759429669, 35.187343686305027 ], [ 129.050438540152896, 35.187179038993776 ], [ 129.05043893996617, 35.187178637168351 ], [ 129.050532533733929, 35.187089939789182 ], [ 129.050861695046052, 35.18677799408561 ], [ 129.05091657824488, 35.186725982619535 ], [ 129.050903079405202, 35.186622749603359 ], [ 129.05089339256142, 35.186548641875852 ], [ 129.050841392351316, 35.186168086976707 ], [ 129.050819864871528, 35.186007364975268 ], [ 129.050828207747173, 35.185947820744019 ], [ 129.050835705436924, 35.185894310956812 ], [ 129.050858208813793, 35.185880019015528 ], [ 129.05096342576303, 35.185813186018621 ], [ 129.051064013398644, 35.18574929285802 ], [ 129.051087588745077, 35.185734317251146 ], [ 129.051216842686841, 35.185653649353554 ], [ 129.051268234457893, 35.185049389246458 ], [ 129.051281508943646, 35.184893296581293 ], [ 129.051314525394332, 35.18488514233497 ], [ 129.051638712812064, 35.184805087884897 ], [ 129.051844025409082, 35.18475438774837 ], [ 129.052029612142945, 35.184708559924125 ], [ 129.05209806814733, 35.184691367942186 ], [ 129.052496206366868, 35.184598336789357 ], [ 129.052591677336835, 35.18454473849021 ], [ 129.052616125863892, 35.184532918731612 ], [ 129.052673566216754, 35.184505143086341 ], [ 129.052734610585361, 35.184470946855541 ], [ 129.052763541128257, 35.184460469785513 ], [ 129.052810153029753, 35.184450930840498 ], [ 129.053053957637985, 35.184402740096836 ], [ 129.05310569403261, 35.184392353621789 ], [ 129.053514509953345, 35.184310821905768 ], [ 129.053727918557911, 35.184259908342099 ], [ 129.053741375189844, 35.184256697267656 ], [ 129.053842428603815, 35.184223944486504 ], [ 129.053976361096062, 35.184180528351909 ], [ 129.054625416545605, 35.184045522522446 ], [ 129.054732572393931, 35.184023224099725 ], [ 129.055067154866123, 35.183984603650039 ], [ 129.055068418204485, 35.183984567590464 ], [ 129.055249148175307, 35.183979474918054 ], [ 129.055387047715413, 35.184052658535357 ], [ 129.055555749783935, 35.184206220103988 ], [ 129.055965232045139, 35.184578950193092 ], [ 129.056268399764122, 35.184754686102465 ], [ 129.056538803393124, 35.184508503189413 ], [ 129.056625543757349, 35.184459549940492 ], [ 129.056913405089318, 35.18429710094042 ], [ 129.057180145849145, 35.184148065556052 ], [ 129.057446490383256, 35.184079892327155 ], [ 129.057642489531275, 35.184098095480962 ], [ 129.057890063823862, 35.184121092182771 ], [ 129.057990714800326, 35.184102334930344 ], [ 129.058034993693639, 35.18409408354097 ], [ 129.058741596169909, 35.184127011620291 ], [ 129.059143210036098, 35.184146173549216 ], [ 129.059655187490421, 35.184269576098608 ], [ 129.060011054427832, 35.184356015067976 ], [ 129.060546931868743, 35.18419405226448 ], [ 129.060717255072319, 35.18414099672281 ], [ 129.060852459341305, 35.184098881089547 ], [ 129.06101821783065, 35.184052073475648 ], [ 129.06114139702504, 35.184017447087456 ], [ 129.061187918433774, 35.183891809340636 ], [ 129.061355074869539, 35.183440377924178 ], [ 129.061360979058293, 35.183442002217902 ], [ 129.061374469941228, 35.183445714172151 ], [ 129.061519588625856, 35.183485642097558 ], [ 129.061525529786422, 35.183478005538355 ], [ 129.061774793266835, 35.183157577055326 ], [ 129.061980428073952, 35.182450931112889 ], [ 129.062040089100833, 35.182262050974906 ], [ 129.06206741833887, 35.182175008359124 ], [ 129.062083055257176, 35.182125204027223 ], [ 129.062045742547099, 35.181939219333366 ], [ 129.062033668201764, 35.181879025357006 ], [ 129.062010349511098, 35.181729701447651 ], [ 129.062106057011931, 35.181401029683215 ], [ 129.062187699714343, 35.1811279590531 ], [ 129.06215225720149, 35.18105287632833 ], [ 129.062091272570598, 35.180923672538775 ], [ 129.061951478718498, 35.180627503893987 ], [ 129.061932201625126, 35.180585717073797 ], [ 129.061750202283434, 35.180191144238584 ], [ 129.061560008789968, 35.179778804256252 ], [ 129.06155687462666, 35.179779317112811 ], [ 129.060389680253707, 35.179970206291131 ], [ 129.060152315666784, 35.179587381741754 ], [ 129.059831421667411, 35.179083697890938 ], [ 129.059673426894022, 35.178956041652988 ], [ 129.059406735827963, 35.178740562214557 ], [ 129.058644729115514, 35.178443026353541 ], [ 129.058461328902837, 35.178221542715342 ], [ 129.05825538389422, 35.17797282830383 ], [ 129.058214317294386, 35.177924657462029 ], [ 129.058210907154489, 35.177920662153092 ], [ 129.058200283131157, 35.177908190817426 ], [ 129.057852621471085, 35.177500293248947 ], [ 129.057604843212005, 35.176904461499724 ], [ 129.057609236018209, 35.176837605096331 ], [ 129.057613188870391, 35.176777502863288 ], [ 129.057679757075562, 35.1762685318743 ], [ 129.057527687260176, 35.176251014951383 ], [ 129.057409802677768, 35.176237435493675 ], [ 129.056719661745319, 35.176146651080352 ], [ 129.05663938724706, 35.17613924304105 ], [ 129.056591941190931, 35.176184122620576 ], [ 129.056404093755987, 35.176361811752635 ], [ 129.056354739325627, 35.176408496437908 ], [ 129.056175056255938, 35.176578462633039 ], [ 129.056132892893629, 35.176618343273368 ], [ 129.05613236727558, 35.176666984408683 ], [ 129.056131770331859, 35.176722195554689 ], [ 129.056131635361794, 35.176734701649728 ], [ 129.05613154096352, 35.176743460152721 ], [ 129.056086223543218, 35.176778202487426 ], [ 129.056079498107437, 35.176783352320882 ], [ 129.055968360418149, 35.17686856199748 ], [ 129.055905027411995, 35.176900424302055 ], [ 129.055871834292304, 35.176921874396122 ], [ 129.055845456246146, 35.176925130890204 ], [ 129.055816282412337, 35.176918475888463 ], [ 129.055779600039699, 35.176910106920161 ], [ 129.055751730528868, 35.176931905129948 ], [ 129.055518418147017, 35.176820350614712 ], [ 129.055468913595348, 35.176778684077426 ], [ 129.055401194310775, 35.176717332307248 ], [ 129.055358820517057, 35.176656680998406 ], [ 129.055277228700049, 35.17638601304342 ], [ 129.055262918711691, 35.176338537069874 ], [ 129.055204066266839, 35.176269188568391 ], [ 129.055168660254623, 35.176185882324468 ], [ 129.055153787972756, 35.176125599941841 ], [ 129.055147813111404, 35.176101381112169 ], [ 129.055154596849832, 35.176101251621091 ], [ 129.055144437662221, 35.176062705019426 ], [ 129.05510384033596, 35.176040117308503 ], [ 129.055073982229089, 35.176024844349321 ], [ 129.055054665308546, 35.176014964667317 ], [ 129.055071866839086, 35.176047591065753 ], [ 129.055094454779436, 35.176090434707611 ], [ 129.0550666832074, 35.176103303807679 ], [ 129.054993824389442, 35.17613706412029 ], [ 129.054983063639526, 35.176142051127009 ], [ 129.054983697732951, 35.176136773101909 ], [ 129.054986206098562, 35.176115920121795 ], [ 129.05493515198097, 35.176135378648951 ], [ 129.054934832550543, 35.176135499959145 ], [ 129.054757325420098, 35.176141870514464 ], [ 129.054625937492972, 35.176132926449277 ], [ 129.054207576762593, 35.176104444753825 ], [ 129.053468010336161, 35.176054093656155 ], [ 129.053447412124285, 35.176052697129172 ], [ 129.053439174609963, 35.176052139215955 ], [ 129.053438094450087, 35.176054351186217 ], [ 129.053318226542189, 35.176299735186682 ], [ 129.05331618035018, 35.17630392504693 ], [ 129.053216106413743, 35.17650881098885 ], [ 129.053175687876234, 35.176587320067178 ], [ 129.053105753657661, 35.176568118404084 ], [ 129.05307057693949, 35.176649494046202 ], [ 129.05300414489156, 35.176727404421925 ], [ 129.05295966598257, 35.176779570097445 ], [ 129.052906146300529, 35.176867178398055 ], [ 129.052880082866267, 35.176909841192909 ], [ 129.052879154614288, 35.176909649333226 ], [ 129.052870431955171, 35.176907837159057 ], [ 129.052723810473964, 35.176873510539494 ], [ 129.05271088985333, 35.176870489931709 ], [ 129.052696261762577, 35.176867069263793 ], [ 129.052574800746157, 35.17686614892402 ], [ 129.052574484466959, 35.176866147569285 ], [ 129.052560870780553, 35.176865485415071 ], [ 129.052487522925617, 35.176809410019317 ], [ 129.052488734181424, 35.176806698690399 ], [ 129.052490341458224, 35.176803100514242 ], [ 129.052472744779578, 35.17679451741509 ], [ 129.052467112005644, 35.176791771207014 ], [ 129.052454198804497, 35.176779784910401 ], [ 129.052394423457059, 35.176724278382977 ], [ 129.052324859393735, 35.176658705552271 ], [ 129.052338726728408, 35.176647183790095 ], [ 129.052253562899523, 35.17658864144785 ], [ 129.052194361568212, 35.176547948052523 ], [ 129.052066005441446, 35.176455676527993 ], [ 129.051948041599786, 35.17636968119632 ], [ 129.051947370133604, 35.176369191213475 ], [ 129.051928181101829, 35.176393173701015 ], [ 129.051907698133391, 35.176413728633626 ], [ 129.051878078709763, 35.176443453668512 ], [ 129.051852745055271, 35.176474676340803 ], [ 129.051848932844933, 35.176479375675157 ], [ 129.051774822943173, 35.176550006842028 ], [ 129.051762456219194, 35.176561795120911 ], [ 129.051738402239835, 35.176545149549931 ], [ 129.051588815868854, 35.176700215668838 ], [ 129.051522670680896, 35.17670535658219 ], [ 129.051482625091637, 35.176724709591205 ], [ 129.051481002614167, 35.176723407722136 ], [ 129.051459292825314, 35.176705997254423 ], [ 129.051245402339674, 35.176534458712133 ], [ 129.051164487377008, 35.176503801026833 ], [ 129.051118249781922, 35.17648628902851 ], [ 129.051049374174369, 35.176473649824523 ], [ 129.050681106378192, 35.176406066262778 ], [ 129.050661267079022, 35.176402424463269 ], [ 129.050471419922104, 35.176367586483686 ], [ 129.050252120387, 35.176327343239919 ], [ 129.0501184722076, 35.176302817314635 ], [ 129.049764208183859, 35.176237804290942 ], [ 129.049374916493946, 35.17616636182553 ], [ 129.049332369866022, 35.176158555488783 ], [ 129.049393296633355, 35.175934876413962 ], [ 129.049477635747081, 35.175625238851048 ], [ 129.04950996811931, 35.175506534426439 ], [ 129.049545352413048, 35.175376629056927 ], [ 129.049618978568105, 35.175106324889121 ], [ 129.049667949810242, 35.174926533758061 ], [ 129.049708862611482, 35.174776331857771 ], [ 129.049815270026784, 35.174385672790358 ], [ 129.049837812794635, 35.174302921581791 ], [ 129.049968809641086, 35.174173793992352 ], [ 129.050045230916936, 35.174021344211077 ], [ 129.050056169916076, 35.173955181370999 ], [ 129.050046679244701, 35.173801613225621 ], [ 129.050043930888478, 35.173757139703326 ], [ 129.050040261198291, 35.173697740158772 ], [ 129.050021958277625, 35.173401400015067 ], [ 129.050009477519808, 35.173199347466984 ], [ 129.050003488788917, 35.173102407655882 ], [ 129.0500010366259, 35.173062716965021 ], [ 129.050029035778124, 35.173042353762121 ], [ 129.050034518962974, 35.173030355329097 ], [ 129.050056313695336, 35.172982669907135 ], [ 129.050056652086084, 35.172981928061887 ], [ 129.050109031930646, 35.172932799887171 ], [ 129.050120111822849, 35.172910909516588 ], [ 129.050140846782313, 35.17286379844365 ], [ 129.050172731549168, 35.172791252783384 ], [ 129.05024525998067, 35.172816361877786 ], [ 129.050264073675379, 35.172787431928867 ], [ 129.050279477584382, 35.172763746993638 ], [ 129.050316946585951, 35.172705644774666 ], [ 129.050317649668017, 35.172703869527211 ], [ 129.050314820816453, 35.17270292930052 ], [ 129.050277307535652, 35.172690573343566 ], [ 129.050265233731636, 35.172686599444013 ], [ 129.050257352030172, 35.172684000927049 ], [ 129.050255779560729, 35.17267647911784 ], [ 129.050237600900545, 35.172677493511522 ], [ 129.050220843048209, 35.172671969297269 ], [ 129.050218184745319, 35.172665958053535 ], [ 129.050157931748146, 35.172529757249464 ], [ 129.050150712306078, 35.172528553148048 ], [ 129.05015144052058, 35.172515088251359 ], [ 129.050143775683807, 35.172497769126025 ], [ 129.050108026660325, 35.172554276876781 ], [ 129.05010295765868, 35.172562293927378 ], [ 129.05009841411723, 35.172569474774093 ], [ 129.050126202599444, 35.17278100112572 ], [ 129.050090122203017, 35.172778995244961 ], [ 129.050044885451939, 35.172776482635349 ], [ 129.04999421859111, 35.172801836035589 ], [ 129.049969675279499, 35.172794966155124 ], [ 129.049954721945937, 35.172823476994651 ], [ 129.049927525169466, 35.172846077616377 ], [ 129.049913494229685, 35.172857989791197 ], [ 129.049911964141444, 35.172866119323785 ], [ 129.049910834980551, 35.172872115933934 ], [ 129.049907894578268, 35.172888437480225 ], [ 129.049878275448521, 35.172888071815414 ], [ 129.049864105495459, 35.172900181412281 ], [ 129.049849667685294, 35.172912526148288 ], [ 129.049846375028892, 35.172915323595589 ], [ 129.049851591761353, 35.172926425034035 ], [ 129.049876191512652, 35.172983122400019 ], [ 129.04989203280735, 35.173019319322876 ], [ 129.049625740972488, 35.173104240348238 ], [ 129.049561057893214, 35.173158736124492 ], [ 129.04954108306228, 35.173175565035351 ], [ 129.049398219282693, 35.173264765781099 ], [ 129.049337477554332, 35.173293606291374 ], [ 129.04931696121443, 35.173299898706937 ], [ 129.049298424078103, 35.173305581558026 ], [ 129.049219005760733, 35.173329923897725 ], [ 129.049149167161602, 35.17335144784068 ], [ 129.049100479879399, 35.173424396604759 ], [ 129.049095351086919, 35.173435115592049 ], [ 129.04907050778894, 35.173452548566502 ], [ 129.048987404202563, 35.173510867152835 ], [ 129.048971375173295, 35.173522117752846 ], [ 129.048916162088574, 35.173560869929148 ], [ 129.048889754077379, 35.173586874617804 ], [ 129.048848753052368, 35.17362724550334 ], [ 129.048843896222138, 35.173635169628156 ], [ 129.048825851995957, 35.173696595141493 ], [ 129.048811132142419, 35.173721351272313 ], [ 129.048807983857188, 35.173720822622194 ], [ 129.048796767621695, 35.173744406033514 ], [ 129.048792247018213, 35.17374655377121 ], [ 129.048772735772815, 35.1737840748102 ], [ 129.04875622527959, 35.173777473418944 ], [ 129.048712526870645, 35.173858982997167 ], [ 129.048718028907359, 35.173861395659827 ], [ 129.048714311578124, 35.173870753187281 ], [ 129.048704933627135, 35.173885315048409 ], [ 129.048641407786164, 35.173964935940198 ], [ 129.048627878512491, 35.173960129375033 ], [ 129.048619582387374, 35.173976788958221 ], [ 129.048619424577169, 35.173977094817637 ], [ 129.048612211851861, 35.173991592017934 ], [ 129.048555358419634, 35.174102688278438 ], [ 129.048554087165513, 35.174105193869593 ], [ 129.048551189135139, 35.174110855148214 ], [ 129.0483917265652, 35.17429136980774 ], [ 129.048349467842513, 35.174326249595495 ], [ 129.048330510376246, 35.174326922939926 ], [ 129.048319689445435, 35.174336621021226 ], [ 129.048269588077005, 35.174381508804586 ], [ 129.048261123259721, 35.17434260721474 ], [ 129.048119733830958, 35.174281518670334 ], [ 129.048117001960691, 35.174284420701902 ], [ 129.048054102623411, 35.174256517601599 ], [ 129.047980243280307, 35.174222520854443 ], [ 129.047977263395211, 35.174218480977551 ], [ 129.047939797424476, 35.174201689597382 ], [ 129.047926783634921, 35.174196155981413 ], [ 129.047873419098067, 35.1741734738332 ], [ 129.047803777841523, 35.174140591545012 ], [ 129.047752315163962, 35.174117095227537 ], [ 129.047746614684456, 35.174112670867856 ], [ 129.047745384827181, 35.174111916613768 ], [ 129.047674094211061, 35.174068135068872 ], [ 129.047653248558447, 35.174050352205313 ], [ 129.047648925386852, 35.174046524233567 ], [ 129.04764120044851, 35.174039685992696 ], [ 129.047627363343878, 35.174028774863871 ], [ 129.047600596636101, 35.174007557703135 ], [ 129.047587998693643, 35.1739946471995 ], [ 129.047568253903592, 35.173978574124639 ], [ 129.047536806916042, 35.173929298349776 ], [ 129.047520057459252, 35.173896181786461 ], [ 129.047507998007575, 35.173863942961077 ], [ 129.047505027159389, 35.173848675248031 ], [ 129.047500378366834, 35.173824827648033 ], [ 129.047482077439469, 35.173783139493075 ], [ 129.047472432512649, 35.173767346673046 ], [ 129.047466847976523, 35.173758203611513 ], [ 129.047437714592036, 35.173717320152704 ], [ 129.047420335584093, 35.173700923800247 ], [ 129.047413256085491, 35.173694244995474 ], [ 129.047383084658435, 35.173670083362431 ], [ 129.047362430960504, 35.173657147735653 ], [ 129.047312237328981, 35.173632163586674 ], [ 129.047280916639238, 35.173625577206131 ], [ 129.04728013610449, 35.173625413168473 ], [ 129.047264459303079, 35.173622120636097 ], [ 129.047264080056379, 35.173622040730415 ], [ 129.047060632315095, 35.173578035808809 ], [ 129.046975191347997, 35.17355955336798 ], [ 129.046896809124121, 35.173542598186195 ], [ 129.046839343072435, 35.173530644788237 ], [ 129.046563141805478, 35.173473193044039 ], [ 129.046510806154856, 35.173464263777838 ], [ 129.046478546004096, 35.173468826734926 ], [ 129.04644965811093, 35.173474903696466 ], [ 129.046422394678075, 35.17348587366569 ], [ 129.04640477998592, 35.173492965230061 ], [ 129.046381470969862, 35.17350435803916 ], [ 129.046356133392152, 35.173525351811577 ], [ 129.046350341463153, 35.173533312122935 ], [ 129.046318130436561, 35.173582157735979 ], [ 129.046315483649266, 35.173581321480668 ], [ 129.046251396029533, 35.173561001587949 ], [ 129.046236289732519, 35.173556231116585 ], [ 129.046240081172044, 35.173546017991704 ], [ 129.04625292630584, 35.173511405389036 ], [ 129.046272430695979, 35.173462331636671 ], [ 129.046301220967223, 35.173355258855352 ], [ 129.046295459650167, 35.173301520907735 ], [ 129.046293208931701, 35.173280547612826 ], [ 129.046302651838658, 35.173245392400048 ], [ 129.046313836135738, 35.173224610008631 ], [ 129.046327996789955, 35.173198295219805 ], [ 129.046333808277666, 35.173190441049258 ], [ 129.046343210653191, 35.173177730053069 ], [ 129.046355242528989, 35.173161464705686 ], [ 129.046365517469781, 35.173158415907459 ], [ 129.04624651270251, 35.173003490351988 ], [ 129.045909261150399, 35.172719753110457 ], [ 129.045892229292065, 35.172705425794263 ], [ 129.045685026182269, 35.172531098565614 ], [ 129.04558612337317, 35.172445436880217 ], [ 129.04556950774392, 35.172431049206452 ], [ 129.045092544938967, 35.172017895137074 ], [ 129.044904582794373, 35.171855169052186 ], [ 129.044903541018385, 35.171854312290506 ], [ 129.044821645512144, 35.171787010615596 ], [ 129.044820407063071, 35.17178899101549 ], [ 129.044727145346485, 35.171938093807185 ], [ 129.043582479352381, 35.172532786545176 ], [ 129.043467294088941, 35.172584585040205 ], [ 129.043147646488222, 35.172728335481182 ], [ 129.042725674611319, 35.172918100226653 ], [ 129.042706452931782, 35.172926743557994 ], [ 129.042653962561218, 35.172952360578243 ], [ 129.042610928115778, 35.172973361714156 ], [ 129.042407206002849, 35.173072784645001 ], [ 129.042271372766891, 35.173140349934755 ], [ 129.042091678484525, 35.173242850079724 ], [ 129.041368413945236, 35.173683355142053 ], [ 129.041275782689752, 35.173744146571586 ], [ 129.04108849601991, 35.173881843266201 ], [ 129.04084513412883, 35.174061508914313 ], [ 129.04037976387815, 35.174410672921766 ], [ 129.039899629961042, 35.174771980023678 ], [ 129.039713448251547, 35.174957917326871 ], [ 129.039691396377521, 35.17498096148551 ], [ 129.039438429282086, 35.175245330801452 ], [ 129.039056531080405, 35.175644438058249 ], [ 129.038779007644649, 35.175923194902815 ], [ 129.037994914738363, 35.17633877978917 ], [ 129.037800456939237, 35.176441843452558 ], [ 129.03714396059587, 35.176791769468871 ], [ 129.037109163872287, 35.176810315429165 ], [ 129.037093536939096, 35.176823564551874 ], [ 129.03697018391162, 35.176928162312791 ], [ 129.036890061039969, 35.176997072057119 ], [ 129.036635950360903, 35.177215611502646 ], [ 129.036596114530482, 35.177249873170901 ], [ 129.036350726721281, 35.177461348147339 ], [ 129.035847077868453, 35.178135190723445 ], [ 129.035592381042306, 35.178499552482748 ], [ 129.035411897001552, 35.178762966447387 ], [ 129.035194552095788, 35.179080172142562 ], [ 129.035256659639515, 35.179749496570089 ], [ 129.034536171584989, 35.180391413158802 ], [ 129.034428388864598, 35.180487446858102 ], [ 129.0343123577575, 35.180593827236805 ], [ 129.033929163029654, 35.180945155263466 ], [ 129.033886867982062, 35.180983931806594 ], [ 129.033799645956037, 35.181019958579924 ], [ 129.033552808099131, 35.18112191185115 ], [ 129.033323291665965, 35.18121671193402 ], [ 129.032504837821733, 35.18155819265268 ], [ 129.032042129145339, 35.181599520478855 ], [ 129.031423135651636, 35.181597746333601 ], [ 129.031188709470825, 35.181597750835422 ], [ 129.030915485000861, 35.181598402275107 ], [ 129.030709892295107, 35.181601273584555 ], [ 129.030500251943522, 35.181604449956772 ], [ 129.030405784538033, 35.181605880118006 ], [ 129.030051231091079, 35.181878443791547 ], [ 129.029607781187821, 35.182226839348992 ], [ 129.029494259135475, 35.18231597360267 ], [ 129.028081188214571, 35.183101684526051 ], [ 129.027970490176045, 35.183171644202275 ], [ 129.027900195242921, 35.183216068949342 ], [ 129.027618365983585, 35.183230489968636 ], [ 129.027463401305255, 35.183238418879284 ], [ 129.027422030597762, 35.183240728619751 ], [ 129.026679318892462, 35.183282192059039 ], [ 129.026101655060671, 35.183271621860882 ], [ 129.025794138365768, 35.183053816796949 ], [ 129.025060546129993, 35.182550764963111 ], [ 129.02503682786255, 35.182534500220505 ], [ 129.024882021075115, 35.182471530328108 ], [ 129.023978164086088, 35.182103865403619 ], [ 129.023648287451039, 35.182434988620038 ], [ 129.023465458918423, 35.182618506018194 ], [ 129.023110410021019, 35.182756728788554 ], [ 129.022596835903926, 35.182964273375681 ], [ 129.021974114658519, 35.183210711778983 ], [ 129.021483234332806, 35.183218067999398 ], [ 129.021022860530223, 35.183226481616209 ], [ 129.020793833553739, 35.183231086588485 ], [ 129.020764584248639, 35.183231674823915 ], [ 129.020734840577148, 35.184470228209754 ], [ 129.020621635724694, 35.185027343982554 ], [ 129.02070186774958, 35.18669550835692 ], [ 129.021068421998109, 35.187470050149855 ], [ 129.021085132154724, 35.187475898143596 ], [ 129.021156755401393, 35.187530324689021 ], [ 129.021534823281598, 35.187817617239602 ], [ 129.021776451635247, 35.188021928114928 ], [ 129.022040723416893, 35.188252172627173 ], [ 129.022440492453057, 35.188631272496963 ], [ 129.022580374809081, 35.188763920845183 ], [ 129.023035095767369, 35.18924877599428 ], [ 129.023073781357539, 35.189290023013875 ], [ 129.023093110771867, 35.189311429282853 ], [ 129.023262751537459, 35.189499292908629 ], [ 129.023550740445472, 35.189956856416607 ], [ 129.023626274492045, 35.19007370823757 ], [ 129.023823199458974, 35.190388949446188 ], [ 129.024621305866958, 35.191120604577151 ], [ 129.024652733261291, 35.191133336247617 ], [ 129.025101343389679, 35.19132130844234 ], [ 129.02524426068959, 35.1914504351085 ], [ 129.025561474801833, 35.191737034879196 ], [ 129.025857426585162, 35.19299183569062 ], [ 129.025742720287155, 35.193380318623063 ], [ 129.025682201925235, 35.193585279917123 ], [ 129.025540751526307, 35.194064327072205 ], [ 129.025555946493739, 35.194065883830802 ], [ 129.025553906110247, 35.194072597660963 ], [ 129.026259153007345, 35.194144776508153 ], [ 129.028084851138146, 35.194331612370569 ], [ 129.028757675831429, 35.194351093788399 ], [ 129.028796507216668, 35.19436337653292 ], [ 129.029765838997946, 35.195508121080827 ], [ 129.030449448153917, 35.196311423030281 ], [ 129.030459319166084, 35.196318037756477 ], [ 129.03168348896628, 35.196523039149604 ], [ 129.032810375809419, 35.197361853299384 ], [ 129.034230053840332, 35.198087082314181 ], [ 129.034423408152179, 35.198184955308058 ], [ 129.036323557391654, 35.19914675374914 ], [ 129.036340776519097, 35.199134359967672 ], [ 129.036364591731456, 35.199146526944006 ], [ 129.03687683361747, 35.198776076401664 ], [ 129.037601393652551, 35.198634969803742 ], [ 129.037610469359436, 35.198633202798725 ], [ 129.038040665211184, 35.198802698339222 ], [ 129.038499786299013, 35.198987061864869 ], [ 129.038567216089916, 35.199014138469359 ], [ 129.03863183007104, 35.199068433295558 ], [ 129.039128365175458, 35.199485678449044 ], [ 129.039835547641246, 35.200075460183996 ], [ 129.03984102381267, 35.200080028384029 ], [ 129.040275218169313, 35.199398872631185 ] ] ] } },
{ "type": "Feature", "properties": { "BASE_DATE": "20250630", "ADM_CD": "21050560", "ADM_NM": "양정1동" }, "geometry": { "type": "Polygon", "coordinates": [ [ [ 129.065669710486162, 35.176568126445012 ], [ 129.065669632260182, 35.17655208071367 ], [ 129.065864527297805, 35.176553888494588 ], [ 129.065864370355399, 35.17650408503507 ], [ 129.065862937749841, 35.17604924809185 ], [ 129.065861552481351, 35.175609525892483 ], [ 129.065861538183981, 35.175604314807359 ], [ 129.065934253848297, 35.175515610637255 ], [ 129.065951897552537, 35.175529393411445 ], [ 129.066486704331197, 35.175947180686478 ], [ 129.066634723984976, 35.17606281156678 ], [ 129.06665827269606, 35.176048344532077 ], [ 129.066662928635964, 35.176045485720934 ], [ 129.066718475045178, 35.176016568553266 ], [ 129.066694700074152, 35.17599189270026 ], [ 129.066561194576707, 35.175865539799069 ], [ 129.066592789821385, 35.175840475823072 ], [ 129.066626616382734, 35.175813639271901 ], [ 129.066598817803367, 35.175790263269342 ], [ 129.066554810249812, 35.175753259126992 ], [ 129.066601504257676, 35.175715670400145 ], [ 129.06660326741931, 35.175714507062573 ], [ 129.066615913252349, 35.175706167728372 ], [ 129.066515283913844, 35.175620965109374 ], [ 129.066274615807743, 35.175417193363486 ], [ 129.066267214761126, 35.175180517111045 ], [ 129.066285316765772, 35.175178696164302 ], [ 129.066353621704877, 35.175154322326073 ], [ 129.066373281390071, 35.17515384985343 ], [ 129.066777213477764, 35.175144132772786 ], [ 129.066777037192338, 35.175134946809827 ], [ 129.066788443397854, 35.175134628835821 ], [ 129.066808808519141, 35.175134066922951 ], [ 129.066897901258727, 35.175131623112712 ], [ 129.066922941420472, 35.175130860041328 ], [ 129.066955112722241, 35.175129880272443 ], [ 129.066996606819686, 35.175128621180434 ], [ 129.066997586396354, 35.175141784541736 ], [ 129.067010582327129, 35.175316572575859 ], [ 129.067013259542961, 35.175357654667543 ], [ 129.06708507327815, 35.176076598179527 ], [ 129.067092484796888, 35.176150821452367 ], [ 129.067074156326072, 35.176154183588388 ], [ 129.067059174274362, 35.176186234720362 ], [ 129.067055166014057, 35.176195719164454 ], [ 129.067172084015056, 35.176295705085039 ], [ 129.067182063840278, 35.176382500430265 ], [ 129.067225368634894, 35.176543198098734 ], [ 129.067233945719749, 35.17657545195668 ], [ 129.067275533886828, 35.176564126041121 ], [ 129.06735209468718, 35.176543274640373 ], [ 129.067367012257506, 35.176539210982128 ], [ 129.067370405220856, 35.176538288004174 ], [ 129.067384655393852, 35.176536639361416 ], [ 129.067426894523805, 35.176533083101873 ], [ 129.06742754566821, 35.176536913701405 ], [ 129.067725999091266, 35.176537369034001 ], [ 129.067818741313204, 35.176537504553217 ], [ 129.067826006411366, 35.176523157948552 ], [ 129.067846325506139, 35.176508288908408 ], [ 129.067913519825282, 35.17650164146513 ], [ 129.067893483101159, 35.176473464314782 ], [ 129.067866049721289, 35.176434885556645 ], [ 129.067863769519334, 35.176344515812673 ], [ 129.067863967891043, 35.176302927688425 ], [ 129.067933392920452, 35.176212438301896 ], [ 129.067941282045695, 35.176203942229712 ], [ 129.067870651847073, 35.176193597471141 ], [ 129.067884617662287, 35.176104816987753 ], [ 129.067872598568187, 35.176078774707413 ], [ 129.067838710561489, 35.175999816444531 ], [ 129.06780941226404, 35.17596189473835 ], [ 129.06779486555763, 35.175834649526664 ], [ 129.06778524535892, 35.175749341730466 ], [ 129.067774261420766, 35.175649055215786 ], [ 129.067822011488147, 35.175332672031395 ], [ 129.067943621190295, 35.175304066587607 ], [ 129.06796862366653, 35.175298023095294 ], [ 129.067936741845102, 35.175256444600379 ], [ 129.067866103599329, 35.175164328995237 ], [ 129.0677270918099, 35.175205632424877 ], [ 129.067703650890138, 35.17521259512322 ], [ 129.067687997573273, 35.175117540635298 ], [ 129.067663658850336, 35.174969719523858 ], [ 129.067658169754424, 35.174928153622737 ], [ 129.067639160538562, 35.174784072785776 ], [ 129.067637564892777, 35.174755756939547 ], [ 129.067680413148651, 35.174732160887729 ], [ 129.06849056565278, 35.174286006787028 ], [ 129.068498810496948, 35.174281464111864 ], [ 129.0688722063407, 35.174075807810382 ], [ 129.069106553470789, 35.173946732880417 ], [ 129.069325791060351, 35.173832307810969 ], [ 129.069327384889476, 35.173831479320413 ], [ 129.069330418186809, 35.173829903680684 ], [ 129.069331346651239, 35.17382942101203 ], [ 129.069332014211426, 35.173829075161635 ], [ 129.069337967606231, 35.173825975838604 ], [ 129.069338853256937, 35.173825493724671 ], [ 129.06939613747511, 35.173795597131097 ], [ 129.069539988207993, 35.173720523557627 ], [ 129.069576993687065, 35.173701210352803 ], [ 129.070102470954822, 35.173426965074704 ], [ 129.070116646190399, 35.173419566661863 ], [ 129.070121279474819, 35.173417142586693 ], [ 129.070170975958575, 35.173391205575065 ], [ 129.070178763126393, 35.173387140259869 ], [ 129.070412296865811, 35.173265254658808 ], [ 129.07041539304609, 35.173263639407907 ], [ 129.07053825141449, 35.173199517277155 ], [ 129.070539935380339, 35.173198638013766 ], [ 129.070542745631968, 35.173197171625887 ], [ 129.070721107243344, 35.173104073252162 ], [ 129.070926195485839, 35.172977275819626 ], [ 129.071079184622818, 35.17288268751313 ], [ 129.071083562999036, 35.172879972785886 ], [ 129.071085434696556, 35.172878807074504 ], [ 129.07110797639686, 35.172864879691325 ], [ 129.071112924839554, 35.172861832088657 ], [ 129.071136743291163, 35.172847092020874 ], [ 129.071137724228322, 35.172846484236516 ], [ 129.071146366406197, 35.172840636116973 ], [ 129.071149275288235, 35.172838647308879 ], [ 129.071150613863466, 35.172837737355515 ], [ 129.071168772216197, 35.17282541127512 ], [ 129.071226284164737, 35.172786365009273 ], [ 129.071301092676123, 35.172735577217829 ], [ 129.07141436255705, 35.172658675773334 ], [ 129.07166663082009, 35.172405722044402 ], [ 129.071676662105347, 35.172395661601264 ], [ 129.071742061514385, 35.172330075016681 ], [ 129.071745431483549, 35.172326714281276 ], [ 129.071775946500452, 35.172296111825005 ], [ 129.071850361117043, 35.172221481403021 ], [ 129.072019349852354, 35.172061954553655 ], [ 129.07202167260354, 35.17205975153886 ], [ 129.072023103698712, 35.172058401294223 ], [ 129.072023713017217, 35.172057826276365 ], [ 129.072028488306444, 35.172053317582296 ], [ 129.072031771056089, 35.172050218534622 ], [ 129.072158538444768, 35.17193054224326 ], [ 129.072397509706036, 35.171704970029381 ], [ 129.072421757966623, 35.171682073638486 ], [ 129.072458832586619, 35.171647048230881 ], [ 129.072750494442857, 35.171390303463909 ], [ 129.072783546714874, 35.171361205944173 ], [ 129.072787460568634, 35.17135775426793 ], [ 129.073050743910045, 35.171497287594342 ], [ 129.073191412520089, 35.171540567584636 ], [ 129.07320939100714, 35.171508678748438 ], [ 129.073241533158836, 35.171451670274188 ], [ 129.073252698431588, 35.17143186667235 ], [ 129.073363864010958, 35.17124554695036 ], [ 129.073474437722524, 35.171046715153764 ], [ 129.073475375856958, 35.17104502778615 ], [ 129.073482546375516, 35.171029894076987 ], [ 129.073484322092213, 35.171026144679487 ], [ 129.0734866897605, 35.171021147886464 ], [ 129.073525757101891, 35.170938688161925 ], [ 129.073542157623365, 35.170904071692064 ], [ 129.073596584597141, 35.170915260267705 ], [ 129.073694551244017, 35.170928667214191 ], [ 129.073771837958191, 35.170924818351928 ], [ 129.073774110455673, 35.17092428482492 ], [ 129.0738365326647, 35.17090963673536 ], [ 129.07388154732746, 35.170891822105936 ], [ 129.07392662855213, 35.170861739380683 ], [ 129.073975929561868, 35.170814005205308 ], [ 129.073991743785115, 35.170790054148988 ], [ 129.074006706967879, 35.170754707066628 ], [ 129.074056762518097, 35.170524942870784 ], [ 129.074129589341112, 35.170190654627341 ], [ 129.074141443139609, 35.17013624386869 ], [ 129.074142151280455, 35.170132993400379 ], [ 129.074150389537266, 35.170100180659503 ], [ 129.074197381619058, 35.169912999268441 ], [ 129.074053612136652, 35.16989009907811 ], [ 129.07398404319926, 35.16995957108616 ], [ 129.073953006498186, 35.169990478396592 ], [ 129.073909705450717, 35.170033597719545 ], [ 129.073874592210871, 35.170068457422964 ], [ 129.073870670511013, 35.170072351021247 ], [ 129.073817118721735, 35.170125514851215 ], [ 129.073811472119786, 35.170131121369224 ], [ 129.073809340456194, 35.17013064327076 ], [ 129.073808567418865, 35.1701304702909 ], [ 129.073790476401939, 35.170126412848802 ], [ 129.073632714785873, 35.170091037278745 ], [ 129.073592008172767, 35.170081910924381 ], [ 129.073504470495266, 35.170007997915654 ], [ 129.073442768164, 35.169955693318634 ], [ 129.07342885874391, 35.169943903439133 ], [ 129.073398930522018, 35.169918550577201 ], [ 129.073408160780446, 35.16991224746431 ], [ 129.073459570046708, 35.169877123882259 ], [ 129.073321905717478, 35.169716140458995 ], [ 129.073303794597422, 35.169694962654006 ], [ 129.073252919883799, 35.169558417516889 ], [ 129.073245480047234, 35.169537113700443 ], [ 129.073277775581687, 35.169315651626277 ], [ 129.073286060352643, 35.169258852070328 ], [ 129.073310216791867, 35.169092469189394 ], [ 129.07333150180898, 35.168945857001802 ], [ 129.073333927835449, 35.168929416299406 ], [ 129.073349570247387, 35.168823325151358 ], [ 129.073703319934964, 35.168655659629138 ], [ 129.073711740027932, 35.168667775963982 ], [ 129.074002648407884, 35.168522670997866 ], [ 129.074005016082651, 35.168512666687711 ], [ 129.074377452306891, 35.168336140640825 ], [ 129.074411632649912, 35.168099742147298 ], [ 129.074462738148014, 35.16802678991079 ], [ 129.074584176576622, 35.167858217025255 ], [ 129.074650376014262, 35.167766321429241 ], [ 129.074799623154888, 35.16755914435258 ], [ 129.074837941645001, 35.167497271236776 ], [ 129.074843598160527, 35.167490084933533 ], [ 129.075265204192306, 35.167482465195839 ], [ 129.075676743186534, 35.167481295203679 ], [ 129.075975919448979, 35.167479066903802 ], [ 129.075988201794388, 35.167478975601092 ], [ 129.076058622599874, 35.167449572160891 ], [ 129.076135203903107, 35.167417600083432 ], [ 129.076606470816273, 35.167220605773565 ], [ 129.076636379858456, 35.166996207649177 ], [ 129.076676766388374, 35.166664481480446 ], [ 129.076662551799984, 35.166436631173141 ], [ 129.076632248676617, 35.165950954964138 ], [ 129.076605497680902, 35.165818181428918 ], [ 129.076341730892722, 35.165743101259736 ], [ 129.076337100758536, 35.165733824514703 ], [ 129.076130671942508, 35.165320027846434 ], [ 129.076039694936867, 35.165134240755705 ], [ 129.075574834076832, 35.164627501734294 ], [ 129.075554586148456, 35.164605426993951 ], [ 129.075264385069829, 35.164302479677993 ], [ 129.075062223438607, 35.164337781171191 ], [ 129.07423567081247, 35.164771246093679 ], [ 129.074186858170634, 35.164796847755355 ], [ 129.074164140094609, 35.164809287633503 ], [ 129.073822852579184, 35.164996139051766 ], [ 129.073746486731892, 35.165029538607449 ], [ 129.073689690288916, 35.165054380073705 ], [ 129.073585272186705, 35.16508596754241 ], [ 129.073461483669718, 35.164713013346763 ], [ 129.073309493059639, 35.164744978766471 ], [ 129.073178752782638, 35.164297046968187 ], [ 129.072213692001469, 35.164471322405085 ], [ 129.07230838761015, 35.164843007519636 ], [ 129.071545532978178, 35.165005667165012 ], [ 129.071390525255765, 35.164437029438076 ], [ 129.071345380617402, 35.164271424176945 ], [ 129.070991250274886, 35.16434495473856 ], [ 129.070972441006745, 35.164348861026546 ], [ 129.070953019302806, 35.164352892463832 ], [ 129.071199463849268, 35.165304907819632 ], [ 129.071215730925587, 35.165367740579804 ], [ 129.071221848809955, 35.165391375213204 ], [ 129.071435369791317, 35.166216180457027 ], [ 129.071105976563558, 35.166424501298224 ], [ 129.071094588707268, 35.166431701370946 ], [ 129.071046825852846, 35.166464376581118 ], [ 129.070959598988622, 35.166524049191274 ], [ 129.070968059916225, 35.166544714211675 ], [ 129.070826234035309, 35.16663706580681 ], [ 129.070824499105868, 35.166638085482901 ], [ 129.070808625847206, 35.166647388542529 ], [ 129.070796776302103, 35.166654334913645 ], [ 129.070269091892357, 35.166963624402307 ], [ 129.070257611379617, 35.166970353158284 ], [ 129.07020775679382, 35.166999573166841 ], [ 129.070205156399481, 35.167000237101774 ], [ 129.070204409095851, 35.167000429816063 ], [ 129.070200722672837, 35.167001372001039 ], [ 129.070191822219101, 35.167003638620521 ], [ 129.070189661034618, 35.167004189570008 ], [ 129.070123499562641, 35.167022224676629 ], [ 129.070123093231103, 35.167022334530451 ], [ 129.07007245687862, 35.167036138168164 ], [ 129.070060440051435, 35.167039415303904 ], [ 129.070058876066355, 35.167033108119199 ], [ 129.070057775637252, 35.1670286396077 ], [ 129.070057423982291, 35.167028737933222 ], [ 129.070003981059273, 35.167044361298998 ], [ 129.069807239784097, 35.167101887744607 ], [ 129.069774537297633, 35.167111452078132 ], [ 129.069639857594069, 35.167114953940093 ], [ 129.069639670224944, 35.167116173534382 ], [ 129.069633194851065, 35.167158584176995 ], [ 129.069602584364077, 35.167169598180173 ], [ 129.069601283796658, 35.167178366007796 ], [ 129.069590344830289, 35.16718162732527 ], [ 129.069589688240626, 35.167187568391562 ], [ 129.06958401002845, 35.167239237193932 ], [ 129.069575885564291, 35.167250803679273 ], [ 129.069563763813733, 35.167268047978474 ], [ 129.06952605762811, 35.167281317769842 ], [ 129.069526358698909, 35.167292070008941 ], [ 129.069526551169986, 35.167298885447295 ], [ 129.069526622171367, 35.167301551473017 ], [ 129.069526851075238, 35.167310719626748 ], [ 129.069525764679042, 35.167311893168836 ], [ 129.069520051129501, 35.167318078286385 ], [ 129.069512540902025, 35.167324357012106 ], [ 129.069516170586269, 35.167337143411942 ], [ 129.06948713390895, 35.167345612499155 ], [ 129.069484245230683, 35.167346816609246 ], [ 129.069473535990056, 35.16735129210543 ], [ 129.069396520060934, 35.167398836341867 ], [ 129.069355272456164, 35.167421514231386 ], [ 129.069336943254825, 35.167431588240298 ], [ 129.069346169699571, 35.167437711396026 ], [ 129.069332753437351, 35.167444732023462 ], [ 129.069364890079527, 35.167466619495272 ], [ 129.069335411054226, 35.167523607809152 ], [ 129.069317854358843, 35.167554570995826 ], [ 129.069315974547692, 35.167557880799961 ], [ 129.069304021981935, 35.167574563886745 ], [ 129.069289434791528, 35.167594930804604 ], [ 129.069276791508372, 35.167615209420873 ], [ 129.069269654540875, 35.167626516051293 ], [ 129.06925665937689, 35.167667337773281 ], [ 129.069254322579127, 35.167666293338741 ], [ 129.069176454041241, 35.16763154462484 ], [ 129.069135628226661, 35.167613325608933 ], [ 129.069142430172519, 35.167605153697345 ], [ 129.069136983745551, 35.167602957627935 ], [ 129.069149155384792, 35.1675885311396 ], [ 129.069132791304384, 35.1675791663111 ], [ 129.069087366986537, 35.167583222389823 ], [ 129.06906091461434, 35.167534992055259 ], [ 129.069019000381246, 35.167544926174834 ], [ 129.068962916501931, 35.167558217490274 ], [ 129.068970616423769, 35.167573010443341 ], [ 129.068954790970196, 35.167575449631208 ], [ 129.068900967517919, 35.167583754614157 ], [ 129.068893035026576, 35.167584859956087 ], [ 129.068855461785574, 35.16759008911356 ], [ 129.068788854405199, 35.167598898648578 ], [ 129.068785342910701, 35.16759923264685 ], [ 129.068771775253111, 35.167600548017568 ], [ 129.068723034616255, 35.167605269023248 ], [ 129.068693552257656, 35.167608036538347 ], [ 129.068680588692729, 35.167609248504363 ], [ 129.068591165892201, 35.16761762854987 ], [ 129.068589795911805, 35.167617758092142 ], [ 129.068395501135257, 35.167635973083343 ], [ 129.068295668555038, 35.167663630584194 ], [ 129.068309656870952, 35.167716464696262 ], [ 129.068334264237421, 35.167806201013136 ], [ 129.068350498665438, 35.167865417342469 ], [ 129.068403681801442, 35.168068103557246 ], [ 129.068440344353007, 35.16820535786789 ], [ 129.068455653701733, 35.168266822136559 ], [ 129.068458026341744, 35.168479993808297 ], [ 129.068457863105635, 35.16850202211802 ], [ 129.068457850424466, 35.168504105890051 ], [ 129.068457831342613, 35.168506942584635 ], [ 129.068457624669577, 35.168524879976012 ], [ 129.068458324199923, 35.168630016021595 ], [ 129.068458683649908, 35.168680515637838 ], [ 129.068458980752951, 35.168713020037764 ], [ 129.068459632183647, 35.168818052117054 ], [ 129.068459684373295, 35.16882774368807 ], [ 129.068460640931249, 35.168922708106166 ], [ 129.068461339676531, 35.16897543750158 ], [ 129.068461717020398, 35.169030412447306 ], [ 129.068323729485797, 35.169033934086293 ], [ 129.068244682957271, 35.169036234347594 ], [ 129.068228976243716, 35.169036696491325 ], [ 129.068108410038235, 35.169040248355074 ], [ 129.067949962489251, 35.169044916246854 ], [ 129.06796463642695, 35.169524936988275 ], [ 129.067964856847055, 35.169532184836662 ], [ 129.067949493047678, 35.16953238374532 ], [ 129.067921090436187, 35.169532751456899 ], [ 129.067875191701035, 35.169553218829293 ], [ 129.06785332444997, 35.169562968764389 ], [ 129.067848037132649, 35.169563002951492 ], [ 129.067811684547792, 35.169563233728347 ], [ 129.06775963912898, 35.169563568461847 ], [ 129.067584851242117, 35.169564521827262 ], [ 129.067530068679162, 35.16956538055986 ], [ 129.067413999414896, 35.169566433796419 ], [ 129.067392835879843, 35.169566628353955 ], [ 129.067332938361602, 35.169568721673947 ], [ 129.06724234413457, 35.169571908243199 ], [ 129.067238218454577, 35.169571939993723 ], [ 129.067237659975547, 35.169561834825416 ], [ 129.067236667461316, 35.169543646078708 ], [ 129.067234985521736, 35.1695129916544 ], [ 129.067232660703922, 35.169470466008882 ], [ 129.067231542642645, 35.169450197983409 ], [ 129.067229135921622, 35.169406265091062 ], [ 129.067229087989574, 35.169405369516483 ], [ 129.067228615277912, 35.169396758098173 ], [ 129.067223502571778, 35.169303596553668 ], [ 129.067220872424031, 35.169255573266938 ], [ 129.067217697260759, 35.169197688069723 ], [ 129.067215278887574, 35.169153490254253 ], [ 129.067211747640869, 35.169089179420361 ], [ 129.067209392198436, 35.169046086156754 ], [ 129.06720540843645, 35.168973414287187 ], [ 129.067205341796836, 35.168972230441163 ], [ 129.067194558596498, 35.168872061064178 ], [ 129.067185589111858, 35.168788816577184 ], [ 129.067185488094111, 35.168788015456308 ], [ 129.067174024567549, 35.168698163824146 ], [ 129.067172587918463, 35.168686924979703 ], [ 129.067148670098476, 35.168577227894851 ], [ 129.067132209701128, 35.168501736755559 ], [ 129.067131900355207, 35.168500492937618 ], [ 129.067114735030515, 35.168433352561998 ], [ 129.067114194883061, 35.168431639289608 ], [ 129.067096365757294, 35.168374764153754 ], [ 129.067091788263156, 35.168360174111186 ], [ 129.06705494623219, 35.168244580035378 ], [ 129.067053833535283, 35.168241638972425 ], [ 129.067049682735757, 35.16823074539554 ], [ 129.067037907192372, 35.168199806822308 ], [ 129.067017458037071, 35.168146117581259 ], [ 129.067014367830751, 35.168138997019874 ], [ 129.066989437923638, 35.168081478028206 ], [ 129.066953796357325, 35.167999249393475 ], [ 129.066944495874822, 35.167980335044746 ], [ 129.066932300211164, 35.167955536413011 ], [ 129.06691695115515, 35.167924328497506 ], [ 129.066895797873997, 35.167935679286643 ], [ 129.066847894424001, 35.167960817269545 ], [ 129.06680736242626, 35.167981930677364 ], [ 129.066786843719171, 35.167992135413215 ], [ 129.06670967828407, 35.168034290104863 ], [ 129.066676702714119, 35.168051865195501 ], [ 129.066672350927291, 35.168054186320227 ], [ 129.066660940619158, 35.168060248447397 ], [ 129.066639040082606, 35.168071913600961 ], [ 129.066582775357659, 35.167963062159899 ], [ 129.066500979969817, 35.167806898312222 ], [ 129.066448753735756, 35.167707192736941 ], [ 129.066395257007656, 35.167725337908657 ], [ 129.066245522251364, 35.167779762220924 ], [ 129.066239178934779, 35.167782208261407 ], [ 129.066194451668565, 35.167799495211867 ], [ 129.06619526412652, 35.167800294346492 ], [ 129.066251277677082, 35.16785463459339 ], [ 129.066289450979014, 35.167891667517303 ], [ 129.066380341761374, 35.168116868765907 ], [ 129.066434816251927, 35.16818105271124 ], [ 129.066436156121398, 35.168182672695856 ], [ 129.066440067825539, 35.168187402410972 ], [ 129.066453219633729, 35.168203324148429 ], [ 129.066493753410555, 35.168252353879367 ], [ 129.066495081959459, 35.168253955977633 ], [ 129.066547634614352, 35.168317539012364 ], [ 129.066573000641569, 35.168370903270088 ], [ 129.066631550043041, 35.168494093124174 ], [ 129.066636913736119, 35.168505369535438 ], [ 129.066643920394426, 35.168520099478123 ], [ 129.066527801650039, 35.168605154993642 ], [ 129.066525055709519, 35.16860716502557 ], [ 129.066495379986804, 35.168628494945494 ], [ 129.066478113960329, 35.16864090796453 ], [ 129.066424353377897, 35.168679559057736 ], [ 129.066420900607767, 35.168682041654122 ], [ 129.066344890690374, 35.16876948500677 ], [ 129.066305421222609, 35.168814880951984 ], [ 129.066295254154966, 35.168826576422056 ], [ 129.066274604823462, 35.168852654611491 ], [ 129.06624122530377, 35.168894873863692 ], [ 129.066199099864235, 35.168947893830925 ], [ 129.066189609445644, 35.168959834794386 ], [ 129.066156109107908, 35.169003316029311 ], [ 129.065980044764103, 35.169229198774431 ], [ 129.065982773114115, 35.169233140474475 ], [ 129.065973484245205, 35.169237616233424 ], [ 129.065944104364888, 35.169275309025309 ], [ 129.065905266196239, 35.16932513527982 ], [ 129.065879057175977, 35.169358013061562 ], [ 129.065803983291289, 35.169452188883554 ], [ 129.065792624312365, 35.169466438640924 ], [ 129.065771613310488, 35.169492797313204 ], [ 129.065763773328086, 35.169502633297888 ], [ 129.065715926913185, 35.169562651387324 ], [ 129.065669141517532, 35.169621316858795 ], [ 129.06562181278079, 35.169681770005667 ], [ 129.065611759337457, 35.169694820865637 ], [ 129.06560270107434, 35.169706574974903 ], [ 129.065592502331697, 35.169720237196351 ], [ 129.065556220239785, 35.169768821246592 ], [ 129.06555345018856, 35.169772383230232 ], [ 129.065587288215255, 35.169854666232489 ], [ 129.065458166015816, 35.169895730047209 ], [ 129.065455242608124, 35.169899597851689 ], [ 129.06544284432556, 35.169915999617139 ], [ 129.065432722676974, 35.169929390347498 ], [ 129.065429191038191, 35.16993400623064 ], [ 129.065415798897675, 35.169951488339663 ], [ 129.065405592464685, 35.169964809838497 ], [ 129.065060458033457, 35.169986519005711 ], [ 129.065027502626322, 35.169988591205026 ], [ 129.064984503794108, 35.169991296273338 ], [ 129.064981274319507, 35.169994320513247 ], [ 129.06483580277677, 35.170130640302602 ], [ 129.064670030632783, 35.170285980082973 ], [ 129.064221167347739, 35.170707304548607 ], [ 129.064180994009462, 35.17074501190708 ], [ 129.064181474608006, 35.17076115885007 ], [ 129.064123900884056, 35.170816977860952 ], [ 129.063961738421597, 35.170717144781065 ], [ 129.063944340278766, 35.170706421268669 ], [ 129.063888585277482, 35.170692152075276 ], [ 129.063737468804788, 35.170648478562214 ], [ 129.063706831471734, 35.170639623679186 ], [ 129.063695253461276, 35.170639137538409 ], [ 129.063686984057938, 35.170638780884062 ], [ 129.063675939845155, 35.170638303176602 ], [ 129.063629335487093, 35.170636288437464 ], [ 129.063605739333923, 35.170635267726112 ], [ 129.063533653210726, 35.170614381361069 ], [ 129.063479554549417, 35.170598699417269 ], [ 129.063458580241104, 35.170592620185801 ], [ 129.063369546597045, 35.170566816063186 ], [ 129.063312708763789, 35.170615385308764 ], [ 129.063097118579577, 35.170799616021206 ], [ 129.063093957471949, 35.170802316554798 ], [ 129.063106815865467, 35.170814335785707 ], [ 129.063108808372561, 35.170815749030332 ], [ 129.063110639601234, 35.170817054360725 ], [ 129.06310619054949, 35.170824345359279 ], [ 129.063060332176036, 35.170808935548102 ], [ 129.063052755140205, 35.17080671891987 ], [ 129.063025765652981, 35.170837570346727 ], [ 129.063006949188321, 35.170851983715401 ], [ 129.062997805202855, 35.170867201804917 ], [ 129.062997563449272, 35.170871092645179 ], [ 129.06299714277003, 35.170877796998631 ], [ 129.062994244524816, 35.170924059684737 ], [ 129.062992273961527, 35.170924079706786 ], [ 129.06293116917513, 35.1709247132207 ], [ 129.062911431127105, 35.170948346558738 ], [ 129.062908795620899, 35.170986424689659 ], [ 129.062901731998096, 35.170997493787233 ], [ 129.062871710664496, 35.171054213482911 ], [ 129.062848653765087, 35.171097780846651 ], [ 129.062852613145083, 35.171114413048706 ], [ 129.062813048407435, 35.171120568559964 ], [ 129.06282995788672, 35.171214076686503 ], [ 129.062762201189059, 35.171230035784333 ], [ 129.06261794330058, 35.171264033095632 ], [ 129.062582905222826, 35.171272290371554 ], [ 129.062589425727623, 35.171298018286926 ], [ 129.062589867625263, 35.171299765305221 ], [ 129.062645667081512, 35.171520088194427 ], [ 129.062622723246619, 35.171519888354311 ], [ 129.062555328059915, 35.171520441460835 ], [ 129.062283828771854, 35.171765796015535 ], [ 129.062013810974776, 35.172009812719004 ], [ 129.061779291363706, 35.172119278967081 ], [ 129.061772208584642, 35.172122585429108 ], [ 129.060962091808364, 35.172500715230775 ], [ 129.060611974983829, 35.172977792897612 ], [ 129.060632205543982, 35.173022033611851 ], [ 129.060685169254555, 35.173137865479234 ], [ 129.060692317885128, 35.173170626033318 ], [ 129.060699840673436, 35.173205152516914 ], [ 129.06070018249207, 35.173206720510748 ], [ 129.060700699576756, 35.173209070642137 ], [ 129.060718976111872, 35.173294806738809 ], [ 129.060726637674435, 35.173330732525294 ], [ 129.060727619133814, 35.173335202656197 ], [ 129.060732829928497, 35.173359069504926 ], [ 129.060705937436524, 35.173376701647662 ], [ 129.060697842860407, 35.173382001011781 ], [ 129.060667850605711, 35.173400670268485 ], [ 129.060887462702652, 35.173714287895287 ], [ 129.060972428534711, 35.173791149109405 ], [ 129.060998816754989, 35.173815023373201 ], [ 129.061069012485291, 35.173897669355604 ], [ 129.061067902498934, 35.173903190665492 ], [ 129.061035060260053, 35.174066680044731 ], [ 129.061015053807722, 35.174166280342909 ], [ 129.061013096236081, 35.17416439958356 ], [ 129.061011000021949, 35.174162388976988 ], [ 129.060992896340338, 35.174144992352296 ], [ 129.060969595002575, 35.174120848392015 ], [ 129.060935848136353, 35.174088623640671 ], [ 129.060665572317049, 35.173866274841778 ], [ 129.060474385666112, 35.173588776689684 ], [ 129.060473072194156, 35.1735868704911 ], [ 129.060434406586523, 35.173530751526727 ], [ 129.060398528196174, 35.173478670087107 ], [ 129.06031939465629, 35.173523085725684 ], [ 129.060320757415582, 35.173525560203664 ], [ 129.060348530116187, 35.17356018464325 ], [ 129.060247915396388, 35.173603634594009 ], [ 129.060244097157693, 35.173600688654894 ], [ 129.06022755571604, 35.173590673959566 ], [ 129.060225339450255, 35.173589332073064 ], [ 129.060215737325052, 35.173580502843542 ], [ 129.060209197712936, 35.173584087125221 ], [ 129.05997953104071, 35.173709925489774 ], [ 129.059778363775166, 35.17382737027777 ], [ 129.059481146180474, 35.173998446609282 ], [ 129.059465184927461, 35.174009034126698 ], [ 129.059454156272352, 35.174016350214394 ], [ 129.059450469573534, 35.174018795957323 ], [ 129.059435216236778, 35.174027699173003 ], [ 129.059371200482161, 35.174070082059558 ], [ 129.059084462591926, 35.174259925541932 ], [ 129.058375999550833, 35.174728976423843 ], [ 129.058184675346979, 35.174855645194469 ], [ 129.058068917401414, 35.174932284242942 ], [ 129.057642425610425, 35.17520357372323 ], [ 129.057658558640611, 35.175663834833983 ], [ 129.057679757075562, 35.1762685318743 ], [ 129.057613188870391, 35.176777502863288 ], [ 129.057609236018209, 35.176837605096331 ], [ 129.057604843212005, 35.176904461499724 ], [ 129.057852621471085, 35.177500293248947 ], [ 129.058200283131157, 35.177908190817426 ], [ 129.058210907154489, 35.177920662153092 ], [ 129.058214317294386, 35.177924657462029 ], [ 129.05825538389422, 35.17797282830383 ], [ 129.058461328902837, 35.178221542715342 ], [ 129.058644729115514, 35.178443026353541 ], [ 129.059406735827963, 35.178740562214557 ], [ 129.059673426894022, 35.178956041652988 ], [ 129.059831421667411, 35.179083697890938 ], [ 129.060152315666784, 35.179587381741754 ], [ 129.060389680253707, 35.179970206291131 ], [ 129.06155687462666, 35.179779317112811 ], [ 129.061560008789968, 35.179778804256252 ], [ 129.06175620279032, 35.179601122230586 ], [ 129.061914412933675, 35.179457837341644 ], [ 129.061971725944971, 35.179301865349288 ], [ 129.062220086977135, 35.178592557864278 ], [ 129.062412031857207, 35.1783036491506 ], [ 129.062609235696613, 35.17735657168722 ], [ 129.062728134271453, 35.17731411900639 ], [ 129.062813801668483, 35.177283531019192 ], [ 129.063684833112887, 35.177189544947353 ], [ 129.063762693595265, 35.177181142789863 ], [ 129.063917416245602, 35.177164448591022 ], [ 129.064266575421328, 35.177128312438263 ], [ 129.064410269102666, 35.177104830348959 ], [ 129.064753625031017, 35.177073544462509 ], [ 129.065175979693436, 35.177037298382707 ], [ 129.065475817190048, 35.177011565092982 ], [ 129.065616248525259, 35.176999513710591 ], [ 129.065704029566689, 35.176972426146527 ], [ 129.065703523801631, 35.17696809867693 ], [ 129.065696953849198, 35.176911815360654 ], [ 129.06568046516162, 35.176911148578057 ], [ 129.065671385638638, 35.176910782706877 ], [ 129.065671198797872, 35.176872411969249 ], [ 129.065669710486162, 35.176568126445012 ] ] ] } },
{ "type": "Feature", "properties": { "BASE_DATE": "20250630", "ADM_CD": "21050570", "ADM_NM": "양정2동" }, "geometry": { "type": "Polygon", "coordinates": [ [ [ 129.072325404686495, 35.179378488924662 ], [ 129.072361337735572, 35.179359274436727 ], [ 129.072409181325099, 35.179401126784398 ], [ 129.072418959104084, 35.179395882325309 ], [ 129.07245765385818, 35.179446039999455 ], [ 129.072490327897867, 35.179487662836351 ], [ 129.072490754599869, 35.17948815137342 ], [ 129.0724916117872, 35.179487842713542 ], [ 129.072561612351507, 35.179462534530032 ], [ 129.072607784664996, 35.179445843120121 ], [ 129.07271385466106, 35.179407494482973 ], [ 129.072756392133215, 35.179392116073913 ], [ 129.072801237103761, 35.17935230491274 ], [ 129.07282826544963, 35.179328312046039 ], [ 129.072876651000854, 35.179283955875626 ], [ 129.072918434902363, 35.179245659452754 ], [ 129.072958340872361, 35.179209067995686 ], [ 129.07296080975965, 35.179206803558948 ], [ 129.072979610318441, 35.179184038225067 ], [ 129.073010631189192, 35.179146473930921 ], [ 129.073029776691413, 35.179170673078936 ], [ 129.073030884218014, 35.179170932779215 ], [ 129.073044044527563, 35.179141317298665 ], [ 129.073045839754087, 35.179137260209842 ], [ 129.073104620939546, 35.179065261023446 ], [ 129.073195256198773, 35.179051821789265 ], [ 129.073240972664536, 35.179066594769388 ], [ 129.073249702338359, 35.179069420578593 ], [ 129.073268356075346, 35.179059440926615 ], [ 129.073271848671737, 35.179043743735768 ], [ 129.073272117525931, 35.179042537505396 ], [ 129.07327330459006, 35.179042707813103 ], [ 129.073397627452664, 35.179060567151758 ], [ 129.073433586809898, 35.179041427742433 ], [ 129.073438527138762, 35.179038799394199 ], [ 129.073441849669706, 35.179037069325439 ], [ 129.073845247085984, 35.1788269677999 ], [ 129.074266903076676, 35.178607356412137 ], [ 129.074276609616874, 35.178602301166102 ], [ 129.074420590879612, 35.178527312961243 ], [ 129.074460324761731, 35.178505707883545 ], [ 129.075078173634409, 35.178172838584949 ], [ 129.075078014683868, 35.178169836514165 ], [ 129.075074188351778, 35.17809792941793 ], [ 129.075077024116553, 35.17808662611376 ], [ 129.075147306359128, 35.177915247838719 ], [ 129.075154706395239, 35.177897199783764 ], [ 129.07517430580873, 35.177849411479038 ], [ 129.075179654302985, 35.177781155541531 ], [ 129.07517981971688, 35.17777908601618 ], [ 129.075169407088282, 35.1776379304833 ], [ 129.075183822211613, 35.177579838480632 ], [ 129.075321735916077, 35.177467743372702 ], [ 129.075532891585141, 35.177362696041456 ], [ 129.075499506017366, 35.177337723248442 ], [ 129.075491865484906, 35.177338637700984 ], [ 129.075486040112736, 35.177334430879149 ], [ 129.075528293614667, 35.177310396219376 ], [ 129.075537679295508, 35.177305057437692 ], [ 129.075533615152068, 35.177299819712481 ], [ 129.075546190179409, 35.177293366528801 ], [ 129.075456868752553, 35.177181698511248 ], [ 129.075786451522731, 35.177000079550261 ], [ 129.075823831824465, 35.176979480193815 ], [ 129.075799893466666, 35.17694979539165 ], [ 129.07580028900307, 35.176949579269795 ], [ 129.075866331860311, 35.176913393288828 ], [ 129.075971596363132, 35.176856095240204 ], [ 129.075902744560551, 35.176767640677248 ], [ 129.075761362892592, 35.176590395201444 ], [ 129.075701537554551, 35.176514838590137 ], [ 129.075720709916169, 35.176500938866042 ], [ 129.075747167181277, 35.176486819926538 ], [ 129.075864845306143, 35.176424011239952 ], [ 129.075868904848733, 35.176421844155769 ], [ 129.075919433021483, 35.176387912989505 ], [ 129.076119084592989, 35.176253843934603 ], [ 129.076394070198802, 35.176103017695816 ], [ 129.076402684623673, 35.176098293863404 ], [ 129.076536090395336, 35.176025121448568 ], [ 129.076743085707193, 35.175912742993937 ], [ 129.077001315570328, 35.175772547965792 ], [ 129.07700776935198, 35.175769041440766 ], [ 129.077024251409938, 35.175743679317222 ], [ 129.077022477766349, 35.175742984739145 ], [ 129.077247462960713, 35.175383943457483 ], [ 129.077249517912577, 35.175384762396064 ], [ 129.077251086000672, 35.175385389323175 ], [ 129.077252479470076, 35.175383173068113 ], [ 129.077311257104981, 35.175285854939254 ], [ 129.077314689663211, 35.175280169807692 ], [ 129.077344298721385, 35.175231148123977 ], [ 129.077407332753268, 35.175241041726544 ], [ 129.077452513940898, 35.17524813305463 ], [ 129.077478379573421, 35.175252191438105 ], [ 129.077795896919639, 35.175308663389025 ], [ 129.0779916949285, 35.175343486330135 ], [ 129.078443217536659, 35.175423788801545 ], [ 129.078564398675638, 35.175445339845524 ], [ 129.078574402169494, 35.175438240966336 ], [ 129.078576043274438, 35.175437078146032 ], [ 129.078576654208263, 35.175436644626224 ], [ 129.078590989105521, 35.175411459950055 ], [ 129.078644689395645, 35.17531746937577 ], [ 129.078658479138255, 35.175293339459728 ], [ 129.078689690400324, 35.175238345998331 ], [ 129.078724748671931, 35.175176563804506 ], [ 129.078739646259123, 35.17514987511619 ], [ 129.078761462556969, 35.175110794771335 ], [ 129.078800049836559, 35.175042420918722 ], [ 129.078845445479715, 35.174964073126482 ], [ 129.078846017232877, 35.174963090138952 ], [ 129.078848516204431, 35.174958762326916 ], [ 129.0788612174413, 35.174936779769688 ], [ 129.078902920210737, 35.174864623618063 ], [ 129.078916459899432, 35.174869928828841 ], [ 129.078922255503386, 35.174872426437837 ], [ 129.078999344609855, 35.174740656576788 ], [ 129.079001338677244, 35.174737248667718 ], [ 129.079012311333429, 35.174718494729973 ], [ 129.079170835170459, 35.17444753299241 ], [ 129.079185422736458, 35.174422599203737 ], [ 129.079237616382073, 35.17433338216415 ], [ 129.079358189352291, 35.174127277742194 ], [ 129.079461600013531, 35.173950509769476 ], [ 129.079482209028441, 35.173915295784489 ], [ 129.079484076570822, 35.17391210409906 ], [ 129.079485837961982, 35.173909101331319 ], [ 129.079486073857197, 35.173908694336944 ], [ 129.079486451258362, 35.173908052883633 ], [ 129.079501697602467, 35.173881990675483 ], [ 129.079569273557041, 35.173767759877741 ], [ 129.079612269423649, 35.173695076312164 ], [ 129.079616735080378, 35.173617030387426 ], [ 129.079488124142244, 35.173444746443806 ], [ 129.079481455505942, 35.173397115225633 ], [ 129.079529476749087, 35.173368461700221 ], [ 129.079562289855176, 35.173348883692157 ], [ 129.079567771738425, 35.17334561330717 ], [ 129.079571210665819, 35.173343561486504 ], [ 129.079606281996092, 35.173314992989006 ], [ 129.079685960106588, 35.173159845543545 ], [ 129.079822701759525, 35.173055974295153 ], [ 129.079840431555084, 35.173042506585013 ], [ 129.079854700342565, 35.173018485689866 ], [ 129.079877978456466, 35.172979306734682 ], [ 129.079918714402311, 35.172951422497405 ], [ 129.080001060770002, 35.172895056532184 ], [ 129.080028530112315, 35.17287625317109 ], [ 129.080036014094759, 35.172871131801564 ], [ 129.0800625107901, 35.172812678744549 ], [ 129.080087262201403, 35.172704951553854 ], [ 129.080099521696781, 35.172691270272878 ], [ 129.080136991384819, 35.172649460959846 ], [ 129.080139777242209, 35.172644304412337 ], [ 129.080186157618726, 35.172558474402749 ], [ 129.080186630543665, 35.172557606300352 ], [ 129.080217920453123, 35.172547630220713 ], [ 129.08030978540927, 35.172518341183789 ], [ 129.080422216991082, 35.172482494108202 ], [ 129.080455973159388, 35.172471730240339 ], [ 129.080475878605682, 35.172458864265906 ], [ 129.080540999716987, 35.172416763386579 ], [ 129.080580216165856, 35.172391410625359 ], [ 129.080573938349119, 35.172265524319513 ], [ 129.080571191417448, 35.172210407365704 ], [ 129.080870219272128, 35.172116723684439 ], [ 129.081147139366891, 35.1721068270814 ], [ 129.081217619466059, 35.172104309236644 ], [ 129.081380408885053, 35.172073268381844 ], [ 129.081456662323376, 35.172058727882387 ], [ 129.081483726570582, 35.172053566217123 ], [ 129.081623860536553, 35.172031788219947 ], [ 129.081659648426097, 35.17201998408548 ], [ 129.081636995452357, 35.172001701524685 ], [ 129.081700936961937, 35.171977376094169 ], [ 129.081714727625609, 35.171972129878661 ], [ 129.081734641248119, 35.171949329743015 ], [ 129.081736653166615, 35.17194367837098 ], [ 129.081741416493173, 35.171930361707211 ], [ 129.081751840768561, 35.171902339007481 ], [ 129.08175321841972, 35.171898635265144 ], [ 129.081755262445, 35.171899289277746 ], [ 129.081785017918804, 35.171908809245089 ], [ 129.081783228174686, 35.17189679533319 ], [ 129.081801486772235, 35.171894783401839 ], [ 129.081812483577124, 35.171896145443732 ], [ 129.081811150752202, 35.171893717707732 ], [ 129.081809382905163, 35.171890486015151 ], [ 129.081837466304336, 35.171839711538283 ], [ 129.081847943336612, 35.171814697688845 ], [ 129.081951412274719, 35.171567682162177 ], [ 129.081960275106439, 35.171546520295323 ], [ 129.081979220401024, 35.171500045881118 ], [ 129.081971317432078, 35.171408321851331 ], [ 129.081967627734286, 35.171365515100931 ], [ 129.081953316489489, 35.171206561167224 ], [ 129.081949845501299, 35.17116886454312 ], [ 129.081935657809538, 35.171014810096665 ], [ 129.081932339388459, 35.170977846283563 ], [ 129.081930134801979, 35.170974741111571 ], [ 129.08186221755463, 35.170879043217077 ], [ 129.081822026610411, 35.170831702114562 ], [ 129.081780495004836, 35.170791557965948 ], [ 129.081758851728381, 35.170733272571105 ], [ 129.081740015420053, 35.170682547410514 ], [ 129.081697549662067, 35.170610780014542 ], [ 129.081692086094762, 35.17060154773722 ], [ 129.081606128095927, 35.17053720229697 ], [ 129.081580069608123, 35.170462120875527 ], [ 129.081622644399999, 35.170353929796761 ], [ 129.081623070313412, 35.170352846819846 ], [ 129.081630194042674, 35.170318995996091 ], [ 129.081606784688859, 35.170291682029372 ], [ 129.081636363323867, 35.170163138396283 ], [ 129.081618347996482, 35.17009299730244 ], [ 129.081544993329771, 35.169807431460015 ], [ 129.081519875575509, 35.169709643496368 ], [ 129.081515693103029, 35.169693362882803 ], [ 129.081480642642163, 35.169545612490239 ], [ 129.081533757982641, 35.169297790576337 ], [ 129.081671451754517, 35.16902493375548 ], [ 129.081672139045651, 35.169023570572797 ], [ 129.08162843719046, 35.168762816348526 ], [ 129.081623876302103, 35.168749275238071 ], [ 129.081526705529342, 35.168474480721827 ], [ 129.081390067015946, 35.168096130375503 ], [ 129.08128893339881, 35.167818119054417 ], [ 129.081228435775955, 35.167653486476922 ], [ 129.081201378827842, 35.16757995789709 ], [ 129.081024667223062, 35.167614858696858 ], [ 129.080859214004761, 35.16764788391437 ], [ 129.080836486354798, 35.16764631605875 ], [ 129.080721623154034, 35.167638382708525 ], [ 129.080563626399226, 35.167625755823572 ], [ 129.080510734360843, 35.167621532340156 ], [ 129.080329390521229, 35.167466498724387 ], [ 129.080153042233604, 35.167297572665888 ], [ 129.080017787486042, 35.167172247312322 ], [ 129.079928614019138, 35.167114761352359 ], [ 129.079694583177229, 35.166959492599254 ], [ 129.079460479442588, 35.166803701398862 ], [ 129.079445314592817, 35.16679360646512 ], [ 129.079369245721409, 35.16674512749961 ], [ 129.079279916920683, 35.166688191245868 ], [ 129.079259948528147, 35.166653056491711 ], [ 129.079170911584782, 35.166496391832204 ], [ 129.079081049156855, 35.166340229235253 ], [ 129.079045341803209, 35.166278180322969 ], [ 129.078984376859438, 35.166169491670466 ], [ 129.078948267133683, 35.166105193062108 ], [ 129.078763619152397, 35.165732897439653 ], [ 129.078658166553055, 35.165520278251734 ], [ 129.078615028633294, 35.165442020551446 ], [ 129.078563134024165, 35.165347878914559 ], [ 129.078103882741004, 35.164379763175482 ], [ 129.078093794665932, 35.164379463651876 ], [ 129.076781744195642, 35.164340663279461 ], [ 129.076641627918974, 35.164337212940517 ], [ 129.075704903791575, 35.164314143186509 ], [ 129.075264385069829, 35.164302479677993 ], [ 129.075554586148456, 35.164605426993951 ], [ 129.075574834076832, 35.164627501734294 ], [ 129.076039694936867, 35.165134240755705 ], [ 129.076130671942508, 35.165320027846434 ], [ 129.076337100758536, 35.165733824514703 ], [ 129.076341730892722, 35.165743101259736 ], [ 129.076605497680902, 35.165818181428918 ], [ 129.076632248676617, 35.165950954964138 ], [ 129.076662551799984, 35.166436631173141 ], [ 129.076676766388374, 35.166664481480446 ], [ 129.076636379858456, 35.166996207649177 ], [ 129.076606470816273, 35.167220605773565 ], [ 129.076135203903107, 35.167417600083432 ], [ 129.076058622599874, 35.167449572160891 ], [ 129.075988201794388, 35.167478975601092 ], [ 129.075975919448979, 35.167479066903802 ], [ 129.075676743186534, 35.167481295203679 ], [ 129.075265204192306, 35.167482465195839 ], [ 129.074843598160527, 35.167490084933533 ], [ 129.074837941645001, 35.167497271236776 ], [ 129.074799623154888, 35.16755914435258 ], [ 129.074650376014262, 35.167766321429241 ], [ 129.074584176576622, 35.167858217025255 ], [ 129.074462738148014, 35.16802678991079 ], [ 129.074411632649912, 35.168099742147298 ], [ 129.074377452306891, 35.168336140640825 ], [ 129.074005016082651, 35.168512666687711 ], [ 129.074002648407884, 35.168522670997866 ], [ 129.073711740027932, 35.168667775963982 ], [ 129.073703319934964, 35.168655659629138 ], [ 129.073349570247387, 35.168823325151358 ], [ 129.073333927835449, 35.168929416299406 ], [ 129.07333150180898, 35.168945857001802 ], [ 129.073310216791867, 35.169092469189394 ], [ 129.073286060352643, 35.169258852070328 ], [ 129.073277775581687, 35.169315651626277 ], [ 129.073245480047234, 35.169537113700443 ], [ 129.073252919883799, 35.169558417516889 ], [ 129.073303794597422, 35.169694962654006 ], [ 129.073321905717478, 35.169716140458995 ], [ 129.073459570046708, 35.169877123882259 ], [ 129.073408160780446, 35.16991224746431 ], [ 129.073398930522018, 35.169918550577201 ], [ 129.07342885874391, 35.169943903439133 ], [ 129.073442768164, 35.169955693318634 ], [ 129.073504470495266, 35.170007997915654 ], [ 129.073592008172767, 35.170081910924381 ], [ 129.073632714785873, 35.170091037278745 ], [ 129.073790476401939, 35.170126412848802 ], [ 129.073808567418865, 35.1701304702909 ], [ 129.073809340456194, 35.17013064327076 ], [ 129.073811472119786, 35.170131121369224 ], [ 129.073817118721735, 35.170125514851215 ], [ 129.073870670511013, 35.170072351021247 ], [ 129.073874592210871, 35.170068457422964 ], [ 129.073909705450717, 35.170033597719545 ], [ 129.073953006498186, 35.169990478396592 ], [ 129.07398404319926, 35.16995957108616 ], [ 129.074053612136652, 35.16989009907811 ], [ 129.074197381619058, 35.169912999268441 ], [ 129.074150389537266, 35.170100180659503 ], [ 129.074142151280455, 35.170132993400379 ], [ 129.074141443139609, 35.17013624386869 ], [ 129.074129589341112, 35.170190654627341 ], [ 129.074056762518097, 35.170524942870784 ], [ 129.074006706967879, 35.170754707066628 ], [ 129.073991743785115, 35.170790054148988 ], [ 129.073975929561868, 35.170814005205308 ], [ 129.07392662855213, 35.170861739380683 ], [ 129.07388154732746, 35.170891822105936 ], [ 129.0738365326647, 35.17090963673536 ], [ 129.073774110455673, 35.17092428482492 ], [ 129.073771837958191, 35.170924818351928 ], [ 129.073694551244017, 35.170928667214191 ], [ 129.073596584597141, 35.170915260267705 ], [ 129.073542157623365, 35.170904071692064 ], [ 129.073525757101891, 35.170938688161925 ], [ 129.0734866897605, 35.171021147886464 ], [ 129.073484322092213, 35.171026144679487 ], [ 129.073482546375516, 35.171029894076987 ], [ 129.073475375856958, 35.17104502778615 ], [ 129.073474437722524, 35.171046715153764 ], [ 129.073363864010958, 35.17124554695036 ], [ 129.073252698431588, 35.17143186667235 ], [ 129.073241533158836, 35.171451670274188 ], [ 129.07320939100714, 35.171508678748438 ], [ 129.073191412520089, 35.171540567584636 ], [ 129.073050743910045, 35.171497287594342 ], [ 129.072787460568634, 35.17135775426793 ], [ 129.072783546714874, 35.171361205944173 ], [ 129.072750494442857, 35.171390303463909 ], [ 129.072458832586619, 35.171647048230881 ], [ 129.072421757966623, 35.171682073638486 ], [ 129.072397509706036, 35.171704970029381 ], [ 129.072158538444768, 35.17193054224326 ], [ 129.072031771056089, 35.172050218534622 ], [ 129.072028488306444, 35.172053317582296 ], [ 129.072023713017217, 35.172057826276365 ], [ 129.072023103698712, 35.172058401294223 ], [ 129.07202167260354, 35.17205975153886 ], [ 129.072019349852354, 35.172061954553655 ], [ 129.071850361117043, 35.172221481403021 ], [ 129.071775946500452, 35.172296111825005 ], [ 129.071745431483549, 35.172326714281276 ], [ 129.071742061514385, 35.172330075016681 ], [ 129.071676662105347, 35.172395661601264 ], [ 129.07166663082009, 35.172405722044402 ], [ 129.07141436255705, 35.172658675773334 ], [ 129.071301092676123, 35.172735577217829 ], [ 129.071226284164737, 35.172786365009273 ], [ 129.071168772216197, 35.17282541127512 ], [ 129.071150613863466, 35.172837737355515 ], [ 129.071149275288235, 35.172838647308879 ], [ 129.071146366406197, 35.172840636116973 ], [ 129.071137724228322, 35.172846484236516 ], [ 129.071136743291163, 35.172847092020874 ], [ 129.071112924839554, 35.172861832088657 ], [ 129.07110797639686, 35.172864879691325 ], [ 129.071085434696556, 35.172878807074504 ], [ 129.071083562999036, 35.172879972785886 ], [ 129.071079184622818, 35.17288268751313 ], [ 129.070926195485839, 35.172977275819626 ], [ 129.070721107243344, 35.173104073252162 ], [ 129.070542745631968, 35.173197171625887 ], [ 129.070539935380339, 35.173198638013766 ], [ 129.07053825141449, 35.173199517277155 ], [ 129.07041539304609, 35.173263639407907 ], [ 129.070412296865811, 35.173265254658808 ], [ 129.070178763126393, 35.173387140259869 ], [ 129.070170975958575, 35.173391205575065 ], [ 129.070121279474819, 35.173417142586693 ], [ 129.070116646190399, 35.173419566661863 ], [ 129.070102470954822, 35.173426965074704 ], [ 129.069576993687065, 35.173701210352803 ], [ 129.069539988207993, 35.173720523557627 ], [ 129.06939613747511, 35.173795597131097 ], [ 129.069338853256937, 35.173825493724671 ], [ 129.069337967606231, 35.173825975838604 ], [ 129.069332014211426, 35.173829075161635 ], [ 129.069331346651239, 35.17382942101203 ], [ 129.069330418186809, 35.173829903680684 ], [ 129.069327384889476, 35.173831479320413 ], [ 129.069325791060351, 35.173832307810969 ], [ 129.069106553470789, 35.173946732880417 ], [ 129.0688722063407, 35.174075807810382 ], [ 129.068498810496948, 35.174281464111864 ], [ 129.06849056565278, 35.174286006787028 ], [ 129.067680413148651, 35.174732160887729 ], [ 129.067637564892777, 35.174755756939547 ], [ 129.067639160538562, 35.174784072785776 ], [ 129.067658169754424, 35.174928153622737 ], [ 129.067663658850336, 35.174969719523858 ], [ 129.067687997573273, 35.175117540635298 ], [ 129.067703650890138, 35.17521259512322 ], [ 129.0677270918099, 35.175205632424877 ], [ 129.067866103599329, 35.175164328995237 ], [ 129.067936741845102, 35.175256444600379 ], [ 129.06796862366653, 35.175298023095294 ], [ 129.067943621190295, 35.175304066587607 ], [ 129.067822011488147, 35.175332672031395 ], [ 129.067774261420766, 35.175649055215786 ], [ 129.06778524535892, 35.175749341730466 ], [ 129.06779486555763, 35.175834649526664 ], [ 129.06780941226404, 35.17596189473835 ], [ 129.067838710561489, 35.175999816444531 ], [ 129.067872598568187, 35.176078774707413 ], [ 129.067884617662287, 35.176104816987753 ], [ 129.067870651847073, 35.176193597471141 ], [ 129.067941282045695, 35.176203942229712 ], [ 129.067933392920452, 35.176212438301896 ], [ 129.067863967891043, 35.176302927688425 ], [ 129.067863769519334, 35.176344515812673 ], [ 129.067866049721289, 35.176434885556645 ], [ 129.067893483101159, 35.176473464314782 ], [ 129.067913519825282, 35.17650164146513 ], [ 129.067846325506139, 35.176508288908408 ], [ 129.067826006411366, 35.176523157948552 ], [ 129.067818741313204, 35.176537504553217 ], [ 129.067927751172675, 35.176521654925203 ], [ 129.0680198326979, 35.176508260368735 ], [ 129.068257961041468, 35.176476017142598 ], [ 129.068274192400281, 35.176469351462664 ], [ 129.068275725933773, 35.176473612415556 ], [ 129.068333589907297, 35.176465776442441 ], [ 129.068332383930596, 35.176462447112442 ], [ 129.068372021631205, 35.176466037864763 ], [ 129.068716396242621, 35.176476280685087 ], [ 129.068740354999449, 35.176476994543144 ], [ 129.068799086100114, 35.176478741976943 ], [ 129.068805583087425, 35.176474319295714 ], [ 129.068815763007791, 35.176467378509663 ], [ 129.068908013314143, 35.176404495697525 ], [ 129.068910610257802, 35.176402721958418 ], [ 129.068925910537928, 35.176392294143334 ], [ 129.068929097667279, 35.176400774805778 ], [ 129.068931488407742, 35.176407127183005 ], [ 129.06893165268238, 35.176407561430672 ], [ 129.068932578033952, 35.17640714372061 ], [ 129.068950084759308, 35.176399249672777 ], [ 129.06895275070724, 35.176404666226254 ], [ 129.068955932213441, 35.176411139991963 ], [ 129.06895984288559, 35.176419100971927 ], [ 129.068972454978592, 35.176444781124658 ], [ 129.068987508575077, 35.176448829033014 ], [ 129.069061588217835, 35.176410551862155 ], [ 129.069072128477018, 35.176405106653803 ], [ 129.069073859436003, 35.176404211474029 ], [ 129.069075437109603, 35.176403396719813 ], [ 129.069078696177854, 35.176401736114478 ], [ 129.069101456343731, 35.176390137810479 ], [ 129.069245972900376, 35.17631649308062 ], [ 129.069865531300422, 35.175999941679052 ], [ 129.070090337603659, 35.175885080567646 ], [ 129.070205061255649, 35.175826618990286 ], [ 129.07020840509162, 35.175824914880543 ], [ 129.070262017360903, 35.17579747817296 ], [ 129.070263126459537, 35.175796794802146 ], [ 129.070273509914557, 35.175809695541389 ], [ 129.070275873489607, 35.175812632971045 ], [ 129.070505045687867, 35.176096599924307 ], [ 129.070524716920971, 35.176086100798813 ], [ 129.070581656272822, 35.176157800743148 ], [ 129.070676533138453, 35.176276903565793 ], [ 129.070750224767949, 35.176369409723179 ], [ 129.070930652335733, 35.176595905151487 ], [ 129.071033175382723, 35.176724604321841 ], [ 129.071082103759636, 35.176786025080474 ], [ 129.071288554353032, 35.177045182787694 ], [ 129.071293469614375, 35.17705135269243 ], [ 129.07132213416952, 35.177087336988066 ], [ 129.0713243532511, 35.177090122998109 ], [ 129.071327672830904, 35.177094288606391 ], [ 129.071344365416167, 35.177115243445236 ], [ 129.071353931512959, 35.177127251284517 ], [ 129.07139045163251, 35.177109365645983 ], [ 129.071636229684231, 35.177418161342374 ], [ 129.071731636843964, 35.177537328520948 ], [ 129.072024017012779, 35.177902521435435 ], [ 129.071987389828763, 35.177923012484008 ], [ 129.072008883323633, 35.17794902239855 ], [ 129.072011984221973, 35.177952776989784 ], [ 129.07200674926807, 35.177963484758948 ], [ 129.071957715945643, 35.178063775403196 ], [ 129.07178102661743, 35.178423626428604 ], [ 129.071778228451052, 35.178431032446916 ], [ 129.071716712617786, 35.17859350985642 ], [ 129.071712747970935, 35.178603982036016 ], [ 129.07170578843278, 35.178622365879605 ], [ 129.07167714032181, 35.178698036839236 ], [ 129.071641125014821, 35.178793166223066 ], [ 129.071636180129047, 35.178806226098935 ], [ 129.071693075599796, 35.178978782883625 ], [ 129.071749113252366, 35.179047803527915 ], [ 129.071760280556504, 35.179074973530525 ], [ 129.071794482597937, 35.17915177979939 ], [ 129.071797918995372, 35.179159497090993 ], [ 129.07180223196184, 35.179168653683057 ], [ 129.071823909792471, 35.1792147723733 ], [ 129.071848902827071, 35.179274858928451 ], [ 129.071856636544908, 35.179292458801065 ], [ 129.071867349496074, 35.179317130038022 ], [ 129.071882178185604, 35.179350579946458 ], [ 129.07191139245802, 35.179416479320516 ], [ 129.071958675105776, 35.17952455731686 ], [ 129.071962062704756, 35.179532304989308 ], [ 129.071966019908416, 35.179541347181242 ], [ 129.071971129144401, 35.179553245120061 ], [ 129.071975369400263, 35.1795639840593 ], [ 129.071975759626611, 35.179563776133101 ], [ 129.071993233664159, 35.179554508026051 ], [ 129.072240495943248, 35.179423356952313 ], [ 129.072325404686495, 35.179378488924662 ] ] ] } },
{ "type": "Feature", "properties": { "BASE_DATE": "20250630", "ADM_CD": "21050610", "ADM_NM": "전포2동" }, "geometry": { "type": "Polygon", "coordinates": [ [ [ 129.067332938361602, 35.169568721673947 ], [ 129.067392835879843, 35.169566628353955 ], [ 129.067413999414896, 35.169566433796419 ], [ 129.067530068679162, 35.16956538055986 ], [ 129.067584851242117, 35.169564521827262 ], [ 129.06775963912898, 35.169563568461847 ], [ 129.067811684547792, 35.169563233728347 ], [ 129.067848037132649, 35.169563002951492 ], [ 129.06785332444997, 35.169562968764389 ], [ 129.067875191701035, 35.169553218829293 ], [ 129.067921090436187, 35.169532751456899 ], [ 129.067949493047678, 35.16953238374532 ], [ 129.067964856847055, 35.169532184836662 ], [ 129.06796463642695, 35.169524936988275 ], [ 129.067949962489251, 35.169044916246854 ], [ 129.068108410038235, 35.169040248355074 ], [ 129.068228976243716, 35.169036696491325 ], [ 129.068244682957271, 35.169036234347594 ], [ 129.068323729485797, 35.169033934086293 ], [ 129.068461717020398, 35.169030412447306 ], [ 129.068461339676531, 35.16897543750158 ], [ 129.068460640931249, 35.168922708106166 ], [ 129.068459684373295, 35.16882774368807 ], [ 129.068459632183647, 35.168818052117054 ], [ 129.068458980752951, 35.168713020037764 ], [ 129.068458683649908, 35.168680515637838 ], [ 129.068458324199923, 35.168630016021595 ], [ 129.068457624669577, 35.168524879976012 ], [ 129.068457831342613, 35.168506942584635 ], [ 129.068457850424466, 35.168504105890051 ], [ 129.068457863105635, 35.16850202211802 ], [ 129.068458026341744, 35.168479993808297 ], [ 129.068455653701733, 35.168266822136559 ], [ 129.068440344353007, 35.16820535786789 ], [ 129.068403681801442, 35.168068103557246 ], [ 129.068350498665438, 35.167865417342469 ], [ 129.068334264237421, 35.167806201013136 ], [ 129.068309656870952, 35.167716464696262 ], [ 129.068295668555038, 35.167663630584194 ], [ 129.068395501135257, 35.167635973083343 ], [ 129.068589795911805, 35.167617758092142 ], [ 129.068591165892201, 35.16761762854987 ], [ 129.068680588692729, 35.167609248504363 ], [ 129.068693552257656, 35.167608036538347 ], [ 129.068723034616255, 35.167605269023248 ], [ 129.068771775253111, 35.167600548017568 ], [ 129.068785342910701, 35.16759923264685 ], [ 129.068788854405199, 35.167598898648578 ], [ 129.068855461785574, 35.16759008911356 ], [ 129.068893035026576, 35.167584859956087 ], [ 129.068900967517919, 35.167583754614157 ], [ 129.068954790970196, 35.167575449631208 ], [ 129.068970616423769, 35.167573010443341 ], [ 129.068962916501931, 35.167558217490274 ], [ 129.069019000381246, 35.167544926174834 ], [ 129.06906091461434, 35.167534992055259 ], [ 129.069087366986537, 35.167583222389823 ], [ 129.069132791304384, 35.1675791663111 ], [ 129.069149155384792, 35.1675885311396 ], [ 129.069136983745551, 35.167602957627935 ], [ 129.069142430172519, 35.167605153697345 ], [ 129.069135628226661, 35.167613325608933 ], [ 129.069176454041241, 35.16763154462484 ], [ 129.069254322579127, 35.167666293338741 ], [ 129.06925665937689, 35.167667337773281 ], [ 129.069269654540875, 35.167626516051293 ], [ 129.069276791508372, 35.167615209420873 ], [ 129.069289434791528, 35.167594930804604 ], [ 129.069304021981935, 35.167574563886745 ], [ 129.069315974547692, 35.167557880799961 ], [ 129.069317854358843, 35.167554570995826 ], [ 129.069335411054226, 35.167523607809152 ], [ 129.069364890079527, 35.167466619495272 ], [ 129.069332753437351, 35.167444732023462 ], [ 129.069346169699571, 35.167437711396026 ], [ 129.069336943254825, 35.167431588240298 ], [ 129.069355272456164, 35.167421514231386 ], [ 129.069396520060934, 35.167398836341867 ], [ 129.069473535990056, 35.16735129210543 ], [ 129.069484245230683, 35.167346816609246 ], [ 129.06948713390895, 35.167345612499155 ], [ 129.069516170586269, 35.167337143411942 ], [ 129.069512540902025, 35.167324357012106 ], [ 129.069520051129501, 35.167318078286385 ], [ 129.069525764679042, 35.167311893168836 ], [ 129.069526851075238, 35.167310719626748 ], [ 129.069526622171367, 35.167301551473017 ], [ 129.069526551169986, 35.167298885447295 ], [ 129.069526358698909, 35.167292070008941 ], [ 129.06952605762811, 35.167281317769842 ], [ 129.069563763813733, 35.167268047978474 ], [ 129.069575885564291, 35.167250803679273 ], [ 129.06958401002845, 35.167239237193932 ], [ 129.069589688240626, 35.167187568391562 ], [ 129.069590344830289, 35.16718162732527 ], [ 129.069601283796658, 35.167178366007796 ], [ 129.069602584364077, 35.167169598180173 ], [ 129.069633194851065, 35.167158584176995 ], [ 129.069639670224944, 35.167116173534382 ], [ 129.069639857594069, 35.167114953940093 ], [ 129.069774537297633, 35.167111452078132 ], [ 129.069807239784097, 35.167101887744607 ], [ 129.070003981059273, 35.167044361298998 ], [ 129.070057423982291, 35.167028737933222 ], [ 129.070057775637252, 35.1670286396077 ], [ 129.070058876066355, 35.167033108119199 ], [ 129.070060440051435, 35.167039415303904 ], [ 129.07007245687862, 35.167036138168164 ], [ 129.070123093231103, 35.167022334530451 ], [ 129.070123499562641, 35.167022224676629 ], [ 129.070189661034618, 35.167004189570008 ], [ 129.070191822219101, 35.167003638620521 ], [ 129.070200722672837, 35.167001372001039 ], [ 129.070204409095851, 35.167000429816063 ], [ 129.070205156399481, 35.167000237101774 ], [ 129.07020775679382, 35.166999573166841 ], [ 129.070257611379617, 35.166970353158284 ], [ 129.070269091892357, 35.166963624402307 ], [ 129.070796776302103, 35.166654334913645 ], [ 129.070808625847206, 35.166647388542529 ], [ 129.070824499105868, 35.166638085482901 ], [ 129.070826234035309, 35.16663706580681 ], [ 129.070968059916225, 35.166544714211675 ], [ 129.070959598988622, 35.166524049191274 ], [ 129.071046825852846, 35.166464376581118 ], [ 129.071094588707268, 35.166431701370946 ], [ 129.071105976563558, 35.166424501298224 ], [ 129.071435369791317, 35.166216180457027 ], [ 129.071221848809955, 35.165391375213204 ], [ 129.071215730925587, 35.165367740579804 ], [ 129.071199463849268, 35.165304907819632 ], [ 129.070953019302806, 35.164352892463832 ], [ 129.070972441006745, 35.164348861026546 ], [ 129.070991250274886, 35.16434495473856 ], [ 129.071345380617402, 35.164271424176945 ], [ 129.071390525255765, 35.164437029438076 ], [ 129.071545532978178, 35.165005667165012 ], [ 129.07230838761015, 35.164843007519636 ], [ 129.072213692001469, 35.164471322405085 ], [ 129.073178752782638, 35.164297046968187 ], [ 129.073309493059639, 35.164744978766471 ], [ 129.073461483669718, 35.164713013346763 ], [ 129.073585272186705, 35.16508596754241 ], [ 129.073689690288916, 35.165054380073705 ], [ 129.073746486731892, 35.165029538607449 ], [ 129.073822852579184, 35.164996139051766 ], [ 129.074164140094609, 35.164809287633503 ], [ 129.074186858170634, 35.164796847755355 ], [ 129.07423567081247, 35.164771246093679 ], [ 129.075062223438607, 35.164337781171191 ], [ 129.075264385069829, 35.164302479677993 ], [ 129.075704903791575, 35.164314143186509 ], [ 129.076641627918974, 35.164337212940517 ], [ 129.076781744195642, 35.164340663279461 ], [ 129.078093794665932, 35.164379463651876 ], [ 129.078103882741004, 35.164379763175482 ], [ 129.078246624010063, 35.163992005185236 ], [ 129.078550043133674, 35.163167717985971 ], [ 129.078581396396288, 35.163070016399594 ], [ 129.078603024816658, 35.163002620031882 ], [ 129.078774304282888, 35.162758424166903 ], [ 129.078809396128889, 35.162707898888961 ], [ 129.079060904518315, 35.162345789131741 ], [ 129.07914161549354, 35.162226408590982 ], [ 129.079457528274958, 35.161768928774151 ], [ 129.07950969329525, 35.16169339917586 ], [ 129.079545469285449, 35.161617606338218 ], [ 129.079673885662487, 35.161345576692575 ], [ 129.079703627987413, 35.161285030179322 ], [ 129.079713807817114, 35.16124672170443 ], [ 129.079749502125196, 35.161112396853603 ], [ 129.07983105705776, 35.16080550011629 ], [ 129.07995271009807, 35.160526974875182 ], [ 129.079955689902278, 35.1605198313678 ], [ 129.079949661557379, 35.160521823206182 ], [ 129.079970176135646, 35.160472762612514 ], [ 129.080105036758454, 35.160150250591897 ], [ 129.080109443567835, 35.160151269618112 ], [ 129.080274705561834, 35.159650342724767 ], [ 129.080496647792017, 35.159036024210188 ], [ 129.080433987114731, 35.159014379259432 ], [ 129.079634575785491, 35.15873821621458 ], [ 129.079232465152586, 35.158599541929732 ], [ 129.078799480544291, 35.158443288921909 ], [ 129.078666257487214, 35.158697059786867 ], [ 129.078646915108635, 35.158738852395224 ], [ 129.07862570900852, 35.158784645365124 ], [ 129.078507838632561, 35.158962690379909 ], [ 129.07843704781618, 35.159070593662008 ], [ 129.078137296330823, 35.158848561061426 ], [ 129.078647020013761, 35.159851185353951 ], [ 129.077639067186453, 35.159282283883684 ], [ 129.077153017438775, 35.158999310442859 ], [ 129.076447512850791, 35.158787138116757 ], [ 129.076248570323116, 35.158740353516954 ], [ 129.076063100645655, 35.158696743644342 ], [ 129.075904952682237, 35.158539671711374 ], [ 129.075336114998265, 35.158328615986917 ], [ 129.07490236738127, 35.158027665675533 ], [ 129.074671560171083, 35.15786473325646 ], [ 129.0742762204695, 35.157843085410448 ], [ 129.073846750910889, 35.157816177985737 ], [ 129.072844051193897, 35.15780518169845 ], [ 129.072756932756391, 35.15797134092643 ], [ 129.072773424875834, 35.158169575502967 ], [ 129.072783644598758, 35.158294280862123 ], [ 129.072787128949727, 35.158336809415573 ], [ 129.072656675605828, 35.158295732893315 ], [ 129.0725706860635, 35.158244547197896 ], [ 129.072568818220645, 35.158243442638124 ], [ 129.072567252492263, 35.158242519886699 ], [ 129.072563951879317, 35.158240555764799 ], [ 129.072534262048379, 35.158222894688798 ], [ 129.072528129207058, 35.158219230843791 ], [ 129.072497951627099, 35.158213758580793 ], [ 129.072361938073215, 35.158189054942632 ], [ 129.072224957561588, 35.15816418879016 ], [ 129.07220112772211, 35.158159854832206 ], [ 129.072165214674413, 35.158153337136987 ], [ 129.072144738267099, 35.158186800016068 ], [ 129.072137643496632, 35.158198412813789 ], [ 129.072136585570973, 35.158200145004606 ], [ 129.072110034445302, 35.158192459919654 ], [ 129.07193238814213, 35.158141037008193 ], [ 129.07184513494164, 35.158115779324795 ], [ 129.071770555695394, 35.158094192547175 ], [ 129.071761508877245, 35.158093136050425 ], [ 129.071754032744963, 35.158093945330023 ], [ 129.071738870023466, 35.158095581044378 ], [ 129.071651020498791, 35.15810506079648 ], [ 129.071598064928537, 35.158110775248893 ], [ 129.071533125983535, 35.158117782980646 ], [ 129.071485684943781, 35.158117394096756 ], [ 129.071443288163891, 35.158117044338653 ], [ 129.071384238730445, 35.158116553566998 ], [ 129.071252941663488, 35.158115463646979 ], [ 129.071237397716118, 35.158114745644141 ], [ 129.071197978317201, 35.158112912805976 ], [ 129.071104437288994, 35.158108568643264 ], [ 129.070999392783193, 35.158062764514789 ], [ 129.070962642701687, 35.158046738166348 ], [ 129.070955771855409, 35.158043741984095 ], [ 129.070942632512669, 35.158038015894299 ], [ 129.070942047898797, 35.15803775840439 ], [ 129.07093719210647, 35.158035644905318 ], [ 129.070929672503695, 35.158032366818532 ], [ 129.070927498083734, 35.158031417678842 ], [ 129.070921991269415, 35.158029018699054 ], [ 129.070896465010208, 35.158017872314275 ], [ 129.07081884494994, 35.157993767428472 ], [ 129.070530985632473, 35.157904340856476 ], [ 129.070333425588075, 35.157842956779042 ], [ 129.070265900280646, 35.157821980867318 ], [ 129.070262304210331, 35.157820862611466 ], [ 129.070234383782122, 35.15781217604755 ], [ 129.070065618783872, 35.157770578140514 ], [ 129.069830353400761, 35.157712588743145 ], [ 129.069829462752097, 35.157797472036151 ], [ 129.06980002977761, 35.1577959961811 ], [ 129.069800757425128, 35.157813867394843 ], [ 129.069811788809346, 35.158068007881091 ], [ 129.069812732010604, 35.158089726156469 ], [ 129.069823288155504, 35.158332898445636 ], [ 129.069846279756064, 35.15834457559334 ], [ 129.069916795749151, 35.158380394872907 ], [ 129.070100462522959, 35.158456522437618 ], [ 129.070157592463175, 35.158481995156251 ], [ 129.070176463642184, 35.158490402334678 ], [ 129.070176022238485, 35.15849108426081 ], [ 129.07016327117492, 35.158510587189554 ], [ 129.070143228428009, 35.158541241928695 ], [ 129.070128053131384, 35.158564449419757 ], [ 129.069958074910318, 35.158824382040422 ], [ 129.069921862219672, 35.158840440161534 ], [ 129.069844953944141, 35.158874540301611 ], [ 129.069829295864452, 35.158881487246042 ], [ 129.069730431663942, 35.158881374637083 ], [ 129.069611621217206, 35.158877928426683 ], [ 129.069595211182559, 35.158876366715894 ], [ 129.06954693760764, 35.158871753926398 ], [ 129.06954958060345, 35.158987716644546 ], [ 129.069518379371459, 35.158989769082488 ], [ 129.069445053762621, 35.158983845357099 ], [ 129.069435973520626, 35.158983110092223 ], [ 129.0694293267928, 35.159035554253407 ], [ 129.069186633702714, 35.159025821867878 ], [ 129.069053527745353, 35.159020484814306 ], [ 129.069040319096274, 35.159019954468633 ], [ 129.068993560419074, 35.159018080748723 ], [ 129.068943030984769, 35.159016055697109 ], [ 129.068858364215714, 35.159014232960452 ], [ 129.068487065785774, 35.159006213528841 ], [ 129.068398860179258, 35.159004310070998 ], [ 129.068272480035603, 35.158991437804175 ], [ 129.068205116638779, 35.158984410103187 ], [ 129.068124352387827, 35.158975988865571 ], [ 129.068073003760929, 35.158970634507753 ], [ 129.067999860855821, 35.15896289891873 ], [ 129.067993974336389, 35.158955244752931 ], [ 129.067988907414161, 35.1589486510847 ], [ 129.067984761930575, 35.158939272148693 ], [ 129.067981298482977, 35.158931451374386 ], [ 129.067979744636006, 35.15892794260396 ], [ 129.06797813979648, 35.158924293843086 ], [ 129.06805199206886, 35.158586461803061 ], [ 129.068052050607264, 35.158586194169914 ], [ 129.068052983558033, 35.158581949954495 ], [ 129.068053427530259, 35.158579913790646 ], [ 129.068067339912005, 35.158516275060066 ], [ 129.068133658676658, 35.15821296199416 ], [ 129.068134056067038, 35.158211130195944 ], [ 129.068135667233918, 35.158203784691267 ], [ 129.068168328961519, 35.158054436383928 ], [ 129.068184945325243, 35.157808362344575 ], [ 129.06818507258717, 35.157806413228172 ], [ 129.068182753408252, 35.15780535591685 ], [ 129.068177558914215, 35.157802979815543 ], [ 129.06816825993684, 35.157798734628706 ], [ 129.068146882030589, 35.157788974717505 ], [ 129.067199948068264, 35.157776124152768 ], [ 129.067197984678785, 35.157776100869221 ], [ 129.067194053509496, 35.157776054358855 ], [ 129.066887567683523, 35.157771877902448 ], [ 129.066765655751993, 35.15777022893036 ], [ 129.066169679405306, 35.157762138387504 ], [ 129.066111748506216, 35.157761798275857 ], [ 129.066105672372686, 35.157761763234411 ], [ 129.066104284559486, 35.157761755933024 ], [ 129.066101528516583, 35.157761732060941 ], [ 129.066096038624039, 35.15776169665213 ], [ 129.066091802744751, 35.157761675684185 ], [ 129.066081345956235, 35.157761626954887 ], [ 129.066073260300641, 35.157761567403362 ], [ 129.066039910453725, 35.157761360246219 ], [ 129.066018487975555, 35.157761231489722 ], [ 129.065455487781804, 35.157757848438536 ], [ 129.065450382418504, 35.157757827866092 ], [ 129.065444881515106, 35.157757790766823 ], [ 129.065443858060775, 35.157757776945694 ], [ 129.065440133856328, 35.15775776016136 ], [ 129.065437085859259, 35.157757740047337 ], [ 129.065434646089244, 35.15775772108865 ], [ 129.064821788165062, 35.157754036352898 ], [ 129.064816241232165, 35.15775400342612 ], [ 129.064815130213788, 35.157754003353389 ], [ 129.064811860714201, 35.157753996904418 ], [ 129.06480934195335, 35.157753980756794 ], [ 129.064807545636114, 35.157753967898593 ], [ 129.064806693402829, 35.157753951860137 ], [ 129.064616011225155, 35.157752803235077 ], [ 129.064609427839429, 35.157752765654664 ], [ 129.064044001833906, 35.157749347864616 ], [ 129.064041547056235, 35.157749462509408 ], [ 129.064029634538116, 35.157749987789337 ], [ 129.06398900028708, 35.157751776514615 ], [ 129.063857858370625, 35.157751423090339 ], [ 129.062319103303821, 35.157747261121038 ], [ 129.062296986086437, 35.157747200172629 ], [ 129.062296928212589, 35.157753761010085 ], [ 129.062296288779123, 35.157826184511286 ], [ 129.062284664183665, 35.158280365571883 ], [ 129.062284457398391, 35.158288497125156 ], [ 129.062284442790087, 35.15828888139805 ], [ 129.062284421296681, 35.158289709350242 ], [ 129.062284335196438, 35.158293129353417 ], [ 129.062274563007861, 35.158674937965024 ], [ 129.062271311664432, 35.1588017205517 ], [ 129.062271230449738, 35.159367297622893 ], [ 129.06227123594951, 35.159370914797513 ], [ 129.06227123565003, 35.159371358391816 ], [ 129.062271237718136, 35.159371810971649 ], [ 129.06227123656754, 35.159372669315935 ], [ 129.062271232301157, 35.15938197575398 ], [ 129.062271133394916, 35.15995442685103 ], [ 129.062266007539506, 35.160088590699914 ], [ 129.062260314189786, 35.16023751395042 ], [ 129.062259797953743, 35.160250934709651 ], [ 129.062255693773039, 35.160358152587442 ], [ 129.062251147138909, 35.160476794113976 ], [ 129.062250951528597, 35.160481721211227 ], [ 129.062249919926671, 35.160508723203364 ], [ 129.062248306756288, 35.160551011318731 ], [ 129.06224788826006, 35.160562194832771 ], [ 129.062247279515162, 35.160578069153935 ], [ 129.062237468290249, 35.160834358303376 ], [ 129.062232318059841, 35.160968857846164 ], [ 129.062232230408654, 35.160971163482529 ], [ 129.062229563323143, 35.16104078025414 ], [ 129.062200155493457, 35.161418067058207 ], [ 129.062230255233345, 35.161502563265103 ], [ 129.062230865820339, 35.161504293686669 ], [ 129.062273048500487, 35.161622743602628 ], [ 129.062287704319544, 35.161663902228547 ], [ 129.062296874360186, 35.161689640212529 ], [ 129.062306734394099, 35.161717356435844 ], [ 129.062313980968725, 35.161737700574783 ], [ 129.0623251771664, 35.161769148440129 ], [ 129.062331980630773, 35.161788252273517 ], [ 129.062350764867546, 35.16181266349713 ], [ 129.062357504396175, 35.161821421320546 ], [ 129.062415620625075, 35.161896961970854 ], [ 129.062550095053865, 35.162071747294462 ], [ 129.062627745971156, 35.162172677500379 ], [ 129.062635192565438, 35.162182351232843 ], [ 129.06264629165392, 35.162196776189873 ], [ 129.062652645315154, 35.162205102596438 ], [ 129.062664116090644, 35.162220132242084 ], [ 129.062803245447043, 35.162402425286487 ], [ 129.063141403899721, 35.162845505215024 ], [ 129.063143183229272, 35.162847837246261 ], [ 129.063147183273003, 35.162853076246435 ], [ 129.063150180990135, 35.16285699921513 ], [ 129.063151309358091, 35.162858475908862 ], [ 129.063153712651513, 35.162861629364656 ], [ 129.063154467149673, 35.162862616803395 ], [ 129.063365181963491, 35.163138711583365 ], [ 129.063483054652465, 35.163293140835783 ], [ 129.063551954645277, 35.163382794276686 ], [ 129.06359381626325, 35.163364679768392 ], [ 129.063747306196774, 35.163558903834286 ], [ 129.063994779620231, 35.16387046445611 ], [ 129.064221036450419, 35.164155313486994 ], [ 129.064270371295237, 35.164222870166753 ], [ 129.06428743405877, 35.164244358655026 ], [ 129.064312275083353, 35.164275045839986 ], [ 129.064807697709227, 35.164895848886268 ], [ 129.064807994694917, 35.164896221018729 ], [ 129.064824117420955, 35.164916423258703 ], [ 129.065654773295705, 35.16595727023175 ], [ 129.065714434211543, 35.166032542163023 ], [ 129.065814619392427, 35.166158939509131 ], [ 129.065840910209175, 35.16619211046838 ], [ 129.066312462678184, 35.16678703917556 ], [ 129.066315064972855, 35.166790251299041 ], [ 129.066332067518715, 35.166811233553219 ], [ 129.066382985146475, 35.166874064255751 ], [ 129.066494093834848, 35.167011505030075 ], [ 129.066919722897978, 35.167545869293221 ], [ 129.067089648106219, 35.167759206556369 ], [ 129.067132014113497, 35.167808957092717 ], [ 129.067129892737938, 35.16781009712242 ], [ 129.06691695115515, 35.167924328497506 ], [ 129.066932300211164, 35.167955536413011 ], [ 129.066944495874822, 35.167980335044746 ], [ 129.066953796357325, 35.167999249393475 ], [ 129.066989437923638, 35.168081478028206 ], [ 129.067014367830751, 35.168138997019874 ], [ 129.067017458037071, 35.168146117581259 ], [ 129.067037907192372, 35.168199806822308 ], [ 129.067049682735757, 35.16823074539554 ], [ 129.067053833535283, 35.168241638972425 ], [ 129.06705494623219, 35.168244580035378 ], [ 129.067091788263156, 35.168360174111186 ], [ 129.067096365757294, 35.168374764153754 ], [ 129.067114194883061, 35.168431639289608 ], [ 129.067114735030515, 35.168433352561998 ], [ 129.067131900355207, 35.168500492937618 ], [ 129.067132209701128, 35.168501736755559 ], [ 129.067148670098476, 35.168577227894851 ], [ 129.067172587918463, 35.168686924979703 ], [ 129.067174024567549, 35.168698163824146 ], [ 129.067185488094111, 35.168788015456308 ], [ 129.067185589111858, 35.168788816577184 ], [ 129.067194558596498, 35.168872061064178 ], [ 129.067205341796836, 35.168972230441163 ], [ 129.06720540843645, 35.168973414287187 ], [ 129.067209392198436, 35.169046086156754 ], [ 129.067211747640869, 35.169089179420361 ], [ 129.067215278887574, 35.169153490254253 ], [ 129.067217697260759, 35.169197688069723 ], [ 129.067220872424031, 35.169255573266938 ], [ 129.067223502571778, 35.169303596553668 ], [ 129.067228615277912, 35.169396758098173 ], [ 129.067229087989574, 35.169405369516483 ], [ 129.067229135921622, 35.169406265091062 ], [ 129.067231542642645, 35.169450197983409 ], [ 129.067232660703922, 35.169470466008882 ], [ 129.067234985521736, 35.1695129916544 ], [ 129.067236667461316, 35.169543646078708 ], [ 129.067237659975547, 35.169561834825416 ], [ 129.067238218454577, 35.169571939993723 ], [ 129.06724234413457, 35.169571908243199 ], [ 129.067332938361602, 35.169568721673947 ] ] ] } },
{ "type": "Feature", "properties": { "BASE_DATE": "20250630", "ADM_CD": "21050640", "ADM_NM": "부암1동" }, "geometry": { "type": "Polygon", "coordinates": [ [ [ 129.045287881883468, 35.169997029314025 ], [ 129.045762743980958, 35.169787910294325 ], [ 129.045799961878004, 35.169792250752231 ], [ 129.045808136020185, 35.169767919325004 ], [ 129.045897516508262, 35.169728561132224 ], [ 129.045916998959797, 35.169745581839535 ], [ 129.04592954089901, 35.169717768542945 ], [ 129.046032166024816, 35.169754705618203 ], [ 129.04603938189635, 35.169757302998967 ], [ 129.04607813753853, 35.169683554450472 ], [ 129.046082150025768, 35.169675918905334 ], [ 129.046097668694699, 35.169666842665706 ], [ 129.046127268075708, 35.169649525394334 ], [ 129.046134731975457, 35.16963512520357 ], [ 129.046136613312541, 35.169631495657441 ], [ 129.046145132106716, 35.169615050677237 ], [ 129.046144998951405, 35.169609641830576 ], [ 129.046144519099158, 35.169590271509911 ], [ 129.046025625858732, 35.16960192245638 ], [ 129.046024567901867, 35.16961221518887 ], [ 129.045949029548638, 35.169622947459004 ], [ 129.045937445676088, 35.169606132480162 ], [ 129.045925956880524, 35.169594455449406 ], [ 129.045907461950605, 35.169543292685979 ], [ 129.045951141928583, 35.169536056019552 ], [ 129.045956410264608, 35.169549865411717 ], [ 129.046012567672165, 35.169540409276991 ], [ 129.046011445835433, 35.169514212063653 ], [ 129.046041474640333, 35.169513314817436 ], [ 129.046080106850042, 35.169536977519094 ], [ 129.046163476908305, 35.169559749899449 ], [ 129.046165143778069, 35.169557145513785 ], [ 129.046176530030749, 35.169539339462347 ], [ 129.046176630498906, 35.169520869651699 ], [ 129.046176899325673, 35.169470988390948 ], [ 129.046176336958212, 35.169468078870203 ], [ 129.046168924138925, 35.169429794779816 ], [ 129.046164761825281, 35.169426036823261 ], [ 129.046114538291022, 35.169380698714406 ], [ 129.046107388648892, 35.169360894213952 ], [ 129.046021642176044, 35.169374339949243 ], [ 129.046005027866016, 35.169324265776069 ], [ 129.046050023343952, 35.169267396819251 ], [ 129.046076921319695, 35.169239572450266 ], [ 129.046090890841953, 35.169222504303306 ], [ 129.046097577888929, 35.169207437825875 ], [ 129.04608027948106, 35.169177601763984 ], [ 129.046115319075113, 35.169168566638511 ], [ 129.046119495938399, 35.169157319858407 ], [ 129.046121503209832, 35.169152107285036 ], [ 129.046127216294906, 35.16913727142871 ], [ 129.046124601179145, 35.169127429506091 ], [ 129.046131270845621, 35.169110111934557 ], [ 129.046175125019346, 35.169100200601456 ], [ 129.046157381216688, 35.169040693823227 ], [ 129.046219430709726, 35.169025644537449 ], [ 129.046216996235728, 35.168973790807506 ], [ 129.046252552237803, 35.168972144035713 ], [ 129.046254577345394, 35.168869468355446 ], [ 129.046254775398552, 35.16885940027985 ], [ 129.046324948298178, 35.168844788192779 ], [ 129.046312331057749, 35.168742317491912 ], [ 129.046429104563288, 35.168706988278821 ], [ 129.046693759168164, 35.168626916178269 ], [ 129.046820550090388, 35.16858855548432 ], [ 129.04687002388701, 35.168583190164199 ], [ 129.046985745069748, 35.168570641252799 ], [ 129.047006540025734, 35.168568385785441 ], [ 129.04726812151398, 35.16853166581943 ], [ 129.047272950250658, 35.168528466535733 ], [ 129.047303309983675, 35.168508373136653 ], [ 129.047372301101774, 35.168462709759034 ], [ 129.047678343485074, 35.168260148096586 ], [ 129.047679408361887, 35.168259443857373 ], [ 129.047698283207467, 35.168246953417913 ], [ 129.047939102390984, 35.168333430607248 ], [ 129.04794294851618, 35.168334814103943 ], [ 129.048010932750401, 35.168358394062587 ], [ 129.048072330479698, 35.16837990423214 ], [ 129.048088128959705, 35.168385439220671 ], [ 129.048110158179213, 35.168393156696112 ], [ 129.048160650212168, 35.1684316671804 ], [ 129.048167398321681, 35.168436814750763 ], [ 129.048205835315855, 35.168466508320186 ], [ 129.048199832604951, 35.168481740172169 ], [ 129.048201326352881, 35.168491495402584 ], [ 129.048288080039981, 35.168529563924281 ], [ 129.048289126803553, 35.168530336744091 ], [ 129.048297921731972, 35.168536824075595 ], [ 129.048322357632458, 35.168554840459478 ], [ 129.048376351769491, 35.168594993887332 ], [ 129.048396615136284, 35.168613463012086 ], [ 129.048390777217548, 35.168614916206387 ], [ 129.048371307298396, 35.168619763321061 ], [ 129.048370201304891, 35.168620036222094 ], [ 129.0483408281236, 35.168627348710359 ], [ 129.04833980080727, 35.168627601671517 ], [ 129.048394938183748, 35.168645585278085 ], [ 129.048395934793234, 35.168645913344157 ], [ 129.048434049503243, 35.168652693903944 ], [ 129.04846344549884, 35.168657702466597 ], [ 129.048467759424966, 35.168659724614422 ], [ 129.048641044549356, 35.168740954518924 ], [ 129.048727258125638, 35.168759434994463 ], [ 129.048766547523428, 35.168747792312054 ], [ 129.048775986603118, 35.168744993831979 ], [ 129.048826691575101, 35.168729922395414 ], [ 129.048877603230636, 35.168713939474479 ], [ 129.048923817510428, 35.168684982072612 ], [ 129.048944065468845, 35.16867229806644 ], [ 129.048980180391055, 35.168676336996931 ], [ 129.049014563425885, 35.168680183484852 ], [ 129.049028835812976, 35.16868218733822 ], [ 129.049113647714961, 35.168676033722022 ], [ 129.049122378455081, 35.1686810431776 ], [ 129.049131418322531, 35.168679948404254 ], [ 129.049157481732948, 35.168676783979748 ], [ 129.049191265909514, 35.168672676886004 ], [ 129.049205029371564, 35.168671005064724 ], [ 129.049264822703179, 35.16867864227887 ], [ 129.049274799119303, 35.168679918462239 ], [ 129.049289696568906, 35.168681822324956 ], [ 129.049339393502379, 35.168688166822641 ], [ 129.049377871757798, 35.168688293080386 ], [ 129.049426291781543, 35.168703841254484 ], [ 129.049436981498047, 35.168679460280451 ], [ 129.04943769824763, 35.168677827316252 ], [ 129.049440238615603, 35.168672020022392 ], [ 129.049444327815564, 35.168663817178626 ], [ 129.049518037056117, 35.168625794661217 ], [ 129.04955575106095, 35.16862296886125 ], [ 129.049558169803646, 35.16862278824803 ], [ 129.049588684659369, 35.168620503547054 ], [ 129.049647198999054, 35.168636308366672 ], [ 129.049717996889797, 35.168610528035614 ], [ 129.049826442753471, 35.168571041128452 ], [ 129.049890435882958, 35.168563983994382 ], [ 129.049892919090951, 35.168559042965654 ], [ 129.049926977205928, 35.168601134115661 ], [ 129.04999606229751, 35.168686490500079 ], [ 129.050002959941878, 35.168694707827619 ], [ 129.050009840906284, 35.16870852524967 ], [ 129.050030187302752, 35.168723307263114 ], [ 129.050071566842462, 35.168753359275343 ], [ 129.050122984261805, 35.16879087252515 ], [ 129.050183968024498, 35.168824251155634 ], [ 129.050234460706321, 35.168824614656657 ], [ 129.050243539042981, 35.168824678774477 ], [ 129.050246916482791, 35.168822192187733 ], [ 129.050254871148127, 35.168816334507305 ], [ 129.050258353206573, 35.168815946423855 ], [ 129.05029493917786, 35.168812749845728 ], [ 129.050309059221831, 35.168813898069153 ], [ 129.050343358621518, 35.168816687663508 ], [ 129.050365215159673, 35.168819687923147 ], [ 129.050417171897351, 35.168828459926843 ], [ 129.050438988705139, 35.168832143198159 ], [ 129.05051411464774, 35.168834401971331 ], [ 129.050643243184055, 35.168809653187196 ], [ 129.050673568972883, 35.168804637862245 ], [ 129.050895361027983, 35.169012741461401 ], [ 129.05097426316317, 35.169085935099361 ], [ 129.05099015546449, 35.169100034669434 ], [ 129.050991443355827, 35.169101592381828 ], [ 129.050999790999072, 35.169111686258674 ], [ 129.051028728880397, 35.169137534391659 ], [ 129.051039436011308, 35.169146870451662 ], [ 129.051051628038493, 35.169157499331789 ], [ 129.051158374085162, 35.169255462226609 ], [ 129.051262706223383, 35.169354772287249 ], [ 129.051371316007078, 35.169454175322009 ], [ 129.05138600804267, 35.169464849680935 ], [ 129.051477337557742, 35.169533729179051 ], [ 129.051493018972621, 35.169546197670002 ], [ 129.051527559850996, 35.169525039860538 ], [ 129.051528806008804, 35.169524284578678 ], [ 129.051649774119568, 35.169646382958568 ], [ 129.051693238658203, 35.169643898453117 ], [ 129.051712334201426, 35.169641767633721 ], [ 129.05178445634121, 35.169633719058723 ], [ 129.051859499785508, 35.169622121250512 ], [ 129.051887673524988, 35.169615478746259 ], [ 129.05193441719598, 35.169604470722334 ], [ 129.051940534953843, 35.169602951560414 ], [ 129.052000889469781, 35.169587957104163 ], [ 129.052076654180638, 35.169562549928038 ], [ 129.052101194063937, 35.169544846149954 ], [ 129.052107303008682, 35.169540437443338 ], [ 129.052150269522144, 35.169469816628862 ], [ 129.052208181530574, 35.169374623004991 ], [ 129.052253236307422, 35.1692017052452 ], [ 129.052258142453013, 35.169136736601359 ], [ 129.05226167294677, 35.169089970995124 ], [ 129.052268157877535, 35.169004085576617 ], [ 129.052298116323726, 35.168781738650878 ], [ 129.052313281877048, 35.168730911841301 ], [ 129.052336563342209, 35.168652857068174 ], [ 129.052371034938119, 35.168537287259966 ], [ 129.052395753168895, 35.168454417510695 ], [ 129.052412249420627, 35.168427043356459 ], [ 129.05246165521342, 35.16834506529932 ], [ 129.052499245187903, 35.168282708884036 ], [ 129.052514791080483, 35.168256923808578 ], [ 129.052578779508877, 35.168150773326737 ], [ 129.052617158073133, 35.168087110255598 ], [ 129.052676516359725, 35.167997434633875 ], [ 129.052698243718964, 35.167953455204689 ], [ 129.05270617298001, 35.167945004670365 ], [ 129.052739320900599, 35.167909655058274 ], [ 129.052651948377076, 35.16788057317136 ], [ 129.052645054148371, 35.167818952880289 ], [ 129.052705382665152, 35.167655580988892 ], [ 129.052754639256335, 35.167660846003763 ], [ 129.052801253220082, 35.167538446701037 ], [ 129.052784494180344, 35.167488579112685 ], [ 129.05276835024182, 35.167484746893081 ], [ 129.052771694560789, 35.167475443612496 ], [ 129.052847569859637, 35.167264372971943 ], [ 129.052849220613155, 35.167259779758623 ], [ 129.052867537271709, 35.167259101321235 ], [ 129.052867133972796, 35.167209943673804 ], [ 129.052895896722674, 35.167129926937676 ], [ 129.052916867002267, 35.167072653965761 ], [ 129.052916873955525, 35.166983981742369 ], [ 129.052952497039854, 35.166912240334327 ], [ 129.053132385290098, 35.166619551305544 ], [ 129.053149455265952, 35.166591777494972 ], [ 129.05313516499794, 35.166583391877488 ], [ 129.053127972115561, 35.166579170828975 ], [ 129.05308638710386, 35.166554767447757 ], [ 129.053090052821148, 35.166539331814469 ], [ 129.053108655385188, 35.166466746524797 ], [ 129.053158685793079, 35.166277645663378 ], [ 129.053241877590665, 35.165963210877422 ], [ 129.053283014226963, 35.165199530677086 ], [ 129.053285064798416, 35.165191254674461 ], [ 129.053340668887017, 35.164966677026861 ], [ 129.053417674274016, 35.164908380548553 ], [ 129.053590002396675, 35.164777916584363 ], [ 129.053649709256291, 35.164732714094946 ], [ 129.053747607968063, 35.164589577751137 ], [ 129.053948864933687, 35.16429531146084 ], [ 129.05415372077519, 35.164007228767254 ], [ 129.054166886151933, 35.16398871302966 ], [ 129.054245658181884, 35.163881572243021 ], [ 129.054385480932922, 35.163691395208517 ], [ 129.054545554082893, 35.163481020868417 ], [ 129.054673745713558, 35.163477008764652 ], [ 129.054733944021336, 35.163475124369612 ], [ 129.054862349861281, 35.163382934848286 ], [ 129.054893571779672, 35.163360518593223 ], [ 129.054972592343034, 35.16328133479221 ], [ 129.055036538488281, 35.163229262860931 ], [ 129.05505301207404, 35.163213022587229 ], [ 129.05518448012873, 35.163042111967457 ], [ 129.055198738914015, 35.162979844218675 ], [ 129.055300802652965, 35.162534104466701 ], [ 129.055311342292725, 35.162488077323751 ], [ 129.055324817372536, 35.162429231302397 ], [ 129.055335089420765, 35.162384374272825 ], [ 129.055341897704523, 35.162356879791695 ], [ 129.055357190320109, 35.162295121677367 ], [ 129.05537960717183, 35.162204590147454 ], [ 129.055380793953219, 35.162199801798941 ], [ 129.055412133390803, 35.162073233848815 ], [ 129.055441011487034, 35.161956595341834 ], [ 129.055498118952386, 35.161973033966092 ], [ 129.055517752694215, 35.161919473391912 ], [ 129.055454627815266, 35.161901600958927 ], [ 129.055383082970565, 35.161877548809038 ], [ 129.055399106547753, 35.161839307838925 ], [ 129.055203088217809, 35.161769106640214 ], [ 129.055176952925393, 35.16180584911568 ], [ 129.05511171876131, 35.161784900251888 ], [ 129.055101927002141, 35.161781749529311 ], [ 129.055014531550796, 35.161741352565294 ], [ 129.054921349885177, 35.161698282620776 ], [ 129.054920584507215, 35.16169781369296 ], [ 129.054863089548206, 35.161662559614356 ], [ 129.054737355662127, 35.16158720069042 ], [ 129.054711388127174, 35.161576351373618 ], [ 129.054728532048529, 35.161556234643541 ], [ 129.054646436835213, 35.161505757022631 ], [ 129.054619826756834, 35.16153809841861 ], [ 129.054593209094321, 35.161570446217439 ], [ 129.054419868171493, 35.161486002995304 ], [ 129.054249488428496, 35.161379507873463 ], [ 129.054284552753757, 35.161345455011421 ], [ 129.054224236864854, 35.161304379977487 ], [ 129.054199436618973, 35.161286610158157 ], [ 129.054056348781302, 35.161184087758038 ], [ 129.053905215479716, 35.161071266552895 ], [ 129.053769411916647, 35.160949588561571 ], [ 129.053739066470285, 35.160921257119611 ], [ 129.053622313538057, 35.160812258219664 ], [ 129.053517261327272, 35.160704888903098 ], [ 129.053486981562259, 35.160672092692572 ], [ 129.053404909284751, 35.16055501304826 ], [ 129.05339386683869, 35.160539254814701 ], [ 129.053281376271485, 35.160383512948812 ], [ 129.053219682824192, 35.160279740124004 ], [ 129.053203627752907, 35.160252733677453 ], [ 129.053193702988096, 35.160236222674797 ], [ 129.053224004925568, 35.160219619590805 ], [ 129.05316042148894, 35.160096810076283 ], [ 129.053091503371178, 35.159964976211434 ], [ 129.053073198525112, 35.159972484189815 ], [ 129.053041568433514, 35.159919108842871 ], [ 129.053025862868253, 35.159923876859764 ], [ 129.052974945183195, 35.15993932869192 ], [ 129.052932060068201, 35.159825560961821 ], [ 129.052872711980228, 35.159839690885782 ], [ 129.052831355636954, 35.159849537399019 ], [ 129.05281890080218, 35.159894672877712 ], [ 129.052755682653668, 35.159758112536117 ], [ 129.052718524951757, 35.159677872423522 ], [ 129.052674907863519, 35.159583675260308 ], [ 129.052645773967043, 35.159470878887525 ], [ 129.05260234168631, 35.159176766685974 ], [ 129.052602272547119, 35.159176305948904 ], [ 129.052601696543036, 35.159172397648618 ], [ 129.052599338065761, 35.159156440566633 ], [ 129.052599156695891, 35.159155215802947 ], [ 129.052566534028273, 35.158934336071212 ], [ 129.052557655206755, 35.158679850187092 ], [ 129.052557187882655, 35.15866646729711 ], [ 129.052549602345152, 35.158449006492113 ], [ 129.052562461495341, 35.158366051503641 ], [ 129.052577490894009, 35.158269107293535 ], [ 129.052648870975702, 35.157808719302167 ], [ 129.052652935259772, 35.157782497125844 ], [ 129.052665752539838, 35.157700987935314 ], [ 129.052676773144441, 35.157630885478603 ], [ 129.052676443734583, 35.157630882488263 ], [ 129.052609406127061, 35.15763001611036 ], [ 129.052541848028653, 35.157629143744124 ], [ 129.051061190100256, 35.157610019841165 ], [ 129.050679922628063, 35.157533576327317 ], [ 129.050675717903971, 35.157532420197313 ], [ 129.050661193131901, 35.15758538450013 ], [ 129.050620801612382, 35.157732664507627 ], [ 129.050499543004719, 35.157873721719419 ], [ 129.05037172529012, 35.158022407425371 ], [ 129.050219456773135, 35.158087834034646 ], [ 129.050228349868547, 35.15810018405422 ], [ 129.050228842580566, 35.158100866577236 ], [ 129.050316136202241, 35.158222079572091 ], [ 129.050374483153092, 35.158303096036107 ], [ 129.050371926966307, 35.158305505393997 ], [ 129.050294828678375, 35.158313926854667 ], [ 129.050309225802209, 35.158346433105763 ], [ 129.050366421025075, 35.158384690204819 ], [ 129.050383829747886, 35.15838961015514 ], [ 129.050470408123005, 35.158414105827838 ], [ 129.05048247301022, 35.158417664215762 ], [ 129.050480055858259, 35.158427746287011 ], [ 129.050479968377203, 35.15842811165659 ], [ 129.050471459146593, 35.158463583463337 ], [ 129.050452017331565, 35.158544630863311 ], [ 129.0504315338342, 35.158630028329597 ], [ 129.050430058921279, 35.158663264264895 ], [ 129.050429162063381, 35.158669574380951 ], [ 129.050427284245671, 35.158695232946719 ], [ 129.05042711497066, 35.158697536018025 ], [ 129.050426877630116, 35.158700880416667 ], [ 129.050423999555193, 35.158753547743693 ], [ 129.050421895846455, 35.158792062529457 ], [ 129.050421707916342, 35.158795002375037 ], [ 129.050415895644875, 35.158887199508413 ], [ 129.050411727250889, 35.158953328133592 ], [ 129.050411129124313, 35.158962883822021 ], [ 129.050407823033652, 35.159008502441701 ], [ 129.050397643730776, 35.159060568982603 ], [ 129.050396167002305, 35.159068141559153 ], [ 129.050385478793061, 35.159104037955991 ], [ 129.050384227403242, 35.159108212191114 ], [ 129.050381603583503, 35.159134478971353 ], [ 129.050371671215231, 35.159233920062803 ], [ 129.05037115942369, 35.159239000865171 ], [ 129.050367259409398, 35.159270796412791 ], [ 129.050366014828853, 35.159280998713669 ], [ 129.050363526960695, 35.159304479586396 ], [ 129.050363056636485, 35.159308852997015 ], [ 129.050361377519351, 35.159322422055482 ], [ 129.050360774634271, 35.15932733091492 ], [ 129.050359780546756, 35.159335344510936 ], [ 129.050356832611811, 35.159361656912452 ], [ 129.050355894453219, 35.15936995650398 ], [ 129.050350994268257, 35.159414073608801 ], [ 129.05034947590508, 35.159427783063478 ], [ 129.050344594364759, 35.159471725918692 ], [ 129.050343872471586, 35.1594781158404 ], [ 129.050343262427674, 35.159486002803476 ], [ 129.050342172463814, 35.159499840212668 ], [ 129.05032611615826, 35.159554162056246 ], [ 129.05032223740551, 35.159567294939436 ], [ 129.050171918821462, 35.160070837596137 ], [ 129.050169499286966, 35.160078946971446 ], [ 129.050157997881996, 35.160117475629768 ], [ 129.050047180105366, 35.160498750387838 ], [ 129.050025341666725, 35.160573884974774 ], [ 129.050015615135237, 35.160607365341335 ], [ 129.049977889751716, 35.160622414487179 ], [ 129.049948098873472, 35.160764012792256 ], [ 129.049943228754302, 35.160776863522472 ], [ 129.049891702464492, 35.160912827198693 ], [ 129.049846500095953, 35.161032138376349 ], [ 129.049844866913048, 35.161036445519031 ], [ 129.049816743734539, 35.161110648879117 ], [ 129.049815371991372, 35.161114269257205 ], [ 129.049769079930115, 35.161236454249213 ], [ 129.049764737824546, 35.161247915149247 ], [ 129.049762511933466, 35.161253793262993 ], [ 129.049761880912968, 35.161255485540849 ], [ 129.049746323064852, 35.16129653466281 ], [ 129.049710020730998, 35.161392340592172 ], [ 129.049693029568658, 35.161437182177274 ], [ 129.049667775403037, 35.161503829382788 ], [ 129.049660059283781, 35.161524194451246 ], [ 129.049657961820202, 35.16152972470239 ], [ 129.049612892571901, 35.161596246736437 ], [ 129.049611273633559, 35.161596907590528 ], [ 129.049487831359016, 35.161647424304761 ], [ 129.049411066146433, 35.161666283404955 ], [ 129.049336101625414, 35.161736204539665 ], [ 129.049330217684144, 35.161741687649567 ], [ 129.049282620328086, 35.161786078570913 ], [ 129.049269407264262, 35.161796680087193 ], [ 129.049241238452282, 35.161821745354743 ], [ 129.04924092752978, 35.161849345753048 ], [ 129.049112342518896, 35.161916095506704 ], [ 129.049079395732321, 35.161927392078958 ], [ 129.049005595700066, 35.161951525278013 ], [ 129.048774376414912, 35.162028826885695 ], [ 129.048745287288028, 35.162038950636585 ], [ 129.048665440367955, 35.162029527358584 ], [ 129.048648436115315, 35.162022640101704 ], [ 129.048566144120713, 35.161989353599836 ], [ 129.048530576824191, 35.16196481755334 ], [ 129.048482373099063, 35.161985591979942 ], [ 129.048475711687615, 35.161994429955122 ], [ 129.048452357939198, 35.162025401229052 ], [ 129.048451203410508, 35.162026931592237 ], [ 129.048339631248894, 35.162044136953249 ], [ 129.048309451776419, 35.162072270638518 ], [ 129.048307958923857, 35.162073676395245 ], [ 129.04826899113786, 35.162109999920077 ], [ 129.048193992942828, 35.162101177033215 ], [ 129.048147206459618, 35.162096985712644 ], [ 129.048078868662742, 35.162107305319935 ], [ 129.047931931328463, 35.1621476071046 ], [ 129.047597429286384, 35.16216238170378 ], [ 129.047452862057924, 35.162199847723976 ], [ 129.047315186404205, 35.162235525100684 ], [ 129.047304083988649, 35.162221594629386 ], [ 129.047301921630066, 35.162204118428619 ], [ 129.047294701626953, 35.162145802669954 ], [ 129.047183453845804, 35.162137958850437 ], [ 129.047016819775195, 35.162141519040205 ], [ 129.046839318448008, 35.162161883116617 ], [ 129.04683572779183, 35.162163479739192 ], [ 129.046775244339273, 35.162190389782502 ], [ 129.046708972102209, 35.162171000389954 ], [ 129.046643968506913, 35.162208520515122 ], [ 129.046589001047266, 35.162187197910335 ], [ 129.046523209862812, 35.162144272095126 ], [ 129.046485136449917, 35.162143214669968 ], [ 129.046459886909275, 35.162121878615373 ], [ 129.046442761778906, 35.162132432402814 ], [ 129.046388679581668, 35.162229428205258 ], [ 129.046439431783682, 35.162267374480706 ], [ 129.046331187267697, 35.162323182058792 ], [ 129.04623943835395, 35.16236058720483 ], [ 129.046176064135722, 35.162386414959862 ], [ 129.046152954507306, 35.162360617414272 ], [ 129.046116405274915, 35.162319790302107 ], [ 129.046113261057741, 35.16234566963616 ], [ 129.046088176211754, 35.162360642782851 ], [ 129.046042299245926, 35.162388033204827 ], [ 129.045928724813649, 35.162417144211972 ], [ 129.045931877890865, 35.162442082130013 ], [ 129.04593290263665, 35.162450166396724 ], [ 129.045905919133304, 35.162481076228467 ], [ 129.045846066094526, 35.162519512946389 ], [ 129.045836394900192, 35.162538498929415 ], [ 129.045783717070066, 35.162538726738191 ], [ 129.045589642068791, 35.16253956340033 ], [ 129.045251796331655, 35.162605899338125 ], [ 129.045185696319436, 35.162605364059061 ], [ 129.04518532595074, 35.162605982779453 ], [ 129.045121912189387, 35.162711700227604 ], [ 129.04510724112103, 35.162736153277216 ], [ 129.04510187124805, 35.162746195373444 ], [ 129.045098970301126, 35.162745601253903 ], [ 129.045076791645556, 35.16279303650402 ], [ 129.045055890212041, 35.162794348095758 ], [ 129.045009240335958, 35.162797276531002 ], [ 129.044959943253446, 35.162800372152958 ], [ 129.044960037588908, 35.162800773968698 ], [ 129.045000566595462, 35.162984456528427 ], [ 129.045005927965803, 35.163008731570635 ], [ 129.045020076902205, 35.163072176701377 ], [ 129.045023162284224, 35.163086003181952 ], [ 129.045009444439387, 35.16311778676021 ], [ 129.045007689938302, 35.163121848346933 ], [ 129.045004967743779, 35.16312815105384 ], [ 129.045003266835579, 35.163132085731668 ], [ 129.044997561543767, 35.163132581362355 ], [ 129.044996385244531, 35.163132674807052 ], [ 129.044992050144458, 35.163133053782495 ], [ 129.044953597487449, 35.163136349177165 ], [ 129.044951861207608, 35.163136498451138 ], [ 129.044935066141051, 35.163137938867493 ], [ 129.044824790658396, 35.163150334228909 ], [ 129.044593266552027, 35.16317260574403 ], [ 129.044578915836126, 35.163172905960757 ], [ 129.044517073707596, 35.16317420309084 ], [ 129.044340604748356, 35.163177899463832 ], [ 129.044331307943082, 35.163179835645252 ], [ 129.044264452203578, 35.16319376589805 ], [ 129.044235878245587, 35.163199715674097 ], [ 129.0442133695378, 35.163204406106153 ], [ 129.044177911274033, 35.163211789741169 ], [ 129.04414557196327, 35.163218522312093 ], [ 129.044061436671001, 35.163275466701165 ], [ 129.044023189630138, 35.16331188969253 ], [ 129.044015083556872, 35.163319608014348 ], [ 129.044007167347047, 35.163327148101594 ], [ 129.043982900898129, 35.16335025461705 ], [ 129.043980667521282, 35.163352392851415 ], [ 129.043978502795397, 35.163357465848435 ], [ 129.043977546115883, 35.163359710426782 ], [ 129.043971125016668, 35.163374787835025 ], [ 129.043948078050022, 35.163428837335104 ], [ 129.043930913920093, 35.163469073128759 ], [ 129.043893444237284, 35.16352275648476 ], [ 129.04385382579656, 35.163579514655837 ], [ 129.043815706441563, 35.163616838465707 ], [ 129.043783227044685, 35.163648641054586 ], [ 129.043748420775358, 35.16367351287365 ], [ 129.043713525975591, 35.163698465152798 ], [ 129.043693762262023, 35.163707588876534 ], [ 129.043641086845327, 35.16373192023962 ], [ 129.043640673607428, 35.16373247909398 ], [ 129.04363719613221, 35.163737166698219 ], [ 129.043620730370833, 35.163759292852752 ], [ 129.043585428842078, 35.163806938359691 ], [ 129.043570499558314, 35.163827057780594 ], [ 129.043547881723669, 35.163834699545482 ], [ 129.043537055110448, 35.163838362809656 ], [ 129.043530555156394, 35.163840559015249 ], [ 129.04350677662174, 35.16384859784646 ], [ 129.043504524505494, 35.163850617298657 ], [ 129.043487794524765, 35.163865620487677 ], [ 129.043479224382622, 35.163873305017432 ], [ 129.043465178316978, 35.163882761565539 ], [ 129.043434461849387, 35.163903403123477 ], [ 129.043374524640825, 35.163936572514253 ], [ 129.043304374723107, 35.163976962257728 ], [ 129.043255844962431, 35.164004904769371 ], [ 129.043239072613602, 35.164015229115435 ], [ 129.043180974202784, 35.164051009483373 ], [ 129.043158501908493, 35.164064848783525 ], [ 129.043115869599376, 35.164081024039724 ], [ 129.043014994626304, 35.164119307610832 ], [ 129.042963030822932, 35.164139022397123 ], [ 129.04279799751049, 35.164230930324521 ], [ 129.042757578872511, 35.164277003455233 ], [ 129.042753851610428, 35.164284862469387 ], [ 129.042728434936976, 35.164338599316466 ], [ 129.0427225690527, 35.164351000826457 ], [ 129.042703452731359, 35.164391391148023 ], [ 129.042696237645345, 35.164406649909161 ], [ 129.042692060372531, 35.164413935820455 ], [ 129.042584954140466, 35.164600755493588 ], [ 129.042581946087893, 35.164606003299767 ], [ 129.042572396566129, 35.164622880419849 ], [ 129.042586535155436, 35.164625984007358 ], [ 129.042590514200441, 35.164626861986257 ], [ 129.042596764398837, 35.16462823757842 ], [ 129.042597205426773, 35.164628335646348 ], [ 129.042750267620761, 35.164661910385355 ], [ 129.042871544087319, 35.164674710149683 ], [ 129.042925007438612, 35.164680361989632 ], [ 129.042981599329806, 35.164686330986932 ], [ 129.04298658771674, 35.164687284451844 ], [ 129.042975235711708, 35.164722540415333 ], [ 129.042933266329186, 35.16485170667525 ], [ 129.042929252880583, 35.164864061154113 ], [ 129.042923541865747, 35.164881638638292 ], [ 129.042888593571575, 35.164989120110235 ], [ 129.042872808786313, 35.165037669949129 ], [ 129.042840228288952, 35.165137867802592 ], [ 129.042805647639966, 35.16523517983088 ], [ 129.042774486852807, 35.165325101078899 ], [ 129.042749580454682, 35.165398833612059 ], [ 129.042679003661249, 35.165607770637351 ], [ 129.042638416215169, 35.165729812709074 ], [ 129.042634638551192, 35.165741168798696 ], [ 129.042599697712092, 35.165845710844025 ], [ 129.042571310207222, 35.165928961778199 ], [ 129.04254341346612, 35.166027270529966 ], [ 129.042532096432723, 35.166047654873495 ], [ 129.042527054993514, 35.166062266534361 ], [ 129.042519590149112, 35.166083145485281 ], [ 129.042518604684716, 35.16608590433556 ], [ 129.042558025403309, 35.166096463204248 ], [ 129.042620086554109, 35.166137508299293 ], [ 129.042653494708873, 35.166140792001123 ], [ 129.042696299098054, 35.166145000073378 ], [ 129.042808867408439, 35.166156101259539 ], [ 129.042996672482474, 35.166175752221207 ], [ 129.043002923435438, 35.166176405592466 ], [ 129.043222909704099, 35.166215574462207 ], [ 129.043323284487599, 35.166204029759541 ], [ 129.043381715199672, 35.166205569864474 ], [ 129.043418423147273, 35.166206432862083 ], [ 129.043450799915888, 35.166207194163626 ], [ 129.043578754128077, 35.166205573415283 ], [ 129.043674512528071, 35.166166700903489 ], [ 129.043674175299913, 35.166195562979205 ], [ 129.043673717027161, 35.166234518299426 ], [ 129.043673009186023, 35.166294890899223 ], [ 129.043674871018766, 35.166308699643913 ], [ 129.043800740949507, 35.166288581681748 ], [ 129.043912768807388, 35.166271425109095 ], [ 129.043913959654645, 35.166275293155692 ], [ 129.043914417588695, 35.166275239532951 ], [ 129.043915673589254, 35.166282902519818 ], [ 129.04393814819278, 35.166382763063091 ], [ 129.043942091828427, 35.166400405951293 ], [ 129.043945376929003, 35.166415157661973 ], [ 129.043941098903872, 35.166476701879468 ], [ 129.043919661758622, 35.166505657113369 ], [ 129.043792346568267, 35.166677604617995 ], [ 129.043719636674695, 35.166788763819739 ], [ 129.043702712912022, 35.16682130939548 ], [ 129.04365447783934, 35.16692126878425 ], [ 129.043648217918872, 35.166934898839266 ], [ 129.043645689596588, 35.166940200963658 ], [ 129.043619347821448, 35.166995424800852 ], [ 129.043621486124152, 35.166997254860817 ], [ 129.043605344915733, 35.167035307389881 ], [ 129.043711339415637, 35.167106908265708 ], [ 129.043730050038249, 35.167109526075215 ], [ 129.043755282278028, 35.167113055229535 ], [ 129.043755655024256, 35.16711314154086 ], [ 129.043736732317171, 35.16716505660299 ], [ 129.043721195944272, 35.167207688819339 ], [ 129.043741090312551, 35.167211822469426 ], [ 129.043789975350876, 35.167221984399632 ], [ 129.043874975776106, 35.167240901279442 ], [ 129.043913507315835, 35.167242138483964 ], [ 129.043922706332609, 35.167326013228838 ], [ 129.04391646107976, 35.167326363323632 ], [ 129.043849606213229, 35.167329080072044 ], [ 129.043844882511138, 35.167330346637044 ], [ 129.043799251466424, 35.167342586984155 ], [ 129.043829913867484, 35.167434721868325 ], [ 129.043836171817077, 35.167447007653934 ], [ 129.043842278509857, 35.167506527010133 ], [ 129.043846514325367, 35.167547812649438 ], [ 129.043849601786462, 35.167559948609131 ], [ 129.043918718373277, 35.167549375265196 ], [ 129.043938314410241, 35.167546377358001 ], [ 129.043953073578848, 35.16754412001891 ], [ 129.044073485225027, 35.167527784156945 ], [ 129.044100968851666, 35.167598521956023 ], [ 129.044117040021547, 35.167631973187724 ], [ 129.044118054980373, 35.16763408623946 ], [ 129.044101977757094, 35.16763718988237 ], [ 129.044098331514903, 35.167637894542942 ], [ 129.044069124269754, 35.167643533200625 ], [ 129.044031145450361, 35.167650865999363 ], [ 129.044033567764842, 35.167670620005538 ], [ 129.044036988219602, 35.167698508217086 ], [ 129.044037638764962, 35.167704344146927 ], [ 129.044037963918385, 35.167707255802121 ], [ 129.044038680262304, 35.167711926015485 ], [ 129.044039156497661, 35.167715046720829 ], [ 129.044039311838389, 35.167716061754341 ], [ 129.044041263694623, 35.167736717054659 ], [ 129.044043669553957, 35.167758271781388 ], [ 129.044043867461482, 35.167760028295618 ], [ 129.04404391353367, 35.16776043253028 ], [ 129.044043946600652, 35.167760729639376 ], [ 129.04404435209679, 35.167766729179405 ], [ 129.044045745932266, 35.167775408320978 ], [ 129.044047794131671, 35.167788150782087 ], [ 129.044052809073804, 35.167840614532103 ], [ 129.044052885424293, 35.167841400662518 ], [ 129.044053633032803, 35.167849234219702 ], [ 129.044054504035358, 35.167856044681834 ], [ 129.044057804457964, 35.167897153798997 ], [ 129.044059224149464, 35.167896863413887 ], [ 129.044069136137296, 35.167895437829344 ], [ 129.044093895274131, 35.167891875482525 ], [ 129.04418281942668, 35.167879080341187 ], [ 129.044207664552658, 35.167948526386361 ], [ 129.044217304411632, 35.167994259259189 ], [ 129.044109100657778, 35.168009494744638 ], [ 129.044065380428776, 35.168008645631915 ], [ 129.044074735086582, 35.168052654671691 ], [ 129.044077473233216, 35.16806553439595 ], [ 129.044082450589997, 35.168088947008272 ], [ 129.044140500002754, 35.168134647841114 ], [ 129.044139379738539, 35.168146012466963 ], [ 129.044143464973899, 35.168150580221067 ], [ 129.044142387869442, 35.168159465776306 ], [ 129.04413798001724, 35.168160250473953 ], [ 129.044137760550939, 35.168162464014834 ], [ 129.044120418093996, 35.168338716866522 ], [ 129.044121543300832, 35.168339517574317 ], [ 129.044147157641731, 35.168340412680713 ], [ 129.044152096588562, 35.168341119683731 ], [ 129.044173130516185, 35.168344126144909 ], [ 129.044180610786327, 35.168377845577979 ], [ 129.044183311217154, 35.168387219426407 ], [ 129.044185995411283, 35.168396547499782 ], [ 129.044188217978672, 35.168398534255722 ], [ 129.044198238661835, 35.168417602625773 ], [ 129.044198200888928, 35.16843883146624 ], [ 129.044198095452487, 35.168498986288483 ], [ 129.044209283762171, 35.168505129645887 ], [ 129.044220472090558, 35.168511273903562 ], [ 129.044239729889597, 35.168521848555365 ], [ 129.044245521797137, 35.168531255112796 ], [ 129.044245900540062, 35.168531890425236 ], [ 129.044194093274172, 35.168592646759137 ], [ 129.044191562542466, 35.168595615563234 ], [ 129.044196812995324, 35.168598975630985 ], [ 129.04425357657567, 35.168635300745514 ], [ 129.044290299422926, 35.168603101312442 ], [ 129.044323024040267, 35.16863689555047 ], [ 129.044362287639927, 35.168691670662106 ], [ 129.044377460339007, 35.168724913313959 ], [ 129.044418889048018, 35.168762259765082 ], [ 129.044474862545059, 35.168799759724642 ], [ 129.044466344234593, 35.168810786824892 ], [ 129.044465571317858, 35.168815202838978 ], [ 129.044515727165731, 35.168858364231227 ], [ 129.044529604423474, 35.168870306668644 ], [ 129.044541847028967, 35.168877154228383 ], [ 129.04457980646751, 35.168898375430707 ], [ 129.044567911986576, 35.168901922579764 ], [ 129.044566654624987, 35.168908358062865 ], [ 129.044585737332682, 35.168969983022691 ], [ 129.044708453706818, 35.168963819707358 ], [ 129.044710487487436, 35.168963718934187 ], [ 129.044714111708743, 35.168974907643808 ], [ 129.044785699986932, 35.169015709238174 ], [ 129.044787380311703, 35.169021650137672 ], [ 129.044849131271889, 35.169057031379481 ], [ 129.044855565588875, 35.169055524765405 ], [ 129.044814617155424, 35.169101162633467 ], [ 129.044800113142344, 35.169117327731939 ], [ 129.044797497915567, 35.169120240824867 ], [ 129.044778992871215, 35.169129271140903 ], [ 129.044774798821294, 35.169132711976459 ], [ 129.044773837821197, 35.169133511337598 ], [ 129.044772227831402, 35.16913482928657 ], [ 129.044772438074801, 35.169139500539522 ], [ 129.044772486276258, 35.169140539478455 ], [ 129.044772808328815, 35.169147870851361 ], [ 129.04466749833901, 35.169162106123245 ], [ 129.04468743413608, 35.169245139677876 ], [ 129.044778208057721, 35.169225578268509 ], [ 129.044779734912481, 35.169244882050499 ], [ 129.044778605061737, 35.169262642806927 ], [ 129.044770864124928, 35.169384299903392 ], [ 129.044781902979338, 35.169397392900237 ], [ 129.044786199244697, 35.169402488985725 ], [ 129.044789665218048, 35.169406587664135 ], [ 129.045287881883468, 35.169997029314025 ] ] ] } },
{ "type": "Feature", "properties": { "BASE_DATE": "20250630", "ADM_CD": "21050660", "ADM_NM": "부암3동" }, "geometry": { "type": "Polygon", "coordinates": [ [ [ 129.029607781187821, 35.182226839348992 ], [ 129.030051231091079, 35.181878443791547 ], [ 129.030405784538033, 35.181605880118006 ], [ 129.030500251943522, 35.181604449956772 ], [ 129.030709892295107, 35.181601273584555 ], [ 129.030915485000861, 35.181598402275107 ], [ 129.031188709470825, 35.181597750835422 ], [ 129.031423135651636, 35.181597746333601 ], [ 129.032042129145339, 35.181599520478855 ], [ 129.032504837821733, 35.18155819265268 ], [ 129.033323291665965, 35.18121671193402 ], [ 129.033552808099131, 35.18112191185115 ], [ 129.033799645956037, 35.181019958579924 ], [ 129.033886867982062, 35.180983931806594 ], [ 129.033929163029654, 35.180945155263466 ], [ 129.0343123577575, 35.180593827236805 ], [ 129.034428388864598, 35.180487446858102 ], [ 129.034536171584989, 35.180391413158802 ], [ 129.035256659639515, 35.179749496570089 ], [ 129.035194552095788, 35.179080172142562 ], [ 129.035411897001552, 35.178762966447387 ], [ 129.035592381042306, 35.178499552482748 ], [ 129.035847077868453, 35.178135190723445 ], [ 129.036350726721281, 35.177461348147339 ], [ 129.036596114530482, 35.177249873170901 ], [ 129.036635950360903, 35.177215611502646 ], [ 129.036890061039969, 35.176997072057119 ], [ 129.03697018391162, 35.176928162312791 ], [ 129.037093536939096, 35.176823564551874 ], [ 129.037109163872287, 35.176810315429165 ], [ 129.03714396059587, 35.176791769468871 ], [ 129.037800456939237, 35.176441843452558 ], [ 129.037994914738363, 35.17633877978917 ], [ 129.038779007644649, 35.175923194902815 ], [ 129.039056531080405, 35.175644438058249 ], [ 129.039438429282086, 35.175245330801452 ], [ 129.039691396377521, 35.17498096148551 ], [ 129.039713448251547, 35.174957917326871 ], [ 129.039899629961042, 35.174771980023678 ], [ 129.04037976387815, 35.174410672921766 ], [ 129.04084513412883, 35.174061508914313 ], [ 129.04108849601991, 35.173881843266201 ], [ 129.041275782689752, 35.173744146571586 ], [ 129.041368413945236, 35.173683355142053 ], [ 129.042091678484525, 35.173242850079724 ], [ 129.042271372766891, 35.173140349934755 ], [ 129.042407206002849, 35.173072784645001 ], [ 129.042610928115778, 35.172973361714156 ], [ 129.042653962561218, 35.172952360578243 ], [ 129.042706452931782, 35.172926743557994 ], [ 129.042725674611319, 35.172918100226653 ], [ 129.043147646488222, 35.172728335481182 ], [ 129.043467294088941, 35.172584585040205 ], [ 129.043582479352381, 35.172532786545176 ], [ 129.044727145346485, 35.171938093807185 ], [ 129.044820407063071, 35.17178899101549 ], [ 129.044821645512144, 35.171787010615596 ], [ 129.044796076534226, 35.171757462005189 ], [ 129.044605105612675, 35.171536791437077 ], [ 129.044543213299931, 35.171465995867223 ], [ 129.044475169774472, 35.171388167731195 ], [ 129.044333756610882, 35.171240756833839 ], [ 129.044542940685943, 35.17094992371775 ], [ 129.044932945116528, 35.170407674983345 ], [ 129.045280246237382, 35.170000390559288 ], [ 129.045287881883468, 35.169997029314025 ], [ 129.044789665218048, 35.169406587664135 ], [ 129.044786199244697, 35.169402488985725 ], [ 129.044781902979338, 35.169397392900237 ], [ 129.044770864124928, 35.169384299903392 ], [ 129.044778605061737, 35.169262642806927 ], [ 129.044779734912481, 35.169244882050499 ], [ 129.044778208057721, 35.169225578268509 ], [ 129.04468743413608, 35.169245139677876 ], [ 129.04466749833901, 35.169162106123245 ], [ 129.044772808328815, 35.169147870851361 ], [ 129.044772486276258, 35.169140539478455 ], [ 129.044772438074801, 35.169139500539522 ], [ 129.044772227831402, 35.16913482928657 ], [ 129.044773837821197, 35.169133511337598 ], [ 129.044774798821294, 35.169132711976459 ], [ 129.044778992871215, 35.169129271140903 ], [ 129.044797497915567, 35.169120240824867 ], [ 129.044800113142344, 35.169117327731939 ], [ 129.044814617155424, 35.169101162633467 ], [ 129.044855565588875, 35.169055524765405 ], [ 129.044849131271889, 35.169057031379481 ], [ 129.044787380311703, 35.169021650137672 ], [ 129.044785699986932, 35.169015709238174 ], [ 129.044714111708743, 35.168974907643808 ], [ 129.044710487487436, 35.168963718934187 ], [ 129.044708453706818, 35.168963819707358 ], [ 129.044585737332682, 35.168969983022691 ], [ 129.044566654624987, 35.168908358062865 ], [ 129.044567911986576, 35.168901922579764 ], [ 129.04457980646751, 35.168898375430707 ], [ 129.044541847028967, 35.168877154228383 ], [ 129.044529604423474, 35.168870306668644 ], [ 129.044515727165731, 35.168858364231227 ], [ 129.044465571317858, 35.168815202838978 ], [ 129.044466344234593, 35.168810786824892 ], [ 129.044474862545059, 35.168799759724642 ], [ 129.044418889048018, 35.168762259765082 ], [ 129.044377460339007, 35.168724913313959 ], [ 129.044362287639927, 35.168691670662106 ], [ 129.044323024040267, 35.16863689555047 ], [ 129.044290299422926, 35.168603101312442 ], [ 129.04425357657567, 35.168635300745514 ], [ 129.044196812995324, 35.168598975630985 ], [ 129.044191562542466, 35.168595615563234 ], [ 129.044194093274172, 35.168592646759137 ], [ 129.044245900540062, 35.168531890425236 ], [ 129.044245521797137, 35.168531255112796 ], [ 129.044239729889597, 35.168521848555365 ], [ 129.044220472090558, 35.168511273903562 ], [ 129.044209283762171, 35.168505129645887 ], [ 129.044198095452487, 35.168498986288483 ], [ 129.044198200888928, 35.16843883146624 ], [ 129.044198238661835, 35.168417602625773 ], [ 129.044188217978672, 35.168398534255722 ], [ 129.044185995411283, 35.168396547499782 ], [ 129.044183311217154, 35.168387219426407 ], [ 129.044180610786327, 35.168377845577979 ], [ 129.044173130516185, 35.168344126144909 ], [ 129.044152096588562, 35.168341119683731 ], [ 129.044147157641731, 35.168340412680713 ], [ 129.044121543300832, 35.168339517574317 ], [ 129.044120418093996, 35.168338716866522 ], [ 129.044137760550939, 35.168162464014834 ], [ 129.04413798001724, 35.168160250473953 ], [ 129.044142387869442, 35.168159465776306 ], [ 129.044143464973899, 35.168150580221067 ], [ 129.044139379738539, 35.168146012466963 ], [ 129.044140500002754, 35.168134647841114 ], [ 129.044082450589997, 35.168088947008272 ], [ 129.044077473233216, 35.16806553439595 ], [ 129.044074735086582, 35.168052654671691 ], [ 129.044065380428776, 35.168008645631915 ], [ 129.044109100657778, 35.168009494744638 ], [ 129.044217304411632, 35.167994259259189 ], [ 129.044207664552658, 35.167948526386361 ], [ 129.04418281942668, 35.167879080341187 ], [ 129.044093895274131, 35.167891875482525 ], [ 129.044069136137296, 35.167895437829344 ], [ 129.044059224149464, 35.167896863413887 ], [ 129.044057804457964, 35.167897153798997 ], [ 129.044054504035358, 35.167856044681834 ], [ 129.044053633032803, 35.167849234219702 ], [ 129.044052885424293, 35.167841400662518 ], [ 129.044052809073804, 35.167840614532103 ], [ 129.044047794131671, 35.167788150782087 ], [ 129.044045745932266, 35.167775408320978 ], [ 129.04404435209679, 35.167766729179405 ], [ 129.044043946600652, 35.167760729639376 ], [ 129.04404391353367, 35.16776043253028 ], [ 129.044043867461482, 35.167760028295618 ], [ 129.044043669553957, 35.167758271781388 ], [ 129.044041263694623, 35.167736717054659 ], [ 129.044039311838389, 35.167716061754341 ], [ 129.044039156497661, 35.167715046720829 ], [ 129.044038680262304, 35.167711926015485 ], [ 129.044037963918385, 35.167707255802121 ], [ 129.044037638764962, 35.167704344146927 ], [ 129.044036988219602, 35.167698508217086 ], [ 129.044033567764842, 35.167670620005538 ], [ 129.044031145450361, 35.167650865999363 ], [ 129.044069124269754, 35.167643533200625 ], [ 129.044098331514903, 35.167637894542942 ], [ 129.044101977757094, 35.16763718988237 ], [ 129.044118054980373, 35.16763408623946 ], [ 129.044117040021547, 35.167631973187724 ], [ 129.044100968851666, 35.167598521956023 ], [ 129.044073485225027, 35.167527784156945 ], [ 129.043953073578848, 35.16754412001891 ], [ 129.043938314410241, 35.167546377358001 ], [ 129.043918718373277, 35.167549375265196 ], [ 129.043849601786462, 35.167559948609131 ], [ 129.043846514325367, 35.167547812649438 ], [ 129.043842278509857, 35.167506527010133 ], [ 129.043836171817077, 35.167447007653934 ], [ 129.043829913867484, 35.167434721868325 ], [ 129.043799251466424, 35.167342586984155 ], [ 129.043844882511138, 35.167330346637044 ], [ 129.043849606213229, 35.167329080072044 ], [ 129.04391646107976, 35.167326363323632 ], [ 129.043922706332609, 35.167326013228838 ], [ 129.043913507315835, 35.167242138483964 ], [ 129.043874975776106, 35.167240901279442 ], [ 129.043789975350876, 35.167221984399632 ], [ 129.043741090312551, 35.167211822469426 ], [ 129.043721195944272, 35.167207688819339 ], [ 129.043736732317171, 35.16716505660299 ], [ 129.043755655024256, 35.16711314154086 ], [ 129.043755282278028, 35.167113055229535 ], [ 129.043730050038249, 35.167109526075215 ], [ 129.043711339415637, 35.167106908265708 ], [ 129.043605344915733, 35.167035307389881 ], [ 129.043621486124152, 35.166997254860817 ], [ 129.043619347821448, 35.166995424800852 ], [ 129.043645689596588, 35.166940200963658 ], [ 129.043648217918872, 35.166934898839266 ], [ 129.04365447783934, 35.16692126878425 ], [ 129.043702712912022, 35.16682130939548 ], [ 129.043719636674695, 35.166788763819739 ], [ 129.043792346568267, 35.166677604617995 ], [ 129.043919661758622, 35.166505657113369 ], [ 129.043941098903872, 35.166476701879468 ], [ 129.043945376929003, 35.166415157661973 ], [ 129.043942091828427, 35.166400405951293 ], [ 129.04393814819278, 35.166382763063091 ], [ 129.043915673589254, 35.166282902519818 ], [ 129.043914417588695, 35.166275239532951 ], [ 129.043913959654645, 35.166275293155692 ], [ 129.043912768807388, 35.166271425109095 ], [ 129.043800740949507, 35.166288581681748 ], [ 129.043674871018766, 35.166308699643913 ], [ 129.043673009186023, 35.166294890899223 ], [ 129.043673717027161, 35.166234518299426 ], [ 129.043674175299913, 35.166195562979205 ], [ 129.043674512528071, 35.166166700903489 ], [ 129.043578754128077, 35.166205573415283 ], [ 129.043450799915888, 35.166207194163626 ], [ 129.043418423147273, 35.166206432862083 ], [ 129.043381715199672, 35.166205569864474 ], [ 129.043323284487599, 35.166204029759541 ], [ 129.043222909704099, 35.166215574462207 ], [ 129.043002923435438, 35.166176405592466 ], [ 129.042996672482474, 35.166175752221207 ], [ 129.042808867408439, 35.166156101259539 ], [ 129.042696299098054, 35.166145000073378 ], [ 129.042653494708873, 35.166140792001123 ], [ 129.042620086554109, 35.166137508299293 ], [ 129.042558025403309, 35.166096463204248 ], [ 129.042518604684716, 35.16608590433556 ], [ 129.042505323732058, 35.16613415265445 ], [ 129.042434784627034, 35.166121907356093 ], [ 129.042289324405687, 35.166096654676842 ], [ 129.042092474953364, 35.166062481055931 ], [ 129.042069274794756, 35.166058453233525 ], [ 129.042054269185854, 35.166055846595199 ], [ 129.041768719377274, 35.166006270755268 ], [ 129.041778344190647, 35.165964633665048 ], [ 129.041793991912584, 35.165889238509571 ], [ 129.041770872809593, 35.16585966431964 ], [ 129.041788442483238, 35.165808027330883 ], [ 129.041785369172544, 35.165806217254186 ], [ 129.041752609811425, 35.16579140339455 ], [ 129.041748082734159, 35.165789356667361 ], [ 129.04173521605631, 35.16582787398324 ], [ 129.041730119117318, 35.16584193723989 ], [ 129.041715934730661, 35.165881261136384 ], [ 129.041691394839916, 35.165930670606514 ], [ 129.041599501603713, 35.165888978709553 ], [ 129.041503928452784, 35.165864872571021 ], [ 129.041409779521729, 35.165840772574036 ], [ 129.04139200969658, 35.165836498794796 ], [ 129.04124541030103, 35.165802095395605 ], [ 129.041176394475002, 35.165785541921643 ], [ 129.041164958754649, 35.165809369994498 ], [ 129.041154130211282, 35.165820630930575 ], [ 129.041118522811388, 35.165865862412311 ], [ 129.041076025117093, 35.165919849622043 ], [ 129.041102055022492, 35.165927040537753 ], [ 129.041063403245488, 35.166049272061095 ], [ 129.041121227446411, 35.166081750663203 ], [ 129.041009999824723, 35.16638707205626 ], [ 129.041036131745614, 35.166394541184452 ], [ 129.04105427773527, 35.166399717246314 ], [ 129.041069958070324, 35.1664066584718 ], [ 129.04107831311407, 35.166410649071949 ], [ 129.041084651668683, 35.166413675363188 ], [ 129.041048528434118, 35.166522823015676 ], [ 129.041058819714294, 35.166562218594031 ], [ 129.041048039966569, 35.166634607965833 ], [ 129.041021650985613, 35.1666619324848 ], [ 129.040963177204276, 35.166722484677763 ], [ 129.040917993681461, 35.166922318659282 ], [ 129.040913730562011, 35.166922392733419 ], [ 129.040906367773346, 35.166922519767731 ], [ 129.04074176600642, 35.16692539643153 ], [ 129.040604809741382, 35.166921273657429 ], [ 129.040595033339429, 35.16692097876691 ], [ 129.040514075800502, 35.166918545451423 ], [ 129.040458267805889, 35.166954500071128 ], [ 129.040405878039309, 35.16698825814904 ], [ 129.040295770087852, 35.16706562175267 ], [ 129.040199137360702, 35.167160043637701 ], [ 129.040095655026249, 35.167216201719988 ], [ 129.040075225515437, 35.167227290723034 ], [ 129.040033701289531, 35.167249827903156 ], [ 129.039907690818239, 35.167339254030658 ], [ 129.03986691218546, 35.167404891193165 ], [ 129.039846552122924, 35.167437661161358 ], [ 129.039798770056223, 35.167514572700412 ], [ 129.039797787341286, 35.167533206118655 ], [ 129.039796813454757, 35.167551667217332 ], [ 129.039795518508726, 35.167576335465576 ], [ 129.039793913485937, 35.167606978108587 ], [ 129.03978611635759, 35.167677188132167 ], [ 129.039675970048279, 35.167694184461716 ], [ 129.0396659857457, 35.16769573773329 ], [ 129.039659024982655, 35.167701002357809 ], [ 129.039655106270317, 35.167703971583407 ], [ 129.039649037596547, 35.167702625091088 ], [ 129.039618171617946, 35.167695777551195 ], [ 129.039606314848157, 35.167694222432395 ], [ 129.039518365526334, 35.167683217388976 ], [ 129.039449233898154, 35.167663500677946 ], [ 129.039415442625199, 35.167652792614113 ], [ 129.039374966126928, 35.167637735399445 ], [ 129.03933372004451, 35.167622857454731 ], [ 129.039278459877011, 35.167595132966511 ], [ 129.039236243661861, 35.167545966513735 ], [ 129.039165384742887, 35.16751731771307 ], [ 129.039132453209817, 35.167512198534958 ], [ 129.039118660592749, 35.16750108116257 ], [ 129.039083814116196, 35.167477547504653 ], [ 129.039052764336589, 35.167464552280613 ], [ 129.038972057781706, 35.167430775729784 ], [ 129.038943076463482, 35.167398777130813 ], [ 129.038847238003143, 35.167326500224412 ], [ 129.038834184992709, 35.16732007621291 ], [ 129.038806452138118, 35.167306664612695 ], [ 129.038808492828394, 35.167303086345932 ], [ 129.038784159009879, 35.167301487710809 ], [ 129.038773661440985, 35.167300797915502 ], [ 129.038747663240287, 35.167299090587541 ], [ 129.038715616403437, 35.167437423156301 ], [ 129.038707753122964, 35.167471362240278 ], [ 129.037891730905443, 35.167478688326312 ], [ 129.037844170149327, 35.167479116424353 ], [ 129.037700987638374, 35.167495935369367 ], [ 129.037677517919775, 35.167511016127186 ], [ 129.037606909396061, 35.167556402457521 ], [ 129.037552956706946, 35.167599432373052 ], [ 129.037543286445157, 35.167607170127347 ], [ 129.037316531953621, 35.167788121762037 ], [ 129.037213054803829, 35.167854679207686 ], [ 129.037205380450047, 35.167859608335696 ], [ 129.037066749402527, 35.167948766173218 ], [ 129.037054461064372, 35.167952166114972 ], [ 129.036982184546559, 35.167982822931997 ], [ 129.036920152257437, 35.168025035462897 ], [ 129.036888611338242, 35.168046496396961 ], [ 129.036774322785419, 35.168082482764063 ], [ 129.036714380919761, 35.168101357564211 ], [ 129.036678478649179, 35.168112662158045 ], [ 129.036614311007014, 35.168241321757641 ], [ 129.036571230191669, 35.168290916769962 ], [ 129.036553202602477, 35.168373272153026 ], [ 129.036477771370755, 35.168439605696975 ], [ 129.036396174167265, 35.16849026540298 ], [ 129.036381314035538, 35.168499491642216 ], [ 129.036361907518057, 35.168511540787478 ], [ 129.036349850905566, 35.168517342310693 ], [ 129.036252276084753, 35.168564295224364 ], [ 129.036216975634545, 35.168581282104924 ], [ 129.036209021614752, 35.168585943333873 ], [ 129.036204036778628, 35.168588864662958 ], [ 129.036202016267538, 35.168589437568045 ], [ 129.03619214958394, 35.168592233283732 ], [ 129.036186692360303, 35.168595958527888 ], [ 129.036097413046917, 35.168657056029531 ], [ 129.036070138694924, 35.168639651976086 ], [ 129.035933128665732, 35.1687453117678 ], [ 129.035922792149051, 35.168749866148218 ], [ 129.035902202005758, 35.168760696830269 ], [ 129.035880309180897, 35.168771970489885 ], [ 129.035850238000478, 35.168787013799992 ], [ 129.035826488848784, 35.168798892528379 ], [ 129.035789616910137, 35.168819028699367 ], [ 129.035805159844784, 35.168847619980653 ], [ 129.035609413052867, 35.168982021898394 ], [ 129.035483361943022, 35.168895320078391 ], [ 129.035427680366666, 35.168937371098309 ], [ 129.035409015433601, 35.168950157223861 ], [ 129.035426925676745, 35.168964739994905 ], [ 129.035464523683231, 35.168996057674356 ], [ 129.035523909721149, 35.169035045885053 ], [ 129.035568456815497, 35.16906967990213 ], [ 129.035503136402696, 35.169114973635622 ], [ 129.035421428340669, 35.169232392844641 ], [ 129.035376534052943, 35.169296909521186 ], [ 129.035375733047175, 35.169298573226889 ], [ 129.035374509333252, 35.16930111414743 ], [ 129.035372837853373, 35.169304601122704 ], [ 129.035372458457857, 35.169305387627524 ], [ 129.035331720759956, 35.169390032308982 ], [ 129.03513617628721, 35.169796036135274 ], [ 129.035018816229353, 35.169904195746639 ], [ 129.034979831359408, 35.169940121287986 ], [ 129.034854963181118, 35.1700552010834 ], [ 129.034793087998821, 35.170112223089355 ], [ 129.034782507445442, 35.170121974636878 ], [ 129.034771068235585, 35.170131024793683 ], [ 129.034674655595381, 35.170207307304352 ], [ 129.03466676845099, 35.170213553516888 ], [ 129.034492316878186, 35.170351571556132 ], [ 129.034482922457073, 35.170360347835725 ], [ 129.034290005317956, 35.170540348557239 ], [ 129.03420303500468, 35.17062149607434 ], [ 129.034179989648294, 35.170642998361942 ], [ 129.034178700077916, 35.170644199412152 ], [ 129.034161615856647, 35.17066014890716 ], [ 129.034105548269622, 35.170703085093656 ], [ 129.034040462767734, 35.170752929105532 ], [ 129.03402848873219, 35.170762100472245 ], [ 129.033969703974492, 35.170807113158503 ], [ 129.033887251242817, 35.170870246786905 ], [ 129.033860497241932, 35.170900375698004 ], [ 129.033840863700874, 35.170922484771303 ], [ 129.033794922343418, 35.17097422030092 ], [ 129.033764529885417, 35.171009635422692 ], [ 129.03373958629976, 35.171038704529387 ], [ 129.033737788644544, 35.171040799192802 ], [ 129.033729220417229, 35.171050778517795 ], [ 129.033667894240978, 35.171122204326473 ], [ 129.033604509243958, 35.171187437777895 ], [ 129.033524440312988, 35.171269840821658 ], [ 129.033520781326587, 35.171273622519557 ], [ 129.033518369365623, 35.171276100027711 ], [ 129.033470057146019, 35.171325798969121 ], [ 129.03339885698702, 35.171460078217173 ], [ 129.033390892363286, 35.171470396094094 ], [ 129.033374113041504, 35.171492132654713 ], [ 129.033373453823117, 35.171492988513727 ], [ 129.033079133560079, 35.171874405857452 ], [ 129.033078844848319, 35.171874936051907 ], [ 129.033071937969368, 35.171887556752061 ], [ 129.03306725847429, 35.171896113653915 ], [ 129.033060136443339, 35.171909147309087 ], [ 129.033054977081747, 35.171918580337682 ], [ 129.033021898742305, 35.171979057943233 ], [ 129.032890237757414, 35.172219772599419 ], [ 129.032869856879955, 35.172257025386678 ], [ 129.032869372806971, 35.172257911484081 ], [ 129.032844053530653, 35.172304204995712 ], [ 129.032617577535291, 35.172617352815571 ], [ 129.032596102500889, 35.172647044085089 ], [ 129.032569232201212, 35.172684195017361 ], [ 129.032522988846637, 35.172709989194047 ], [ 129.032429394667957, 35.172762191980311 ], [ 129.032399372805486, 35.172782139481654 ], [ 129.032394269012912, 35.172785530097293 ], [ 129.032320918571457, 35.172834234463167 ], [ 129.032308113667597, 35.172842748985218 ], [ 129.03230490129036, 35.172844883166263 ], [ 129.032242898396987, 35.172886059731475 ], [ 129.032204194596119, 35.17285278324831 ], [ 129.032037297146417, 35.172965426538148 ], [ 129.032032505501377, 35.172968659014849 ], [ 129.031799660949588, 35.173105786325301 ], [ 129.031676908035109, 35.173181342067735 ], [ 129.031639384275707, 35.173204703987814 ], [ 129.031327379235734, 35.173465535118645 ], [ 129.031126760926071, 35.173632153726977 ], [ 129.031105043402988, 35.173650186391562 ], [ 129.031085736406766, 35.173632163884086 ], [ 129.031058811527004, 35.173607022104314 ], [ 129.031036862864909, 35.173621629761179 ], [ 129.030985378721965, 35.173624888077718 ], [ 129.030694399298426, 35.173412418957469 ], [ 129.030582909853962, 35.173433087335333 ], [ 129.030496268782059, 35.173449150828489 ], [ 129.03040831565329, 35.173384906475128 ], [ 129.030320583945382, 35.173320751221645 ], [ 129.030103833382555, 35.173162523834058 ], [ 129.029855051298512, 35.172980858523687 ], [ 129.029601487706117, 35.17279570253632 ], [ 129.029593727651303, 35.172791065294682 ], [ 129.029467556277467, 35.173095251538747 ], [ 129.029422489240858, 35.173195985887595 ], [ 129.029165391031967, 35.173770661672137 ], [ 129.029089230915559, 35.173940900460536 ], [ 129.029087532167097, 35.173946820237518 ], [ 129.029040151251536, 35.174111852174164 ], [ 129.029033336451647, 35.174135589231931 ], [ 129.029022446762525, 35.174173518578009 ], [ 129.029002887407813, 35.17418445500634 ], [ 129.028296204066606, 35.174579460547285 ], [ 129.028165589947605, 35.174643278364499 ], [ 129.028078441949305, 35.174685859268472 ], [ 129.027830605330678, 35.17480776242369 ], [ 129.027668161579243, 35.17488766205819 ], [ 129.027580178317578, 35.174930936564884 ], [ 129.027243064131653, 35.175096289789408 ], [ 129.02707798250097, 35.175275099614069 ], [ 129.026883719915503, 35.175485516104445 ], [ 129.026827598863832, 35.175581226263354 ], [ 129.02674845106236, 35.175593102932922 ], [ 129.026594008420574, 35.175611033640891 ], [ 129.026334364185686, 35.175641176159125 ], [ 129.025933483835615, 35.175739614979214 ], [ 129.025628543005098, 35.175810911790713 ], [ 129.025662675669736, 35.175929937839896 ], [ 129.025780728371018, 35.17619274834535 ], [ 129.025803691856481, 35.176243868794622 ], [ 129.025710528467442, 35.176486856027182 ], [ 129.025832276078887, 35.176978913591057 ], [ 129.025731636698566, 35.17714155523349 ], [ 129.025101001626581, 35.177244597083977 ], [ 129.02448339417964, 35.177098492193878 ], [ 129.024052064775958, 35.177238461256898 ], [ 129.023730612038975, 35.177338940701915 ], [ 129.023583379482346, 35.177436160015432 ], [ 129.023328914384678, 35.177571923099457 ], [ 129.023131248554535, 35.177677371429134 ], [ 129.023079626024497, 35.177704917522313 ], [ 129.023078143989892, 35.177705646630436 ], [ 129.022609924510817, 35.177935539506137 ], [ 129.022267755924105, 35.178097815851125 ], [ 129.022000458756906, 35.178257047705586 ], [ 129.021667495726973, 35.178447677712697 ], [ 129.021666255598717, 35.178449485695815 ], [ 129.021506458362381, 35.178682226291684 ], [ 129.021412152427075, 35.178800156982049 ], [ 129.020968222700475, 35.179107969316966 ], [ 129.020796222965799, 35.179228714622162 ], [ 129.019925832572994, 35.179751581775228 ], [ 129.019782542205718, 35.179902353176416 ], [ 129.019523271324744, 35.180169345718411 ], [ 129.019332320333859, 35.180394614186866 ], [ 129.019284169197903, 35.180451415649848 ], [ 129.019275385669914, 35.180461774448219 ], [ 129.019270854206354, 35.180467118340417 ], [ 129.019901761171695, 35.180704186679847 ], [ 129.020703681327177, 35.181610536421303 ], [ 129.021063768765174, 35.182030251742944 ], [ 129.020765293995623, 35.183202103946826 ], [ 129.020764584248639, 35.183231674823915 ], [ 129.020793833553739, 35.183231086588485 ], [ 129.021022860530223, 35.183226481616209 ], [ 129.021483234332806, 35.183218067999398 ], [ 129.021974114658519, 35.183210711778983 ], [ 129.022596835903926, 35.182964273375681 ], [ 129.023110410021019, 35.182756728788554 ], [ 129.023465458918423, 35.182618506018194 ], [ 129.023648287451039, 35.182434988620038 ], [ 129.023978164086088, 35.182103865403619 ], [ 129.024882021075115, 35.182471530328108 ], [ 129.02503682786255, 35.182534500220505 ], [ 129.025060546129993, 35.182550764963111 ], [ 129.025794138365768, 35.183053816796949 ], [ 129.026101655060671, 35.183271621860882 ], [ 129.026679318892462, 35.183282192059039 ], [ 129.027422030597762, 35.183240728619751 ], [ 129.027463401305255, 35.183238418879284 ], [ 129.027618365983585, 35.183230489968636 ], [ 129.027900195242921, 35.183216068949342 ], [ 129.027970490176045, 35.183171644202275 ], [ 129.028081188214571, 35.183101684526051 ], [ 129.029494259135475, 35.18231597360267 ], [ 129.029607781187821, 35.182226839348992 ] ] ] } },
{ "type": "Feature", "properties": { "BASE_DATE": "20250630", "ADM_CD": "21050680", "ADM_NM": "당감2동" }, "geometry": { "type": "Polygon", "coordinates": [ [ [ 129.045076791645556, 35.16279303650402 ], [ 129.045098970301126, 35.162745601253903 ], [ 129.04510187124805, 35.162746195373444 ], [ 129.04510724112103, 35.162736153277216 ], [ 129.045121912189387, 35.162711700227604 ], [ 129.04518532595074, 35.162605982779453 ], [ 129.045185696319436, 35.162605364059061 ], [ 129.045251796331655, 35.162605899338125 ], [ 129.045589642068791, 35.16253956340033 ], [ 129.045783717070066, 35.162538726738191 ], [ 129.045836394900192, 35.162538498929415 ], [ 129.045846066094526, 35.162519512946389 ], [ 129.045905919133304, 35.162481076228467 ], [ 129.04593290263665, 35.162450166396724 ], [ 129.045931877890865, 35.162442082130013 ], [ 129.045928724813649, 35.162417144211972 ], [ 129.046042299245926, 35.162388033204827 ], [ 129.046088176211754, 35.162360642782851 ], [ 129.046113261057741, 35.16234566963616 ], [ 129.046116405274915, 35.162319790302107 ], [ 129.046152954507306, 35.162360617414272 ], [ 129.046176064135722, 35.162386414959862 ], [ 129.04623943835395, 35.16236058720483 ], [ 129.046331187267697, 35.162323182058792 ], [ 129.046439431783682, 35.162267374480706 ], [ 129.046388679581668, 35.162229428205258 ], [ 129.046442761778906, 35.162132432402814 ], [ 129.046459886909275, 35.162121878615373 ], [ 129.046485136449917, 35.162143214669968 ], [ 129.046523209862812, 35.162144272095126 ], [ 129.046589001047266, 35.162187197910335 ], [ 129.046643968506913, 35.162208520515122 ], [ 129.046708972102209, 35.162171000389954 ], [ 129.046775244339273, 35.162190389782502 ], [ 129.04683572779183, 35.162163479739192 ], [ 129.046839318448008, 35.162161883116617 ], [ 129.047016819775195, 35.162141519040205 ], [ 129.047183453845804, 35.162137958850437 ], [ 129.047294701626953, 35.162145802669954 ], [ 129.047301921630066, 35.162204118428619 ], [ 129.047304083988649, 35.162221594629386 ], [ 129.047315186404205, 35.162235525100684 ], [ 129.047452862057924, 35.162199847723976 ], [ 129.047597429286384, 35.16216238170378 ], [ 129.047931931328463, 35.1621476071046 ], [ 129.048078868662742, 35.162107305319935 ], [ 129.048147206459618, 35.162096985712644 ], [ 129.048193992942828, 35.162101177033215 ], [ 129.04826899113786, 35.162109999920077 ], [ 129.048307958923857, 35.162073676395245 ], [ 129.048309451776419, 35.162072270638518 ], [ 129.048339631248894, 35.162044136953249 ], [ 129.048451203410508, 35.162026931592237 ], [ 129.048452357939198, 35.162025401229052 ], [ 129.048475711687615, 35.161994429955122 ], [ 129.048482373099063, 35.161985591979942 ], [ 129.048530576824191, 35.16196481755334 ], [ 129.048566144120713, 35.161989353599836 ], [ 129.048648436115315, 35.162022640101704 ], [ 129.048665440367955, 35.162029527358584 ], [ 129.048745287288028, 35.162038950636585 ], [ 129.048774376414912, 35.162028826885695 ], [ 129.049005595700066, 35.161951525278013 ], [ 129.049079395732321, 35.161927392078958 ], [ 129.049112342518896, 35.161916095506704 ], [ 129.04924092752978, 35.161849345753048 ], [ 129.049241238452282, 35.161821745354743 ], [ 129.049269407264262, 35.161796680087193 ], [ 129.049282620328086, 35.161786078570913 ], [ 129.049330217684144, 35.161741687649567 ], [ 129.049336101625414, 35.161736204539665 ], [ 129.049411066146433, 35.161666283404955 ], [ 129.049487831359016, 35.161647424304761 ], [ 129.049611273633559, 35.161596907590528 ], [ 129.049612892571901, 35.161596246736437 ], [ 129.049657961820202, 35.16152972470239 ], [ 129.049660059283781, 35.161524194451246 ], [ 129.049667775403037, 35.161503829382788 ], [ 129.049693029568658, 35.161437182177274 ], [ 129.049710020730998, 35.161392340592172 ], [ 129.049746323064852, 35.16129653466281 ], [ 129.049761880912968, 35.161255485540849 ], [ 129.049762511933466, 35.161253793262993 ], [ 129.049764737824546, 35.161247915149247 ], [ 129.049769079930115, 35.161236454249213 ], [ 129.049815371991372, 35.161114269257205 ], [ 129.049816743734539, 35.161110648879117 ], [ 129.049844866913048, 35.161036445519031 ], [ 129.049846500095953, 35.161032138376349 ], [ 129.049891702464492, 35.160912827198693 ], [ 129.049943228754302, 35.160776863522472 ], [ 129.049948098873472, 35.160764012792256 ], [ 129.049977889751716, 35.160622414487179 ], [ 129.050015615135237, 35.160607365341335 ], [ 129.050025341666725, 35.160573884974774 ], [ 129.050047180105366, 35.160498750387838 ], [ 129.050157997881996, 35.160117475629768 ], [ 129.050169499286966, 35.160078946971446 ], [ 129.050171918821462, 35.160070837596137 ], [ 129.05032223740551, 35.159567294939436 ], [ 129.05032611615826, 35.159554162056246 ], [ 129.050342172463814, 35.159499840212668 ], [ 129.050343262427674, 35.159486002803476 ], [ 129.050343872471586, 35.1594781158404 ], [ 129.050344594364759, 35.159471725918692 ], [ 129.05034947590508, 35.159427783063478 ], [ 129.050350994268257, 35.159414073608801 ], [ 129.050355894453219, 35.15936995650398 ], [ 129.050356832611811, 35.159361656912452 ], [ 129.050359780546756, 35.159335344510936 ], [ 129.050360774634271, 35.15932733091492 ], [ 129.050361377519351, 35.159322422055482 ], [ 129.050363056636485, 35.159308852997015 ], [ 129.050363526960695, 35.159304479586396 ], [ 129.050366014828853, 35.159280998713669 ], [ 129.050367259409398, 35.159270796412791 ], [ 129.05037115942369, 35.159239000865171 ], [ 129.050371671215231, 35.159233920062803 ], [ 129.050381603583503, 35.159134478971353 ], [ 129.050384227403242, 35.159108212191114 ], [ 129.050385478793061, 35.159104037955991 ], [ 129.050396167002305, 35.159068141559153 ], [ 129.050397643730776, 35.159060568982603 ], [ 129.050407823033652, 35.159008502441701 ], [ 129.050411129124313, 35.158962883822021 ], [ 129.050411727250889, 35.158953328133592 ], [ 129.050415895644875, 35.158887199508413 ], [ 129.050421707916342, 35.158795002375037 ], [ 129.050421895846455, 35.158792062529457 ], [ 129.050423999555193, 35.158753547743693 ], [ 129.050426877630116, 35.158700880416667 ], [ 129.05042711497066, 35.158697536018025 ], [ 129.050427284245671, 35.158695232946719 ], [ 129.050429162063381, 35.158669574380951 ], [ 129.050430058921279, 35.158663264264895 ], [ 129.0504315338342, 35.158630028329597 ], [ 129.050452017331565, 35.158544630863311 ], [ 129.050471459146593, 35.158463583463337 ], [ 129.050479968377203, 35.15842811165659 ], [ 129.050480055858259, 35.158427746287011 ], [ 129.05048247301022, 35.158417664215762 ], [ 129.050470408123005, 35.158414105827838 ], [ 129.050383829747886, 35.15838961015514 ], [ 129.050366421025075, 35.158384690204819 ], [ 129.050309225802209, 35.158346433105763 ], [ 129.050294828678375, 35.158313926854667 ], [ 129.050371926966307, 35.158305505393997 ], [ 129.050374483153092, 35.158303096036107 ], [ 129.050316136202241, 35.158222079572091 ], [ 129.050228842580566, 35.158100866577236 ], [ 129.050228349868547, 35.15810018405422 ], [ 129.050219456773135, 35.158087834034646 ], [ 129.050190423362665, 35.158099711935314 ], [ 129.0501215236024, 35.158098855393575 ], [ 129.050150143701103, 35.158081858055951 ], [ 129.050265375309834, 35.157972235366316 ], [ 129.050326114111584, 35.157899533964482 ], [ 129.050340941518186, 35.157862734372785 ], [ 129.050263512668323, 35.157806621098096 ], [ 129.050203091562537, 35.157763515803033 ], [ 129.05017703624668, 35.157713982190067 ], [ 129.050148411391348, 35.157659555967008 ], [ 129.050104906480243, 35.157571574754357 ], [ 129.050063996639238, 35.157561747812586 ], [ 129.050062437357383, 35.157561498185537 ], [ 129.050042766705616, 35.157556663932354 ], [ 129.049572750626965, 35.157443744668562 ], [ 129.049571614670697, 35.157443471587449 ], [ 129.049419408862576, 35.157406772973843 ], [ 129.049413980355382, 35.157405516146163 ], [ 129.049403591981786, 35.157403110999823 ], [ 129.049367788283462, 35.157394958610325 ], [ 129.049331861584022, 35.157387266702294 ], [ 129.049255393544598, 35.157369370487842 ], [ 129.049231982901091, 35.157364491972466 ], [ 129.04922145475507, 35.157362299574473 ], [ 129.049127966197915, 35.157340368981039 ], [ 129.049092674497416, 35.157332003492975 ], [ 129.048979810540146, 35.15730377759585 ], [ 129.048772611158199, 35.157251962672518 ], [ 129.048723225676781, 35.157239611847253 ], [ 129.04871780188185, 35.157242945919961 ], [ 129.048671397422083, 35.157231773229206 ], [ 129.048608662498538, 35.157217176721133 ], [ 129.048570298671194, 35.157207917190505 ], [ 129.048536711417796, 35.15719980924694 ], [ 129.048523759679142, 35.157238355411515 ], [ 129.048509562643261, 35.157284645183999 ], [ 129.048476082160477, 35.157274294459441 ], [ 129.048476120164992, 35.15727404062153 ], [ 129.048476759097724, 35.157270101438954 ], [ 129.048453781945312, 35.157222869563384 ], [ 129.048430478062471, 35.15717455812559 ], [ 129.048418129316588, 35.157168056699646 ], [ 129.048381570849557, 35.15716299265825 ], [ 129.048265034946354, 35.157134990642639 ], [ 129.048213069560632, 35.157122632912454 ], [ 129.048052128606912, 35.157083224878711 ], [ 129.048038944996762, 35.157079822995392 ], [ 129.047959620815305, 35.157061514355995 ], [ 129.04794140226727, 35.157054158334219 ], [ 129.047893870119992, 35.15703496731885 ], [ 129.047876988883246, 35.157030457707975 ], [ 129.047820570961676, 35.157015385159006 ], [ 129.047391753602085, 35.156900828213885 ], [ 129.047364502580592, 35.156868685949547 ], [ 129.047343464712384, 35.156808456725543 ], [ 129.047360875034173, 35.156797026417394 ], [ 129.047444489129333, 35.156742128598317 ], [ 129.047472851313955, 35.156723506878031 ], [ 129.047366561133515, 35.156678048671381 ], [ 129.047365106537427, 35.156677412684836 ], [ 129.047340719530922, 35.156666758842675 ], [ 129.047339656819616, 35.156666294565184 ], [ 129.04728740904639, 35.156643466946683 ], [ 129.047181134414842, 35.156598818921942 ], [ 129.047125521542796, 35.156578350448143 ], [ 129.047067287037123, 35.156559155144386 ], [ 129.046944881700142, 35.156519407607192 ], [ 129.046879940020659, 35.15649815023562 ], [ 129.04676609207263, 35.156493929337699 ], [ 129.046658977213269, 35.156500441671589 ], [ 129.046627688657054, 35.156502391044164 ], [ 129.046494796425634, 35.156477104419778 ], [ 129.046486529010565, 35.156464768665188 ], [ 129.046480121131736, 35.156455206862674 ], [ 129.046464205065632, 35.15645672821627 ], [ 129.046461835818889, 35.156456953211915 ], [ 129.046349338454718, 35.156467706637265 ], [ 129.046313223753657, 35.156471159212273 ], [ 129.046211945633218, 35.1564808406306 ], [ 129.046089458459448, 35.156492549010913 ], [ 129.046015120932509, 35.156483661265 ], [ 129.045962579910992, 35.15649845465672 ], [ 129.045949266619203, 35.156500373693291 ], [ 129.045899168711912, 35.156507591209987 ], [ 129.045910438428507, 35.156621450472109 ], [ 129.045561963152892, 35.156793421785068 ], [ 129.045541992353833, 35.156813785195396 ], [ 129.045472091672536, 35.156885082838869 ], [ 129.045418193722099, 35.156940056401048 ], [ 129.045299847817716, 35.157066335458325 ], [ 129.045249672161731, 35.157092565037544 ], [ 129.045224992694074, 35.157109451451689 ], [ 129.044948203944642, 35.157298838938132 ], [ 129.044581592588173, 35.157382996633849 ], [ 129.04453578961693, 35.157393511010518 ], [ 129.044216259391192, 35.157401926226257 ], [ 129.044184417397446, 35.157396456372226 ], [ 129.044030015390177, 35.157374068555008 ], [ 129.044018348365086, 35.157372079557916 ], [ 129.043891879019043, 35.157350515711983 ], [ 129.04384862743413, 35.157343140933428 ], [ 129.04383576760253, 35.157340948030409 ], [ 129.043722017965138, 35.157307126795324 ], [ 129.043585418190389, 35.157233108059579 ], [ 129.043496021547838, 35.157160146647918 ], [ 129.043437609259882, 35.157112691807669 ], [ 129.043255946244983, 35.156965105715237 ], [ 129.043201289007754, 35.156910336842138 ], [ 129.043048351335131, 35.156757093810342 ], [ 129.043011175928967, 35.156730034016782 ], [ 129.042983073656558, 35.156709575628383 ], [ 129.042922677036444, 35.156659093856163 ], [ 129.042825203366618, 35.156577622632881 ], [ 129.042598637995241, 35.156399269266004 ], [ 129.042592130649524, 35.156395462592215 ], [ 129.042513941512283, 35.156349722455289 ], [ 129.042503148130606, 35.156343408882655 ], [ 129.04241804650718, 35.156294900406969 ], [ 129.04234171442522, 35.156251742161274 ], [ 129.042171116593607, 35.156167179368509 ], [ 129.042165969187238, 35.156164810555566 ], [ 129.042139588646165, 35.156153887109475 ], [ 129.042047411465091, 35.156109715029302 ], [ 129.042012945979678, 35.156110218700597 ], [ 129.041975457122533, 35.156100952234397 ], [ 129.041767675464058, 35.15604960056033 ], [ 129.041492496873872, 35.155974296622396 ], [ 129.041470843593629, 35.155937764847387 ], [ 129.041421418264264, 35.155924774986055 ], [ 129.041410518722842, 35.155921846407232 ], [ 129.041364817495975, 35.155909569190023 ], [ 129.041347993756915, 35.155905050715532 ], [ 129.041311408808895, 35.155898066235295 ], [ 129.041249697035028, 35.155895103466356 ], [ 129.040748660131584, 35.155815715463589 ], [ 129.040657265083524, 35.155833104220875 ], [ 129.04046341930092, 35.155805437757394 ], [ 129.040443196637426, 35.155855527831676 ], [ 129.04040349496097, 35.155849236378913 ], [ 129.04016022218741, 35.155810688917505 ], [ 129.040112900047291, 35.155823937486623 ], [ 129.04010384310638, 35.155826562722851 ], [ 129.040079994683083, 35.155833469330808 ], [ 129.04007634097718, 35.155834509358975 ], [ 129.040064926903824, 35.155837769541606 ], [ 129.04010654313052, 35.155887622406908 ], [ 129.040058184854331, 35.155912532933577 ], [ 129.040017121635458, 35.155929350706906 ], [ 129.040008382357456, 35.155932929407605 ], [ 129.039990311178002, 35.15594033056329 ], [ 129.03998817214628, 35.155941179124618 ], [ 129.039979188915112, 35.155944570684923 ], [ 129.039922870956332, 35.155968994502103 ], [ 129.039899633994338, 35.155974213601752 ], [ 129.039841153921458, 35.155899765431755 ], [ 129.039839448959327, 35.155900112586835 ], [ 129.039779764607601, 35.155912454276468 ], [ 129.0397371201027, 35.155921272232611 ], [ 129.039732935064393, 35.155922138682392 ], [ 129.039655143790668, 35.155938298880834 ], [ 129.039631437523553, 35.155942965797507 ], [ 129.039625175717703, 35.155944198547289 ], [ 129.039603859394617, 35.15594839870203 ], [ 129.039577241928271, 35.15596851654022 ], [ 129.039288902883612, 35.156022991238359 ], [ 129.039273234095504, 35.156083907496701 ], [ 129.039220809275832, 35.15608126476414 ], [ 129.039199785719688, 35.156080204739759 ], [ 129.03920579916155, 35.156038691216636 ], [ 129.039190282819447, 35.156041621161968 ], [ 129.039077939417638, 35.156063955178396 ], [ 129.039047511753665, 35.156051581293355 ], [ 129.038982580926358, 35.156026462424322 ], [ 129.038811711582326, 35.155936721244899 ], [ 129.038782467219278, 35.155944735703912 ], [ 129.038780359266497, 35.155945311562874 ], [ 129.03871067476868, 35.1559644219276 ], [ 129.038701538659211, 35.155966927249494 ], [ 129.038692274779663, 35.155969468454956 ], [ 129.038553384359545, 35.156068786909671 ], [ 129.03853114580113, 35.156086513731204 ], [ 129.038387517854517, 35.156191195444812 ], [ 129.038333449780083, 35.156230603573427 ], [ 129.038126845477592, 35.15643155898988 ], [ 129.038125473978567, 35.156432883740479 ], [ 129.038110800059911, 35.156446978313319 ], [ 129.037940052753584, 35.15661099443362 ], [ 129.037888552543706, 35.156659761840537 ], [ 129.037806732674653, 35.156737244557092 ], [ 129.037797785050316, 35.156739796106038 ], [ 129.037796263800487, 35.156747163544296 ], [ 129.037765447858789, 35.156776340479112 ], [ 129.037745396463151, 35.156795325990792 ], [ 129.037744300101167, 35.156827833950473 ], [ 129.03774164946654, 35.156906084111142 ], [ 129.037740642756717, 35.156935831102551 ], [ 129.037691183410317, 35.15694815917697 ], [ 129.037674714459939, 35.156943068575892 ], [ 129.037673061204401, 35.156945523009682 ], [ 129.037529266278227, 35.156926025230526 ], [ 129.037485551860271, 35.156920034407875 ], [ 129.037332731886465, 35.156899087554777 ], [ 129.03732511158907, 35.156897267444386 ], [ 129.03726869491075, 35.156883791194758 ], [ 129.037218830358881, 35.156873477565838 ], [ 129.037111833498159, 35.156852552074888 ], [ 129.037080172235903, 35.156848425956859 ], [ 129.037051705830436, 35.156844716406667 ], [ 129.036931566093699, 35.156829060643993 ], [ 129.036466254373181, 35.156765390069452 ], [ 129.036384745945753, 35.156752154137891 ], [ 129.036352975961222, 35.156746913013571 ], [ 129.03625788517607, 35.156731225579904 ], [ 129.036034561298834, 35.156705169215314 ], [ 129.035746774406732, 35.156666526400812 ], [ 129.035684275429105, 35.156657334338405 ], [ 129.035667797501787, 35.15665491054019 ], [ 129.035574220810958, 35.156641148145198 ], [ 129.035449227489238, 35.156620669307955 ], [ 129.035164858893921, 35.15658735356913 ], [ 129.034763522454938, 35.156522737565147 ], [ 129.03450651364318, 35.156494046896846 ], [ 129.034412028488703, 35.15648017699565 ], [ 129.034215257495845, 35.156451289746315 ], [ 129.033902458883603, 35.156405373157376 ], [ 129.033850394796502, 35.156405341809965 ], [ 129.033813923286033, 35.156403502723251 ], [ 129.033669275844829, 35.156391129347234 ], [ 129.033560066836486, 35.156376557112196 ], [ 129.033419523874642, 35.156360478143881 ], [ 129.033108892480215, 35.156316106271198 ], [ 129.0330484310212, 35.156307467689459 ], [ 129.032796282601936, 35.15627252590366 ], [ 129.03257041112451, 35.156235781505728 ], [ 129.032331329385585, 35.156205401472775 ], [ 129.032280727629683, 35.15619763856639 ], [ 129.032113799106668, 35.156172027312749 ], [ 129.031971310248792, 35.156147924384953 ], [ 129.031945343338492, 35.156143532855438 ], [ 129.031859722375231, 35.156132565636419 ], [ 129.031842928398731, 35.156130254406278 ], [ 129.031688819544655, 35.156109742247047 ], [ 129.031641449158002, 35.156102407951039 ], [ 129.031495997604196, 35.156079890890268 ], [ 129.030780900820673, 35.155987947642018 ], [ 129.030685911072908, 35.155975326317716 ], [ 129.030305336057182, 35.155924759695694 ], [ 129.030277688804858, 35.15592032411859 ], [ 129.030041402682969, 35.155887245367737 ], [ 129.029856158290244, 35.155861753237559 ], [ 129.029742369047341, 35.155844758658333 ], [ 129.029644360169442, 35.155830120768378 ], [ 129.029512046954693, 35.155806356169165 ], [ 129.029113219404337, 35.155737403373394 ], [ 129.029029668554216, 35.15571781023845 ], [ 129.029026400513061, 35.155752898946865 ], [ 129.029113039192282, 35.155782795493714 ], [ 129.029331078478066, 35.155938841953336 ], [ 129.029634249207191, 35.156078860675642 ], [ 129.02980880420472, 35.156190641645388 ], [ 129.030036317940045, 35.156283842916501 ], [ 129.030221210724221, 35.156355863258895 ], [ 129.030287030355254, 35.156397787980936 ], [ 129.030496112355763, 35.15653100212829 ], [ 129.030683032714194, 35.156596811978055 ], [ 129.030805471726893, 35.156656802387744 ], [ 129.03090328990109, 35.156677545640008 ], [ 129.030982623513808, 35.156658958830327 ], [ 129.031174501984083, 35.156564831505158 ], [ 129.031244973871651, 35.156530261877592 ], [ 129.031422365568687, 35.156443967468526 ], [ 129.031526337895457, 35.156423120421209 ], [ 129.031591316301245, 35.156439048981085 ], [ 129.031658491907962, 35.156455526754108 ], [ 129.031804114400387, 35.156584556010245 ], [ 129.031933764623318, 35.156700628067632 ], [ 129.031952878896021, 35.156718010124578 ], [ 129.031980684884871, 35.156743303887033 ], [ 129.03217488732173, 35.156811667341898 ], [ 129.032318127569312, 35.156936641787965 ], [ 129.032352447181523, 35.156983883031501 ], [ 129.032454996224658, 35.157125051080854 ], [ 129.032620593353556, 35.157222841832798 ], [ 129.032884706236729, 35.157252022709351 ], [ 129.033237696566374, 35.157425946086633 ], [ 129.033381137402273, 35.157495601051018 ], [ 129.033489116814877, 35.157492430862668 ], [ 129.033560505457586, 35.157490335134952 ], [ 129.033612034086843, 35.157488824409853 ], [ 129.033746566544608, 35.157450832986171 ], [ 129.033749399834818, 35.157455088778974 ], [ 129.033798508305495, 35.157528752481433 ], [ 129.033684061419535, 35.157739232896041 ], [ 129.03366524399226, 35.157773836955357 ], [ 129.03366179216232, 35.157869968942201 ], [ 129.033661502290016, 35.15788423609699 ], [ 129.033560685577839, 35.157956579315417 ], [ 129.033470714459355, 35.158021148503444 ], [ 129.03345638064701, 35.158074359114529 ], [ 129.033451035074279, 35.158092659163962 ], [ 129.033447762807356, 35.158103853516877 ], [ 129.03344597056622, 35.158199394668181 ], [ 129.033445052221964, 35.158248028366273 ], [ 129.033451464759963, 35.158393135387939 ], [ 129.033404203599076, 35.158414275996954 ], [ 129.033264074613385, 35.158426055942108 ], [ 129.033197976223278, 35.15845245508563 ], [ 129.033089396583392, 35.158531703342561 ], [ 129.032826332424548, 35.158721536240677 ], [ 129.032831343956616, 35.158759381953466 ], [ 129.032859620115914, 35.158800962554174 ], [ 129.032869504653803, 35.158815498560081 ], [ 129.032886517951937, 35.158937123342803 ], [ 129.032886967495273, 35.158940368862552 ], [ 129.032889862665485, 35.158961027799435 ], [ 129.032780984028307, 35.159099053779329 ], [ 129.032777156369406, 35.159114474681076 ], [ 129.032765185347046, 35.159111555279132 ], [ 129.032692620214874, 35.159093855248557 ], [ 129.032291412393022, 35.158992645813669 ], [ 129.032089257648295, 35.158943450492146 ], [ 129.032028097422682, 35.159117883360345 ], [ 129.032023401506621, 35.159131271269828 ], [ 129.032517726860334, 35.159263457629109 ], [ 129.032526443758854, 35.159265788903063 ], [ 129.033152049678904, 35.15943307385303 ], [ 129.033160699285673, 35.159435386097059 ], [ 129.033538622636343, 35.159536440202203 ], [ 129.033944910446422, 35.159640299462787 ], [ 129.033962998000504, 35.159644922867983 ], [ 129.034478357637852, 35.1597766706508 ], [ 129.034525990103731, 35.159783218784959 ], [ 129.035228197358492, 35.159879759400773 ], [ 129.035237059262641, 35.159880977855472 ], [ 129.035241713159536, 35.159881620321222 ], [ 129.035277581152457, 35.159886546506947 ], [ 129.035679961557435, 35.159939213603181 ], [ 129.035802360071187, 35.160036647712474 ], [ 129.036196133236359, 35.160350111086885 ], [ 129.03629689474451, 35.160430321540673 ], [ 129.036531291614409, 35.160557841957328 ], [ 129.037015182903986, 35.160683665810105 ], [ 129.037070792902369, 35.160698126112138 ], [ 129.037196130382341, 35.160730705627181 ], [ 129.037199614562695, 35.160731611706076 ], [ 129.037817053493114, 35.160894555291421 ], [ 129.037872153661539, 35.160909095626039 ], [ 129.037900195224296, 35.160878382382869 ], [ 129.03793019378594, 35.16083627047631 ], [ 129.037935554334922, 35.160797818174622 ], [ 129.038026071612535, 35.160821882345033 ], [ 129.038228425253322, 35.160871590742765 ], [ 129.038427476755288, 35.160920486915572 ], [ 129.038425302190774, 35.160935837393922 ], [ 129.038600737212334, 35.160982167918952 ], [ 129.039049830690175, 35.161097376351009 ], [ 129.039531821667794, 35.161209966836431 ], [ 129.039600826301864, 35.161257022909183 ], [ 129.039858704540677, 35.161319710999798 ], [ 129.039841777483844, 35.161321240741842 ], [ 129.039746699415986, 35.161307011174131 ], [ 129.039682524428343, 35.161331431103513 ], [ 129.039671166286922, 35.161361755963057 ], [ 129.039696735121424, 35.161374042653435 ], [ 129.039688907711053, 35.161394343617751 ], [ 129.039688552066906, 35.161395279501278 ], [ 129.039661215892181, 35.161466883897539 ], [ 129.039661563496651, 35.161469016293573 ], [ 129.039669921115348, 35.161520412696994 ], [ 129.039665683580182, 35.161558757920155 ], [ 129.039663780654195, 35.161581867821582 ], [ 129.039628737893622, 35.161658288295079 ], [ 129.039603499395355, 35.161714674794077 ], [ 129.039599632339218, 35.161730738337027 ], [ 129.039703594048149, 35.161754348131637 ], [ 129.039763338845916, 35.161824780630852 ], [ 129.039828471299018, 35.161820847476633 ], [ 129.039854911784175, 35.16176183549269 ], [ 129.039890561271363, 35.161725761480838 ], [ 129.039923862109674, 35.161707904585334 ], [ 129.040003691736274, 35.1616449634787 ], [ 129.040019001314818, 35.16161843371416 ], [ 129.040023615496096, 35.161618709544001 ], [ 129.040024720213921, 35.161614645468227 ], [ 129.040026338819217, 35.161605693544793 ], [ 129.040026955162773, 35.161604376571276 ], [ 129.040033083441983, 35.16159108917202 ], [ 129.040037488301948, 35.161581543725887 ], [ 129.040048188199933, 35.161558355328346 ], [ 129.040061098951952, 35.161530375616231 ], [ 129.040049056450329, 35.161508556511279 ], [ 129.04004620101486, 35.161503384219415 ], [ 129.039991672621255, 35.161405072683543 ], [ 129.039990397190905, 35.161376554761802 ], [ 129.040002182373655, 35.161355260374926 ], [ 129.040024633784213, 35.161320523516302 ], [ 129.040048666754871, 35.161335433507972 ], [ 129.04007957656205, 35.161375245966632 ], [ 129.040112182796435, 35.161380768472512 ], [ 129.040126422130754, 35.161400313728819 ], [ 129.040126978960501, 35.161401081131075 ], [ 129.040164199814143, 35.161472584234119 ], [ 129.040184752152868, 35.161394077617494 ], [ 129.04077477443613, 35.161514082738961 ], [ 129.040794010050718, 35.161501999914506 ], [ 129.040843553732714, 35.161494897009341 ], [ 129.040920435030955, 35.16149268194453 ], [ 129.040952170606687, 35.161501631497011 ], [ 129.041000276851236, 35.161499227971056 ], [ 129.04111899113218, 35.161502181423387 ], [ 129.04117037854212, 35.161514476492499 ], [ 129.041243478990879, 35.161539160156998 ], [ 129.041300358096436, 35.161572807527349 ], [ 129.041318310384298, 35.16158342634256 ], [ 129.04134442903802, 35.161597604472895 ], [ 129.041387656265897, 35.161629761156156 ], [ 129.041407938718407, 35.161650350052803 ], [ 129.04142416895715, 35.16166588380009 ], [ 129.0414516495415, 35.161721046157176 ], [ 129.041510088218018, 35.16171078774736 ], [ 129.041563709737346, 35.161764429061364 ], [ 129.041631518716713, 35.161806335652507 ], [ 129.041818765732216, 35.16188857728725 ], [ 129.041933337562, 35.161943783129658 ], [ 129.04205498377911, 35.161971736917522 ], [ 129.042207830416402, 35.162012721887152 ], [ 129.04220979022395, 35.162013247816681 ], [ 129.042334572733751, 35.162072974663765 ], [ 129.042353673051423, 35.162091061156424 ], [ 129.042392271655501, 35.162127609543404 ], [ 129.042473182988857, 35.16214470692514 ], [ 129.042531692257143, 35.162161200566644 ], [ 129.042963017741982, 35.162282786686383 ], [ 129.04296955873059, 35.162284628295943 ], [ 129.042971470559337, 35.162285171053149 ], [ 129.042973404494234, 35.162285721643208 ], [ 129.043756672176841, 35.162506502397491 ], [ 129.043761668534643, 35.162507709984482 ], [ 129.043765888844661, 35.162508752550373 ], [ 129.0437711303112, 35.162510032748045 ], [ 129.04402988369921, 35.162573226329677 ], [ 129.044267350592264, 35.162631221593983 ], [ 129.044277689081895, 35.162633747722502 ], [ 129.044487927468737, 35.162685091419512 ], [ 129.044489971381637, 35.162685592797374 ], [ 129.044599991900981, 35.162712462450315 ], [ 129.044959943253446, 35.162800372152958 ], [ 129.045009240335958, 35.162797276531002 ], [ 129.045055890212041, 35.162794348095758 ], [ 129.045076791645556, 35.16279303650402 ] ] ] } },
{ "type": "Feature", "properties": { "BASE_DATE": "20250630", "ADM_CD": "21050700", "ADM_NM": "당감4동" }, "geometry": { "type": "Polygon", "coordinates": [ [ [ 129.024052064775958, 35.177238461256898 ], [ 129.02448339417964, 35.177098492193878 ], [ 129.025101001626581, 35.177244597083977 ], [ 129.025731636698566, 35.17714155523349 ], [ 129.025832276078887, 35.176978913591057 ], [ 129.025710528467442, 35.176486856027182 ], [ 129.025803691856481, 35.176243868794622 ], [ 129.025780728371018, 35.17619274834535 ], [ 129.025662675669736, 35.175929937839896 ], [ 129.025628543005098, 35.175810911790713 ], [ 129.025933483835615, 35.175739614979214 ], [ 129.026334364185686, 35.175641176159125 ], [ 129.026594008420574, 35.175611033640891 ], [ 129.02674845106236, 35.175593102932922 ], [ 129.026827598863832, 35.175581226263354 ], [ 129.026883719915503, 35.175485516104445 ], [ 129.02707798250097, 35.175275099614069 ], [ 129.027243064131653, 35.175096289789408 ], [ 129.027580178317578, 35.174930936564884 ], [ 129.027668161579243, 35.17488766205819 ], [ 129.027830605330678, 35.17480776242369 ], [ 129.028078441949305, 35.174685859268472 ], [ 129.028165589947605, 35.174643278364499 ], [ 129.028296204066606, 35.174579460547285 ], [ 129.029002887407813, 35.17418445500634 ], [ 129.029022446762525, 35.174173518578009 ], [ 129.029033336451647, 35.174135589231931 ], [ 129.029040151251536, 35.174111852174164 ], [ 129.029087532167097, 35.173946820237518 ], [ 129.029089230915559, 35.173940900460536 ], [ 129.029165391031967, 35.173770661672137 ], [ 129.029422489240858, 35.173195985887595 ], [ 129.029467556277467, 35.173095251538747 ], [ 129.029593727651303, 35.172791065294682 ], [ 129.029601487706117, 35.17279570253632 ], [ 129.029855051298512, 35.172980858523687 ], [ 129.030103833382555, 35.173162523834058 ], [ 129.030320583945382, 35.173320751221645 ], [ 129.03040831565329, 35.173384906475128 ], [ 129.030496268782059, 35.173449150828489 ], [ 129.030582909853962, 35.173433087335333 ], [ 129.030694399298426, 35.173412418957469 ], [ 129.030985378721965, 35.173624888077718 ], [ 129.031036862864909, 35.173621629761179 ], [ 129.031058811527004, 35.173607022104314 ], [ 129.031085736406766, 35.173632163884086 ], [ 129.031105043402988, 35.173650186391562 ], [ 129.031126760926071, 35.173632153726977 ], [ 129.031327379235734, 35.173465535118645 ], [ 129.031639384275707, 35.173204703987814 ], [ 129.031676908035109, 35.173181342067735 ], [ 129.031799660949588, 35.173105786325301 ], [ 129.032032505501377, 35.172968659014849 ], [ 129.032037297146417, 35.172965426538148 ], [ 129.032204194596119, 35.17285278324831 ], [ 129.032242898396987, 35.172886059731475 ], [ 129.03230490129036, 35.172844883166263 ], [ 129.032308113667597, 35.172842748985218 ], [ 129.032320918571457, 35.172834234463167 ], [ 129.032394269012912, 35.172785530097293 ], [ 129.032399372805486, 35.172782139481654 ], [ 129.032429394667957, 35.172762191980311 ], [ 129.032522988846637, 35.172709989194047 ], [ 129.032569232201212, 35.172684195017361 ], [ 129.032596102500889, 35.172647044085089 ], [ 129.032617577535291, 35.172617352815571 ], [ 129.032844053530653, 35.172304204995712 ], [ 129.032869372806971, 35.172257911484081 ], [ 129.032869856879955, 35.172257025386678 ], [ 129.032890237757414, 35.172219772599419 ], [ 129.033021898742305, 35.171979057943233 ], [ 129.033054977081747, 35.171918580337682 ], [ 129.033060136443339, 35.171909147309087 ], [ 129.03306725847429, 35.171896113653915 ], [ 129.033071937969368, 35.171887556752061 ], [ 129.033078844848319, 35.171874936051907 ], [ 129.033079133560079, 35.171874405857452 ], [ 129.033373453823117, 35.171492988513727 ], [ 129.033374113041504, 35.171492132654713 ], [ 129.033390892363286, 35.171470396094094 ], [ 129.03339885698702, 35.171460078217173 ], [ 129.033470057146019, 35.171325798969121 ], [ 129.033518369365623, 35.171276100027711 ], [ 129.033520781326587, 35.171273622519557 ], [ 129.033524440312988, 35.171269840821658 ], [ 129.033604509243958, 35.171187437777895 ], [ 129.033667894240978, 35.171122204326473 ], [ 129.033729220417229, 35.171050778517795 ], [ 129.033737788644544, 35.171040799192802 ], [ 129.03373958629976, 35.171038704529387 ], [ 129.033764529885417, 35.171009635422692 ], [ 129.033794922343418, 35.17097422030092 ], [ 129.033840863700874, 35.170922484771303 ], [ 129.033860497241932, 35.170900375698004 ], [ 129.033887251242817, 35.170870246786905 ], [ 129.033969703974492, 35.170807113158503 ], [ 129.03402848873219, 35.170762100472245 ], [ 129.034040462767734, 35.170752929105532 ], [ 129.034105548269622, 35.170703085093656 ], [ 129.034161615856647, 35.17066014890716 ], [ 129.034178700077916, 35.170644199412152 ], [ 129.034179989648294, 35.170642998361942 ], [ 129.03420303500468, 35.17062149607434 ], [ 129.034290005317956, 35.170540348557239 ], [ 129.034482922457073, 35.170360347835725 ], [ 129.034492316878186, 35.170351571556132 ], [ 129.03466676845099, 35.170213553516888 ], [ 129.034674655595381, 35.170207307304352 ], [ 129.034771068235585, 35.170131024793683 ], [ 129.034782507445442, 35.170121974636878 ], [ 129.034793087998821, 35.170112223089355 ], [ 129.034854963181118, 35.1700552010834 ], [ 129.034979831359408, 35.169940121287986 ], [ 129.035018816229353, 35.169904195746639 ], [ 129.03513617628721, 35.169796036135274 ], [ 129.035331720759956, 35.169390032308982 ], [ 129.035372458457857, 35.169305387627524 ], [ 129.035372837853373, 35.169304601122704 ], [ 129.035374509333252, 35.16930111414743 ], [ 129.035375733047175, 35.169298573226889 ], [ 129.035376534052943, 35.169296909521186 ], [ 129.035421428340669, 35.169232392844641 ], [ 129.035503136402696, 35.169114973635622 ], [ 129.035568456815497, 35.16906967990213 ], [ 129.035523909721149, 35.169035045885053 ], [ 129.035464523683231, 35.168996057674356 ], [ 129.035426925676745, 35.168964739994905 ], [ 129.035409015433601, 35.168950157223861 ], [ 129.035427680366666, 35.168937371098309 ], [ 129.035483361943022, 35.168895320078391 ], [ 129.035609413052867, 35.168982021898394 ], [ 129.035805159844784, 35.168847619980653 ], [ 129.035789616910137, 35.168819028699367 ], [ 129.035826488848784, 35.168798892528379 ], [ 129.035850238000478, 35.168787013799992 ], [ 129.035880309180897, 35.168771970489885 ], [ 129.035902202005758, 35.168760696830269 ], [ 129.035922792149051, 35.168749866148218 ], [ 129.035933128665732, 35.1687453117678 ], [ 129.036070138694924, 35.168639651976086 ], [ 129.036097413046917, 35.168657056029531 ], [ 129.036186692360303, 35.168595958527888 ], [ 129.03619214958394, 35.168592233283732 ], [ 129.036202016267538, 35.168589437568045 ], [ 129.036204036778628, 35.168588864662958 ], [ 129.036209021614752, 35.168585943333873 ], [ 129.036216975634545, 35.168581282104924 ], [ 129.036252276084753, 35.168564295224364 ], [ 129.036349850905566, 35.168517342310693 ], [ 129.036361907518057, 35.168511540787478 ], [ 129.036381314035538, 35.168499491642216 ], [ 129.036396174167265, 35.16849026540298 ], [ 129.036477771370755, 35.168439605696975 ], [ 129.036553202602477, 35.168373272153026 ], [ 129.036571230191669, 35.168290916769962 ], [ 129.036614311007014, 35.168241321757641 ], [ 129.036678478649179, 35.168112662158045 ], [ 129.036714380919761, 35.168101357564211 ], [ 129.036774322785419, 35.168082482764063 ], [ 129.036888611338242, 35.168046496396961 ], [ 129.036920152257437, 35.168025035462897 ], [ 129.036982184546559, 35.167982822931997 ], [ 129.037054461064372, 35.167952166114972 ], [ 129.037066749402527, 35.167948766173218 ], [ 129.037205380450047, 35.167859608335696 ], [ 129.037213054803829, 35.167854679207686 ], [ 129.037316531953621, 35.167788121762037 ], [ 129.037543286445157, 35.167607170127347 ], [ 129.037552956706946, 35.167599432373052 ], [ 129.037606909396061, 35.167556402457521 ], [ 129.037677517919775, 35.167511016127186 ], [ 129.037700987638374, 35.167495935369367 ], [ 129.037844170149327, 35.167479116424353 ], [ 129.037891730905443, 35.167478688326312 ], [ 129.038707753122964, 35.167471362240278 ], [ 129.038715616403437, 35.167437423156301 ], [ 129.038747663240287, 35.167299090587541 ], [ 129.038809305793848, 35.167032964814268 ], [ 129.038810319477307, 35.167028607983319 ], [ 129.038814511959799, 35.167010508112249 ], [ 129.038822065188612, 35.16697789111165 ], [ 129.038854918622405, 35.166836058133079 ], [ 129.038893253892951, 35.166670556779323 ], [ 129.038894242197671, 35.166666310266294 ], [ 129.038898779839968, 35.166646718351394 ], [ 129.038939522112855, 35.166470809779383 ], [ 129.038978178693469, 35.166303905915676 ], [ 129.038988808274325, 35.166258003373429 ], [ 129.038991165972419, 35.166247826707185 ], [ 129.039037025974267, 35.166049862823328 ], [ 129.039038967221757, 35.166041475732101 ], [ 129.039039590554069, 35.166038779213274 ], [ 129.039040625601785, 35.166034333750886 ], [ 129.039093965136203, 35.165804059406263 ], [ 129.039094994842856, 35.165799622125682 ], [ 129.039095549151284, 35.165797224916226 ], [ 129.039178219226585, 35.165440300245784 ], [ 129.039178937477232, 35.165437164337831 ], [ 129.039180276733333, 35.1654314419361 ], [ 129.039180721021069, 35.165429557336687 ], [ 129.039182902537476, 35.165420288120494 ], [ 129.039183085478072, 35.165419508608643 ], [ 129.039183936795894, 35.165415859797278 ], [ 129.039348261704191, 35.164715247051859 ], [ 129.039350807769608, 35.164704350302422 ], [ 129.039354177875566, 35.164690047619722 ], [ 129.039355482812027, 35.164684486138313 ], [ 129.03950235966002, 35.164058182831425 ], [ 129.039503285039643, 35.164054270707751 ], [ 129.039507887730082, 35.164034649087633 ], [ 129.039518733338838, 35.163988411952495 ], [ 129.03906157699717, 35.164082467812776 ], [ 129.038977317975366, 35.164100452654509 ], [ 129.038836594250768, 35.16413049167992 ], [ 129.038714787869708, 35.164159542781199 ], [ 129.038709213437158, 35.164160871344585 ], [ 129.038655436758063, 35.164173699195544 ], [ 129.038649362947865, 35.164176960839235 ], [ 129.038623687277891, 35.164190748037882 ], [ 129.038517858456345, 35.164247574712938 ], [ 129.038459533686222, 35.164290519003721 ], [ 129.038452189341541, 35.164295926377335 ], [ 129.038447049272037, 35.164298107743591 ], [ 129.038430419948952, 35.164305161280936 ], [ 129.038381969311985, 35.164325688725732 ], [ 129.038360947621157, 35.164323965877848 ], [ 129.038347083317859, 35.164322822916837 ], [ 129.038281470969906, 35.164317475719415 ], [ 129.038246865312829, 35.164314628861312 ], [ 129.038246057080016, 35.164314562489338 ], [ 129.038139275961981, 35.164316938316546 ], [ 129.038076155732824, 35.164318343068068 ], [ 129.037775508072855, 35.164382262779483 ], [ 129.037734792841576, 35.164390928457138 ], [ 129.037724136138962, 35.164393196061596 ], [ 129.037603880846149, 35.164443794662176 ], [ 129.037597792689382, 35.164446355885381 ], [ 129.037588748527611, 35.164446740281733 ], [ 129.037397026257452, 35.164454885722584 ], [ 129.037340617599824, 35.164457282322978 ], [ 129.03705844914586, 35.164469268322897 ], [ 129.037034524341351, 35.164472846584786 ], [ 129.036956757802102, 35.164484479648443 ], [ 129.036905069174253, 35.164517043511445 ], [ 129.03689528736399, 35.164523213828573 ], [ 129.036872628885106, 35.164537492520893 ], [ 129.036863606471286, 35.164543176248081 ], [ 129.036826221237902, 35.16456672821861 ], [ 129.03682426483627, 35.164567960297802 ], [ 129.036713313013024, 35.164565474921666 ], [ 129.036659225862934, 35.164578172393334 ], [ 129.036648592087658, 35.164580669523268 ], [ 129.036534556371151, 35.164580706141983 ], [ 129.036401242419402, 35.164566352274669 ], [ 129.036330359218709, 35.164576496520532 ], [ 129.036207083053966, 35.164584111762231 ], [ 129.03601602739019, 35.164649914420373 ], [ 129.036010335008257, 35.164652039575877 ], [ 129.035880441663295, 35.164700538946356 ], [ 129.035840009143755, 35.164706450496382 ], [ 129.035828175134327, 35.164708181078737 ], [ 129.035741746743383, 35.164720818500342 ], [ 129.035713368495067, 35.164722992363167 ], [ 129.035609229396755, 35.164730970231872 ], [ 129.03559134537096, 35.164735076601453 ], [ 129.035590897169328, 35.164735180559404 ], [ 129.035585612726351, 35.164736404323065 ], [ 129.035532176200917, 35.164748684616413 ], [ 129.03541281964516, 35.164783590674737 ], [ 129.035373651776865, 35.164795045363363 ], [ 129.03519491158707, 35.164853250534946 ], [ 129.035171126792989, 35.164861250855033 ], [ 129.035141618386604, 35.164871177425653 ], [ 129.034976833123721, 35.164926657453364 ], [ 129.034967563890973, 35.164929791711984 ], [ 129.034850931125476, 35.164969037312787 ], [ 129.034848761062051, 35.164969768969868 ], [ 129.034821067453237, 35.164979109860901 ], [ 129.034818952795177, 35.164979810160588 ], [ 129.034817843476759, 35.164980431902976 ], [ 129.034811947038207, 35.164983737090871 ], [ 129.034615589601458, 35.165093662808566 ], [ 129.034568250018793, 35.165118880166517 ], [ 129.034387568409471, 35.165215128740691 ], [ 129.034371513505789, 35.1652232735116 ], [ 129.03413797222521, 35.165341643359419 ], [ 129.034011650168935, 35.165413274998549 ], [ 129.03400855613188, 35.165415028146306 ], [ 129.034007364768087, 35.165415432730946 ], [ 129.033950699537456, 35.165434667672365 ], [ 129.03388020462944, 35.165458587585704 ], [ 129.033658318174247, 35.165516810390237 ], [ 129.033559715803818, 35.165554779679852 ], [ 129.033470346194719, 35.165597786497436 ], [ 129.033362499617851, 35.165673691597327 ], [ 129.03330363597226, 35.165704624509871 ], [ 129.03328297432779, 35.165715485404263 ], [ 129.033214337356071, 35.16575154593427 ], [ 129.033208361619046, 35.16575466902227 ], [ 129.033199932762841, 35.165756314770334 ], [ 129.032738844374592, 35.165846436849819 ], [ 129.032710513577968, 35.165850872454733 ], [ 129.032695514582883, 35.165853223422616 ], [ 129.032686786244398, 35.165854591622747 ], [ 129.032674122325574, 35.165856576737902 ], [ 129.032661698888546, 35.165858095381076 ], [ 129.032529273163988, 35.16587430503337 ], [ 129.032512363500928, 35.16587705432309 ], [ 129.032269831069442, 35.165916491133899 ], [ 129.032248822025593, 35.165919906245442 ], [ 129.032039238276809, 35.165945252841759 ], [ 129.031989112439931, 35.165958442709488 ], [ 129.031963722090154, 35.165965113004411 ], [ 129.031956272794417, 35.165967063643009 ], [ 129.031949109759609, 35.165968939433171 ], [ 129.031943879676874, 35.165970317428673 ], [ 129.031885160306899, 35.165985743748571 ], [ 129.031847269546489, 35.166024369205587 ], [ 129.031706459190502, 35.166167902088446 ], [ 129.031522637272388, 35.166348351455873 ], [ 129.031500622070467, 35.166369961030234 ], [ 129.031459909061908, 35.166409926685176 ], [ 129.03142890984347, 35.166440354890568 ], [ 129.03138243315459, 35.166485979773569 ], [ 129.031384356499814, 35.166490999963024 ], [ 129.031394453166683, 35.166517337260004 ], [ 129.031429768357782, 35.166609451815575 ], [ 129.03148423564582, 35.166751517714872 ], [ 129.031610698971093, 35.167004391638365 ], [ 129.031632945868296, 35.16706450464482 ], [ 129.031647589343038, 35.167104069638988 ], [ 129.031649192360163, 35.167108400536286 ], [ 129.031652032938212, 35.167116076083161 ], [ 129.031709426220857, 35.167271267460386 ], [ 129.031694353647538, 35.167282473047031 ], [ 129.031644744607036, 35.167319342438454 ], [ 129.03155846609701, 35.167374991726135 ], [ 129.031506079780371, 35.167405342379546 ], [ 129.031435199695864, 35.167425597112683 ], [ 129.031432566025444, 35.167426202936504 ], [ 129.031358156246966, 35.167443314163521 ], [ 129.031241025552447, 35.167443347111316 ], [ 129.031188641645599, 35.167458550551743 ], [ 129.031111601073633, 35.16748889986718 ], [ 129.031108003909196, 35.167491174121828 ], [ 129.031019154507163, 35.16754711789995 ], [ 129.030968160663463, 35.167586634520248 ], [ 129.03096368360471, 35.167590117231171 ], [ 129.030052577834766, 35.167339941169615 ], [ 129.030027180012468, 35.167393421854285 ], [ 129.029932465108743, 35.167592870683897 ], [ 129.029843152950889, 35.167802811753702 ], [ 129.02976616219388, 35.167969741798089 ], [ 129.029751981999823, 35.167998303589947 ], [ 129.029749903734711, 35.168002477246212 ], [ 129.029732573281848, 35.168037363047922 ], [ 129.029588772418521, 35.168326854169464 ], [ 129.029566769478038, 35.168371156768849 ], [ 129.029497853732124, 35.168509905819228 ], [ 129.029361289995592, 35.168814327900769 ], [ 129.029277239863774, 35.169001685294639 ], [ 129.029254361910688, 35.169052695143321 ], [ 129.029180854586855, 35.169211920750989 ], [ 129.029147147315996, 35.169284941271648 ], [ 129.029075720898476, 35.169439682982073 ], [ 129.028946315388623, 35.169707160008514 ], [ 129.028930133346876, 35.169740610260071 ], [ 129.028803281075028, 35.170002818350355 ], [ 129.028773971745238, 35.170060996847873 ], [ 129.02876958420336, 35.17006334953367 ], [ 129.028729877827374, 35.170099187535875 ], [ 129.02869167012804, 35.170133672225845 ], [ 129.02860167563793, 35.170186872497084 ], [ 129.028582991928431, 35.17011567015193 ], [ 129.028479811614432, 35.170054086896982 ], [ 129.02847922244672, 35.170053759835291 ], [ 129.028438066509608, 35.17002917210548 ], [ 129.028414943474985, 35.170025302990368 ], [ 129.028384275412606, 35.170020171262756 ], [ 129.028316206273274, 35.169985032578346 ], [ 129.028309146260597, 35.169978355988306 ], [ 129.028265697596424, 35.169937273323995 ], [ 129.027804605316248, 35.169758906341215 ], [ 129.027750803012452, 35.169757803459277 ], [ 129.027673978696555, 35.169756229992565 ], [ 129.027641638125232, 35.169744504057931 ], [ 129.027626773443984, 35.16973911419344 ], [ 129.027523585503815, 35.169730122923454 ], [ 129.027407198952091, 35.169640914065972 ], [ 129.027374256992204, 35.169598557125951 ], [ 129.027336049126689, 35.169576752971537 ], [ 129.027334466438134, 35.169575847878797 ], [ 129.027323753973491, 35.169569726700132 ], [ 129.027318709861675, 35.16956938188148 ], [ 129.027284234506027, 35.169567028862176 ], [ 129.027085544317288, 35.169536786012543 ], [ 129.027084731661091, 35.169537777211204 ], [ 129.027082600478735, 35.169537192791388 ], [ 129.02707264985753, 35.169534407859707 ], [ 129.027017348138031, 35.169518935659262 ], [ 129.026991759288336, 35.169503563059209 ], [ 129.026869757254616, 35.169430263960187 ], [ 129.026796617797658, 35.169392964954284 ], [ 129.026490072215665, 35.169270209591296 ], [ 129.026147627565052, 35.169577183255107 ], [ 129.02604011976274, 35.169680381136985 ], [ 129.025846444945131, 35.169800075778205 ], [ 129.025794383905804, 35.169855672200669 ], [ 129.02570606407275, 35.169931125330976 ], [ 129.025511464185939, 35.170199315508349 ], [ 129.025500119422503, 35.170214947171381 ], [ 129.025270019157404, 35.170513115469149 ], [ 129.025130297491529, 35.170641360171537 ], [ 129.024719143945276, 35.170932982343125 ], [ 129.024515939716224, 35.171130355899649 ], [ 129.024383331736487, 35.171125061954278 ], [ 129.024673527389922, 35.171416304054169 ], [ 129.024956872313709, 35.171700668545192 ], [ 129.024715371423497, 35.171875982586172 ], [ 129.024226192307935, 35.171455510837866 ], [ 129.023994568479907, 35.171256419029994 ], [ 129.023885389383054, 35.171336928105219 ], [ 129.023556386176551, 35.171360722543703 ], [ 129.023130362316181, 35.171409336872166 ], [ 129.022855374581553, 35.171655174925313 ], [ 129.022588894212987, 35.171884481672265 ], [ 129.022425242040299, 35.17199718827748 ], [ 129.022169399716205, 35.172173381752131 ], [ 129.0221221101244, 35.172205949027457 ], [ 129.02210073333282, 35.172253187099109 ], [ 129.021722931172491, 35.173087945756208 ], [ 129.021389729319338, 35.173475420200177 ], [ 129.021083672108716, 35.173825420883382 ], [ 129.021910405651198, 35.174979682147239 ], [ 129.02196129997202, 35.175035016310247 ], [ 129.021963054139917, 35.175067383709404 ], [ 129.022011456041866, 35.175286476169369 ], [ 129.022111300221241, 35.175642439222671 ], [ 129.021903759239649, 35.175750791124592 ], [ 129.021606465835276, 35.175772402198682 ], [ 129.021307483318878, 35.177567927215499 ], [ 129.021378638505183, 35.178405611634822 ], [ 129.021412152427075, 35.178800156982049 ], [ 129.021506458362381, 35.178682226291684 ], [ 129.021666255598717, 35.178449485695815 ], [ 129.021667495726973, 35.178447677712697 ], [ 129.022000458756906, 35.178257047705586 ], [ 129.022267755924105, 35.178097815851125 ], [ 129.022609924510817, 35.177935539506137 ], [ 129.023078143989892, 35.177705646630436 ], [ 129.023079626024497, 35.177704917522313 ], [ 129.023131248554535, 35.177677371429134 ], [ 129.023328914384678, 35.177571923099457 ], [ 129.023583379482346, 35.177436160015432 ], [ 129.023730612038975, 35.177338940701915 ], [ 129.024052064775958, 35.177238461256898 ] ] ] } },
{ "type": "Feature", "properties": { "BASE_DATE": "20250630", "ADM_CD": "21050720", "ADM_NM": "가야2동" }, "geometry": { "type": "Polygon", "coordinates": [ [ [ 129.031757772567573, 35.155640276704332 ], [ 129.031832377840516, 35.155341512959794 ], [ 129.031896942740957, 35.155082954574432 ], [ 129.032026622940691, 35.154563636201715 ], [ 129.03215798439507, 35.154037577594742 ], [ 129.032161700943135, 35.154022675632611 ], [ 129.032161891749723, 35.154021142282609 ], [ 129.032166181503356, 35.153986695145498 ], [ 129.032179478498222, 35.15387993752524 ], [ 129.032185870843961, 35.153849547191356 ], [ 129.032192652047513, 35.153817296421693 ], [ 129.032227530920096, 35.153651374337912 ], [ 129.032245077777219, 35.153566124092876 ], [ 129.032254416728932, 35.153520756776658 ], [ 129.032265275447173, 35.15346797792121 ], [ 129.032268553331335, 35.153449882585456 ], [ 129.032325103141631, 35.153406235215073 ], [ 129.03235451988408, 35.153389805393871 ], [ 129.032481876300182, 35.153317087767206 ], [ 129.03249862075188, 35.153307482039928 ], [ 129.032577478780439, 35.153266659281684 ], [ 129.032591681177706, 35.153209201105568 ], [ 129.032609895403226, 35.153137315069536 ], [ 129.032621774404305, 35.153091012173576 ], [ 129.032690560245385, 35.152822892431423 ], [ 129.032647293571046, 35.152792879730377 ], [ 129.032622728352635, 35.152775839916799 ], [ 129.032583511882706, 35.152797473465839 ], [ 129.032561073337433, 35.152802454747693 ], [ 129.032517188094545, 35.152810983810824 ], [ 129.03241262501848, 35.152820502264547 ], [ 129.03240965541454, 35.152819150447229 ], [ 129.032348783577305, 35.152791413317523 ], [ 129.032323711213593, 35.152771210692244 ], [ 129.03231814477499, 35.152741553160702 ], [ 129.032305862967632, 35.152676114456334 ], [ 129.032308474915936, 35.152662375113721 ], [ 129.032350143178149, 35.152443373053238 ], [ 129.032430034887597, 35.152285671293235 ], [ 129.032458476737645, 35.152186199100697 ], [ 129.032569559428396, 35.152060537245625 ], [ 129.03248909973226, 35.151934476566026 ], [ 129.032436468097046, 35.151901806189471 ], [ 129.032384640633978, 35.151869634125696 ], [ 129.032374033107828, 35.151856240524616 ], [ 129.032399609599679, 35.15175875206846 ], [ 129.032448540642747, 35.15156928324398 ], [ 129.032475300219375, 35.151581365327026 ], [ 129.032500415662582, 35.151592995759117 ], [ 129.032510499335046, 35.151600876308791 ], [ 129.032575888932683, 35.151651978291333 ], [ 129.032676565769691, 35.151727280239164 ], [ 129.032680099503239, 35.151731202621484 ], [ 129.032686687677881, 35.151704363932133 ], [ 129.032755150683244, 35.151425418036226 ], [ 129.032765746692007, 35.15138224822433 ], [ 129.03277553690458, 35.151342354245607 ], [ 129.032805375282578, 35.151220924471239 ], [ 129.03283022623512, 35.151119789969435 ], [ 129.032868500866414, 35.150964015615926 ], [ 129.032880929181033, 35.150913427585287 ], [ 129.033005104949694, 35.150408067885621 ], [ 129.033112945641108, 35.149983145624503 ], [ 129.033130958419861, 35.149912164552859 ], [ 129.033028156017053, 35.149866704346564 ], [ 129.033004702463359, 35.149856331470176 ], [ 129.032719251320543, 35.149730100477974 ], [ 129.032700287532066, 35.149721713788253 ], [ 129.032665278205712, 35.14970730537312 ], [ 129.03266846923367, 35.149696413196182 ], [ 129.032720440570358, 35.149518891792866 ], [ 129.03273605780663, 35.149465557681921 ], [ 129.032779187861877, 35.149294657754695 ], [ 129.032826396863101, 35.149107601600555 ], [ 129.032892674216072, 35.148844986158409 ], [ 129.032887179959999, 35.148795410204229 ], [ 129.032893026441116, 35.148756549766354 ], [ 129.032913102872726, 35.14873812012236 ], [ 129.032943533747925, 35.148627380412883 ], [ 129.033022480655887, 35.148340088828235 ], [ 129.033038519571477, 35.148267472866365 ], [ 129.033079906227812, 35.148209561495442 ], [ 129.033138931205912, 35.148126968850669 ], [ 129.033151378183476, 35.148120704705818 ], [ 129.033168764326007, 35.14811195271335 ], [ 129.0331203323762, 35.148039127522097 ], [ 129.033114379544884, 35.148030179521179 ], [ 129.033054645338183, 35.147943763975519 ], [ 129.03305613802803, 35.147943050844177 ], [ 129.033154237795628, 35.147896187778116 ], [ 129.033185027263272, 35.147881481409748 ], [ 129.033298213893545, 35.147829002287779 ], [ 129.033430788668227, 35.14776636802759 ], [ 129.033464917137877, 35.147690225834864 ], [ 129.03349078109045, 35.147632523437252 ], [ 129.03350749925653, 35.147622403090772 ], [ 129.033542815366502, 35.147540354707175 ], [ 129.033516072253263, 35.14748146632477 ], [ 129.033623552677568, 35.147402453458582 ], [ 129.033614591643641, 35.147292278970049 ], [ 129.033614340391097, 35.147289185112243 ], [ 129.033613379328813, 35.147268388064909 ], [ 129.033609718466039, 35.147189298086445 ], [ 129.033585877522512, 35.146674158885368 ], [ 129.033584766344745, 35.146650157602046 ], [ 129.03360949402051, 35.146602704664232 ], [ 129.033623486457856, 35.14657585783273 ], [ 129.033805003996918, 35.146352886544257 ], [ 129.033825067831032, 35.146334061104149 ], [ 129.033869555578093, 35.14629231939238 ], [ 129.033892761630938, 35.146270545554685 ], [ 129.033933533211183, 35.146232291425406 ], [ 129.034182921047176, 35.145998299025969 ], [ 129.034182890523823, 35.145918429169065 ], [ 129.034152659642672, 35.145869863462792 ], [ 129.034146916582642, 35.145860626139843 ], [ 129.03408242353737, 35.145867087830361 ], [ 129.033711789812202, 35.145904217023386 ], [ 129.033108301915121, 35.145320404052804 ], [ 129.03300878374975, 35.145097885823482 ], [ 129.032721632433947, 35.144347470517744 ], [ 129.0323051162284, 35.144244276239291 ], [ 129.031111018148266, 35.143948421464621 ], [ 129.030439222051882, 35.143426319459358 ], [ 129.030161967416603, 35.143052349393017 ], [ 129.030148930729609, 35.142707042808723 ], [ 129.030038094682595, 35.142353605397226 ], [ 129.029983498124864, 35.142179499061584 ], [ 129.029947301085627, 35.142067593478423 ], [ 129.029058048385906, 35.142061842565703 ], [ 129.029062957237926, 35.142010743862834 ], [ 129.029139091497797, 35.141402607370026 ], [ 129.029554001250148, 35.140733055397661 ], [ 129.029673380208465, 35.140527669862578 ], [ 129.030023237252379, 35.14015593014458 ], [ 129.029657156590019, 35.140127274112771 ], [ 129.0288603406687, 35.140256277193572 ], [ 129.028006345383488, 35.140399739523808 ], [ 129.028226264967344, 35.140057381753316 ], [ 129.028442435829561, 35.139732124011601 ], [ 129.028326565892854, 35.138980318575925 ], [ 129.028307962603236, 35.13886629076265 ], [ 129.027741853110797, 35.138353678623467 ], [ 129.027567378953165, 35.13816127585914 ], [ 129.027282228605742, 35.137844725403674 ], [ 129.027348644745672, 35.137529010988793 ], [ 129.027469604129749, 35.137449511763265 ], [ 129.028319079935699, 35.136902220592347 ], [ 129.028051496596873, 35.136688494012262 ], [ 129.027651763717273, 35.136369211261602 ], [ 129.026892090380471, 35.135936523436037 ], [ 129.026153944231197, 35.135773586957164 ], [ 129.025708076702955, 35.135675164005022 ], [ 129.02562987548535, 35.135661369436285 ], [ 129.025631905183957, 35.135696561867597 ], [ 129.025170476479758, 35.135854382558001 ], [ 129.024640160188568, 35.136034523212537 ], [ 129.024088702905487, 35.136224164552203 ], [ 129.023558352763132, 35.136405399113166 ], [ 129.022991071574978, 35.136599951738432 ], [ 129.022460763593131, 35.136788607620282 ], [ 129.022306818724843, 35.136791383145599 ], [ 129.02177019600262, 35.136800669544016 ], [ 129.021541396766281, 35.136802318638757 ], [ 129.021541485266312, 35.136803122670067 ], [ 129.021577291390258, 35.137129209302167 ], [ 129.021632006455121, 35.13759562749005 ], [ 129.021684579528909, 35.138006954963458 ], [ 129.021740512801131, 35.138341204362114 ], [ 129.021743030296534, 35.138363356085655 ], [ 129.02185079120369, 35.139311453892653 ], [ 129.02190460481205, 35.139723129803684 ], [ 129.022151591128875, 35.141607143153294 ], [ 129.022156028686226, 35.141630064152039 ], [ 129.022203837915441, 35.141876844928923 ], [ 129.022224724858091, 35.141984653647192 ], [ 129.02219966276428, 35.14251487274602 ], [ 129.022358452207698, 35.143071105024127 ], [ 129.022383992310125, 35.143160565065017 ], [ 129.022384620548934, 35.143162766126238 ], [ 129.022481043358681, 35.143500529940383 ], [ 129.023143327702769, 35.145159341504709 ], [ 129.023159390123084, 35.145199575149604 ], [ 129.023161779304985, 35.145205557975913 ], [ 129.023176981152574, 35.145242669328539 ], [ 129.02317745489421, 35.145243822848045 ], [ 129.02318130728014, 35.14525286809274 ], [ 129.023198122718213, 35.145251398019234 ], [ 129.02320480056332, 35.145308036407243 ], [ 129.023210221048288, 35.145320765765838 ], [ 129.02323347840948, 35.145379529070645 ], [ 129.023240944384156, 35.145397880419793 ], [ 129.023245668461328, 35.145409817899356 ], [ 129.02325695967528, 35.145438348159672 ], [ 129.023313254399568, 35.145580581318647 ], [ 129.02331965698616, 35.145597119362861 ], [ 129.023336663192737, 35.145641159447635 ], [ 129.023407411322722, 35.145824373100368 ], [ 129.023431854453719, 35.145887669189079 ], [ 129.02337139317379, 35.146133346616409 ], [ 129.023272041450412, 35.14653705473134 ], [ 129.023251182161488, 35.146621823484352 ], [ 129.023221344564888, 35.146742452311592 ], [ 129.023218476200498, 35.146754051575613 ], [ 129.023202091522734, 35.146820292692745 ], [ 129.023210264730238, 35.14685579285883 ], [ 129.023240783241619, 35.146988319646766 ], [ 129.023246192639732, 35.147011814408323 ], [ 129.02334208286112, 35.147260290798755 ], [ 129.023490311380101, 35.147477726329107 ], [ 129.023487935623422, 35.147497201310941 ], [ 129.023468730479607, 35.147654630177264 ], [ 129.023460843164798, 35.147719275895291 ], [ 129.023458426641042, 35.147739096706736 ], [ 129.023494530863758, 35.14789569386739 ], [ 129.023508334834077, 35.147945166727865 ], [ 129.023512228710871, 35.147962728979266 ], [ 129.023520564741204, 35.148000353974062 ], [ 129.023476571508695, 35.147996882427442 ], [ 129.023422339013109, 35.147992600145798 ], [ 129.023399315180029, 35.148088457125233 ], [ 129.023307070544888, 35.148188697216881 ], [ 129.023309352212294, 35.148194147632857 ], [ 129.023320321222116, 35.148201716697471 ], [ 129.023285970581156, 35.14823713124791 ], [ 129.023211040410075, 35.148302995914449 ], [ 129.023229148142804, 35.148325595289322 ], [ 129.023301307369735, 35.14840146937626 ], [ 129.023243661757846, 35.148445773719395 ], [ 129.02324616089399, 35.148522728383988 ], [ 129.023247791323172, 35.148527338570929 ], [ 129.023271314180079, 35.148593871300577 ], [ 129.023296438479179, 35.148664928921775 ], [ 129.023297941404621, 35.148669176459251 ], [ 129.023224832900667, 35.148699693906728 ], [ 129.023233786383855, 35.148715970860245 ], [ 129.023198254173082, 35.148735768967043 ], [ 129.023260893301028, 35.148816068877373 ], [ 129.023301285956649, 35.148846429514592 ], [ 129.023314947880579, 35.148895698607575 ], [ 129.023329548968064, 35.148948355873678 ], [ 129.023372550459158, 35.148968086113555 ], [ 129.023388410066786, 35.14899279645757 ], [ 129.02341068122638, 35.149027500802013 ], [ 129.023450212025921, 35.149045126113364 ], [ 129.023501795311176, 35.149073963775805 ], [ 129.02353834132461, 35.149078571230334 ], [ 129.023564163922174, 35.149109575738997 ], [ 129.023604023153979, 35.149084579398739 ], [ 129.023650921059215, 35.149098032185883 ], [ 129.023697427180423, 35.149203454463162 ], [ 129.02364888096605, 35.149232188186851 ], [ 129.023650412647925, 35.149233442902194 ], [ 129.023731534907938, 35.149299891208649 ], [ 129.023741437346473, 35.14930800289396 ], [ 129.023760213849329, 35.149310107307151 ], [ 129.023764669778103, 35.149310707633589 ], [ 129.023866811788707, 35.14932447344551 ], [ 129.023868176846349, 35.149341164073711 ], [ 129.023870696973432, 35.149371937800389 ], [ 129.023871238252497, 35.149378536211884 ], [ 129.023858370564909, 35.14938336302523 ], [ 129.023857898837775, 35.149457319296623 ], [ 129.023829341382168, 35.149537806714271 ], [ 129.02385622116401, 35.149607948617941 ], [ 129.023903346378376, 35.149692852209057 ], [ 129.023931657056636, 35.149681015825905 ], [ 129.023983360715562, 35.149656176908351 ], [ 129.02400975542028, 35.149695236344648 ], [ 129.024013237191554, 35.14969957799002 ], [ 129.024022637598478, 35.149694951661004 ], [ 129.02403198365127, 35.149690353965099 ], [ 129.024118983465598, 35.149790264465594 ], [ 129.024236573091741, 35.149940546335337 ], [ 129.024334000638873, 35.15003638090645 ], [ 129.024459282239576, 35.150159614730214 ], [ 129.024529630247599, 35.150228810030974 ], [ 129.024591188304242, 35.150304044922173 ], [ 129.024637455256681, 35.150360593350953 ], [ 129.024679423346925, 35.150364652552668 ], [ 129.024710865304684, 35.150391609057969 ], [ 129.024752935581802, 35.150427677823274 ], [ 129.024770371942225, 35.150485551999459 ], [ 129.024784958618767, 35.150533957234984 ], [ 129.024787094319123, 35.150541047687483 ], [ 129.024847265478826, 35.150648707479363 ], [ 129.024872476220338, 35.150665517179917 ], [ 129.024900934530791, 35.150684466095441 ], [ 129.024973592606472, 35.15073169579528 ], [ 129.024985314382292, 35.150742751679182 ], [ 129.025033287866904, 35.150788011003975 ], [ 129.025039053809763, 35.150793450878602 ], [ 129.025054778650542, 35.150793717246479 ], [ 129.025076321396966, 35.150901437649111 ], [ 129.025094904828194, 35.15099299241335 ], [ 129.025103064491276, 35.150998640174322 ], [ 129.02528648089816, 35.151125590636653 ], [ 129.025334022395555, 35.151200320889011 ], [ 129.025364350873872, 35.151294977126476 ], [ 129.025374199667311, 35.151300016648896 ], [ 129.025424895670341, 35.151325961433542 ], [ 129.025425277050687, 35.151325868272977 ], [ 129.025440336533677, 35.151322183083636 ], [ 129.025553320281034, 35.151294533261805 ], [ 129.025598276771035, 35.151293052860971 ], [ 129.02565717067526, 35.151291113805826 ], [ 129.025675130264858, 35.151290535987009 ], [ 129.025713164860321, 35.151297671979343 ], [ 129.025770416137306, 35.151308412203335 ], [ 129.02578913913058, 35.151312738542849 ], [ 129.02583723762416, 35.151323850075585 ], [ 129.025866822562165, 35.151330681313567 ], [ 129.025884077356494, 35.151337332457572 ], [ 129.025978350805616, 35.151373646622837 ], [ 129.026015178937655, 35.151387832100966 ], [ 129.026082704446452, 35.151424796892677 ], [ 129.026096918533085, 35.151432568247536 ], [ 129.026125771335472, 35.151448334612184 ], [ 129.026151748296826, 35.151462529625107 ], [ 129.026160779571313, 35.151467464877115 ], [ 129.026154247468043, 35.151481550120977 ], [ 129.026153205895156, 35.151483794734986 ], [ 129.02613892701882, 35.151514581677453 ], [ 129.026132316503151, 35.151526702391941 ], [ 129.026110589456579, 35.151566551507969 ], [ 129.026050014665088, 35.151677588183453 ], [ 129.026021438826717, 35.151729972130411 ], [ 129.026008333854151, 35.151817333999503 ], [ 129.025995971601077, 35.151887507179303 ], [ 129.026001187627656, 35.151893295644037 ], [ 129.026095369284235, 35.151997837706766 ], [ 129.026096269190333, 35.151998822651869 ], [ 129.026107423913658, 35.152011238885201 ], [ 129.026126399362255, 35.152032364445333 ], [ 129.026226132916833, 35.152143378557554 ], [ 129.02625048478879, 35.152159068156237 ], [ 129.026377200167474, 35.152240717464252 ], [ 129.026426645223324, 35.152272576828437 ], [ 129.02645677966359, 35.152291995619947 ], [ 129.026480505113483, 35.152390794706882 ], [ 129.026482847702766, 35.152400545881747 ], [ 129.026504508421027, 35.152490830904568 ], [ 129.026506440056835, 35.152498857062646 ], [ 129.026510394874748, 35.152515343703975 ], [ 129.026521874645681, 35.152563191882926 ], [ 129.026525158789752, 35.152576861320995 ], [ 129.026652855300171, 35.152916152697578 ], [ 129.026996560363671, 35.152968889039542 ], [ 129.027108566780015, 35.152983776428307 ], [ 129.027129808049068, 35.152976210995583 ], [ 129.027199371582924, 35.152951434062864 ], [ 129.027490025401278, 35.153025949975827 ], [ 129.02755465923434, 35.15306802645231 ], [ 129.027577830176114, 35.153083115767018 ], [ 129.027577988511638, 35.153088472954686 ], [ 129.027589572866674, 35.153099833248191 ], [ 129.027634129279249, 35.153143548644231 ], [ 129.027649940083933, 35.15319319038899 ], [ 129.027686674812401, 35.153308538331174 ], [ 129.027618673992123, 35.153470285020944 ], [ 129.027639326402721, 35.15353479730949 ], [ 129.027781608022309, 35.153616818596277 ], [ 129.027838126598084, 35.153747024376088 ], [ 129.027824725902263, 35.153780611654554 ], [ 129.027803460421467, 35.153833917209475 ], [ 129.027777783159564, 35.153898276269878 ], [ 129.027764698061702, 35.153931072453616 ], [ 129.027771952291062, 35.153971406552586 ], [ 129.027774856047813, 35.153987556575252 ], [ 129.02779249247763, 35.154013405160384 ], [ 129.027835306424663, 35.154031065113287 ], [ 129.027849323658842, 35.154036847072589 ], [ 129.02785328543726, 35.154038481314991 ], [ 129.027936893277428, 35.154072970109972 ], [ 129.02794514957597, 35.154076420123879 ], [ 129.02798628064977, 35.154206790156231 ], [ 129.027991731633847, 35.154224070219875 ], [ 129.028054713349746, 35.15432185081567 ], [ 129.028071812969245, 35.154348395861653 ], [ 129.028119206099433, 35.154354375262294 ], [ 129.028125820602355, 35.154355209660622 ], [ 129.028131364395904, 35.154355907898193 ], [ 129.028257326366571, 35.154330903927701 ], [ 129.028364988508315, 35.154325418007069 ], [ 129.028394279670067, 35.154341475806334 ], [ 129.028458611998985, 35.154376742995062 ], [ 129.028475025631764, 35.154385741347966 ], [ 129.028478519557183, 35.154387657366144 ], [ 129.028482482322801, 35.154414166152044 ], [ 129.02848357568061, 35.154421498691534 ], [ 129.028501146540293, 35.154539243908047 ], [ 129.028502297722213, 35.154547730682644 ], [ 129.028515041925317, 35.1546417865327 ], [ 129.028525857838304, 35.154658234305181 ], [ 129.028569506033875, 35.154724626415259 ], [ 129.02863676517353, 35.154773313129155 ], [ 129.028655113162301, 35.154791049812786 ], [ 129.028662406135567, 35.154798103053615 ], [ 129.028728252715268, 35.154861762579408 ], [ 129.028834489621687, 35.15496447233339 ], [ 129.028876958645242, 35.155030483398953 ], [ 129.028896277817495, 35.155060513888046 ], [ 129.028957001058728, 35.15515490086775 ], [ 129.029011596343651, 35.155275270278942 ], [ 129.029060615833657, 35.155261533962438 ], [ 129.029125387276935, 35.155352060439384 ], [ 129.029136906055555, 35.155368158470679 ], [ 129.029186137998977, 35.155410525827619 ], [ 129.029179071510583, 35.155418042514128 ], [ 129.029158537372354, 35.155439891734325 ], [ 129.029158317789268, 35.155440125318954 ], [ 129.029135992425921, 35.155463874303514 ], [ 129.029088052298533, 35.155514875973296 ], [ 129.029045900798792, 35.1555080905746 ], [ 129.029041619747915, 35.155542665530184 ], [ 129.029046098624178, 35.155543357331503 ], [ 129.029046025225881, 35.15554412823456 ], [ 129.029043416928118, 35.155571822611698 ], [ 129.02904194223629, 35.155587467963841 ], [ 129.029029668554216, 35.15571781023845 ], [ 129.029113219404337, 35.155737403373394 ], [ 129.029512046954693, 35.155806356169165 ], [ 129.029644360169442, 35.155830120768378 ], [ 129.029742369047341, 35.155844758658333 ], [ 129.029856158290244, 35.155861753237559 ], [ 129.030041402682969, 35.155887245367737 ], [ 129.030277688804858, 35.15592032411859 ], [ 129.030305336057182, 35.155924759695694 ], [ 129.030685911072908, 35.155975326317716 ], [ 129.030780900820673, 35.155987947642018 ], [ 129.031495997604196, 35.156079890890268 ], [ 129.031641449158002, 35.156102407951039 ], [ 129.031663707486388, 35.156016963893386 ], [ 129.031692579924993, 35.155901349422322 ], [ 129.031703155067447, 35.155859001350208 ], [ 129.031757772567573, 35.155640276704332 ] ] ] } },
{ "type": "Feature", "properties": { "BASE_DATE": "20250630", "ADM_CD": "21050740", "ADM_NM": "개금1동" }, "geometry": { "type": "Polygon", "coordinates": [ [ [ 129.029041619747915, 35.155542665530184 ], [ 129.029045900798792, 35.1555080905746 ], [ 129.029088052298533, 35.155514875973296 ], [ 129.029135992425921, 35.155463874303514 ], [ 129.029158317789268, 35.155440125318954 ], [ 129.029158537372354, 35.155439891734325 ], [ 129.029179071510583, 35.155418042514128 ], [ 129.029186137998977, 35.155410525827619 ], [ 129.029136906055555, 35.155368158470679 ], [ 129.029125387276935, 35.155352060439384 ], [ 129.029060615833657, 35.155261533962438 ], [ 129.029011596343651, 35.155275270278942 ], [ 129.028957001058728, 35.15515490086775 ], [ 129.028896277817495, 35.155060513888046 ], [ 129.028876958645242, 35.155030483398953 ], [ 129.028834489621687, 35.15496447233339 ], [ 129.028728252715268, 35.154861762579408 ], [ 129.028662406135567, 35.154798103053615 ], [ 129.028655113162301, 35.154791049812786 ], [ 129.02863676517353, 35.154773313129155 ], [ 129.028569506033875, 35.154724626415259 ], [ 129.028525857838304, 35.154658234305181 ], [ 129.028515041925317, 35.1546417865327 ], [ 129.028502297722213, 35.154547730682644 ], [ 129.028501146540293, 35.154539243908047 ], [ 129.02848357568061, 35.154421498691534 ], [ 129.028482482322801, 35.154414166152044 ], [ 129.028478519557183, 35.154387657366144 ], [ 129.028475025631764, 35.154385741347966 ], [ 129.028458611998985, 35.154376742995062 ], [ 129.028394279670067, 35.154341475806334 ], [ 129.028364988508315, 35.154325418007069 ], [ 129.028257326366571, 35.154330903927701 ], [ 129.028131364395904, 35.154355907898193 ], [ 129.028125820602355, 35.154355209660622 ], [ 129.028119206099433, 35.154354375262294 ], [ 129.028071812969245, 35.154348395861653 ], [ 129.028054713349746, 35.15432185081567 ], [ 129.027991731633847, 35.154224070219875 ], [ 129.02798628064977, 35.154206790156231 ], [ 129.02794514957597, 35.154076420123879 ], [ 129.027936893277428, 35.154072970109972 ], [ 129.02785328543726, 35.154038481314991 ], [ 129.027849323658842, 35.154036847072589 ], [ 129.027835306424663, 35.154031065113287 ], [ 129.02779249247763, 35.154013405160384 ], [ 129.027774856047813, 35.153987556575252 ], [ 129.027771952291062, 35.153971406552586 ], [ 129.027764698061702, 35.153931072453616 ], [ 129.027777783159564, 35.153898276269878 ], [ 129.027803460421467, 35.153833917209475 ], [ 129.027824725902263, 35.153780611654554 ], [ 129.027838126598084, 35.153747024376088 ], [ 129.027781608022309, 35.153616818596277 ], [ 129.027639326402721, 35.15353479730949 ], [ 129.027618673992123, 35.153470285020944 ], [ 129.027686674812401, 35.153308538331174 ], [ 129.027649940083933, 35.15319319038899 ], [ 129.027634129279249, 35.153143548644231 ], [ 129.027589572866674, 35.153099833248191 ], [ 129.027577988511638, 35.153088472954686 ], [ 129.027577830176114, 35.153083115767018 ], [ 129.02755465923434, 35.15306802645231 ], [ 129.027490025401278, 35.153025949975827 ], [ 129.027199371582924, 35.152951434062864 ], [ 129.027129808049068, 35.152976210995583 ], [ 129.027108566780015, 35.152983776428307 ], [ 129.026996560363671, 35.152968889039542 ], [ 129.026652855300171, 35.152916152697578 ], [ 129.026525158789752, 35.152576861320995 ], [ 129.026521874645681, 35.152563191882926 ], [ 129.026510394874748, 35.152515343703975 ], [ 129.026506440056835, 35.152498857062646 ], [ 129.026504508421027, 35.152490830904568 ], [ 129.026482847702766, 35.152400545881747 ], [ 129.026480505113483, 35.152390794706882 ], [ 129.02645677966359, 35.152291995619947 ], [ 129.026426645223324, 35.152272576828437 ], [ 129.026377200167474, 35.152240717464252 ], [ 129.02625048478879, 35.152159068156237 ], [ 129.026226132916833, 35.152143378557554 ], [ 129.026126399362255, 35.152032364445333 ], [ 129.026107423913658, 35.152011238885201 ], [ 129.026096269190333, 35.151998822651869 ], [ 129.026095369284235, 35.151997837706766 ], [ 129.026001187627656, 35.151893295644037 ], [ 129.025995971601077, 35.151887507179303 ], [ 129.026008333854151, 35.151817333999503 ], [ 129.026021438826717, 35.151729972130411 ], [ 129.026050014665088, 35.151677588183453 ], [ 129.026110589456579, 35.151566551507969 ], [ 129.026132316503151, 35.151526702391941 ], [ 129.02613892701882, 35.151514581677453 ], [ 129.026153205895156, 35.151483794734986 ], [ 129.026154247468043, 35.151481550120977 ], [ 129.026160779571313, 35.151467464877115 ], [ 129.026151748296826, 35.151462529625107 ], [ 129.026125771335472, 35.151448334612184 ], [ 129.026096918533085, 35.151432568247536 ], [ 129.026082704446452, 35.151424796892677 ], [ 129.026015178937655, 35.151387832100966 ], [ 129.025978350805616, 35.151373646622837 ], [ 129.025884077356494, 35.151337332457572 ], [ 129.025866822562165, 35.151330681313567 ], [ 129.02583723762416, 35.151323850075585 ], [ 129.02578913913058, 35.151312738542849 ], [ 129.025770416137306, 35.151308412203335 ], [ 129.025713164860321, 35.151297671979343 ], [ 129.025675130264858, 35.151290535987009 ], [ 129.02565717067526, 35.151291113805826 ], [ 129.025598276771035, 35.151293052860971 ], [ 129.025553320281034, 35.151294533261805 ], [ 129.025440336533677, 35.151322183083636 ], [ 129.025425277050687, 35.151325868272977 ], [ 129.025424895670341, 35.151325961433542 ], [ 129.025374199667311, 35.151300016648896 ], [ 129.025364350873872, 35.151294977126476 ], [ 129.025334022395555, 35.151200320889011 ], [ 129.02528648089816, 35.151125590636653 ], [ 129.025103064491276, 35.150998640174322 ], [ 129.025094904828194, 35.15099299241335 ], [ 129.025076321396966, 35.150901437649111 ], [ 129.025054778650542, 35.150793717246479 ], [ 129.025039053809763, 35.150793450878602 ], [ 129.025033287866904, 35.150788011003975 ], [ 129.024985314382292, 35.150742751679182 ], [ 129.024973592606472, 35.15073169579528 ], [ 129.024900934530791, 35.150684466095441 ], [ 129.024872476220338, 35.150665517179917 ], [ 129.024847265478826, 35.150648707479363 ], [ 129.024787094319123, 35.150541047687483 ], [ 129.024784958618767, 35.150533957234984 ], [ 129.024770371942225, 35.150485551999459 ], [ 129.024752935581802, 35.150427677823274 ], [ 129.024710865304684, 35.150391609057969 ], [ 129.024679423346925, 35.150364652552668 ], [ 129.024637455256681, 35.150360593350953 ], [ 129.024591188304242, 35.150304044922173 ], [ 129.024529630247599, 35.150228810030974 ], [ 129.024459282239576, 35.150159614730214 ], [ 129.024334000638873, 35.15003638090645 ], [ 129.024236573091741, 35.149940546335337 ], [ 129.024118983465598, 35.149790264465594 ], [ 129.02403198365127, 35.149690353965099 ], [ 129.024022637598478, 35.149694951661004 ], [ 129.024013237191554, 35.14969957799002 ], [ 129.02400975542028, 35.149695236344648 ], [ 129.023983360715562, 35.149656176908351 ], [ 129.023931657056636, 35.149681015825905 ], [ 129.023903346378376, 35.149692852209057 ], [ 129.02385622116401, 35.149607948617941 ], [ 129.023829341382168, 35.149537806714271 ], [ 129.023857898837775, 35.149457319296623 ], [ 129.023858370564909, 35.14938336302523 ], [ 129.023871238252497, 35.149378536211884 ], [ 129.023870696973432, 35.149371937800389 ], [ 129.023868176846349, 35.149341164073711 ], [ 129.023866811788707, 35.14932447344551 ], [ 129.023764669778103, 35.149310707633589 ], [ 129.023760213849329, 35.149310107307151 ], [ 129.023741437346473, 35.14930800289396 ], [ 129.023731534907938, 35.149299891208649 ], [ 129.023650412647925, 35.149233442902194 ], [ 129.02364888096605, 35.149232188186851 ], [ 129.023697427180423, 35.149203454463162 ], [ 129.023650921059215, 35.149098032185883 ], [ 129.023604023153979, 35.149084579398739 ], [ 129.023564163922174, 35.149109575738997 ], [ 129.02353834132461, 35.149078571230334 ], [ 129.023501795311176, 35.149073963775805 ], [ 129.023450212025921, 35.149045126113364 ], [ 129.02341068122638, 35.149027500802013 ], [ 129.023388410066786, 35.14899279645757 ], [ 129.023372550459158, 35.148968086113555 ], [ 129.023329548968064, 35.148948355873678 ], [ 129.023314947880579, 35.148895698607575 ], [ 129.023301285956649, 35.148846429514592 ], [ 129.023260893301028, 35.148816068877373 ], [ 129.023198254173082, 35.148735768967043 ], [ 129.023233786383855, 35.148715970860245 ], [ 129.023224832900667, 35.148699693906728 ], [ 129.023297941404621, 35.148669176459251 ], [ 129.023296438479179, 35.148664928921775 ], [ 129.023271314180079, 35.148593871300577 ], [ 129.023247791323172, 35.148527338570929 ], [ 129.02324616089399, 35.148522728383988 ], [ 129.023243661757846, 35.148445773719395 ], [ 129.023301307369735, 35.14840146937626 ], [ 129.023229148142804, 35.148325595289322 ], [ 129.023211040410075, 35.148302995914449 ], [ 129.023285970581156, 35.14823713124791 ], [ 129.023320321222116, 35.148201716697471 ], [ 129.023309352212294, 35.148194147632857 ], [ 129.023307070544888, 35.148188697216881 ], [ 129.023399315180029, 35.148088457125233 ], [ 129.023422339013109, 35.147992600145798 ], [ 129.023476571508695, 35.147996882427442 ], [ 129.023427024533362, 35.147950578317086 ], [ 129.023373636731947, 35.147900683570356 ], [ 129.023359378151184, 35.147887356695762 ], [ 129.023079943211911, 35.147626127540619 ], [ 129.022790074541859, 35.147355139958066 ], [ 129.022765851006625, 35.147312466313188 ], [ 129.022733701578659, 35.147266822292409 ], [ 129.022730989770764, 35.147262967717602 ], [ 129.022640325760307, 35.147173419347205 ], [ 129.022636625216848, 35.147159033723604 ], [ 129.022630560372932, 35.1471354651244 ], [ 129.022622563121757, 35.147104389630911 ], [ 129.022577495104088, 35.146929182809316 ], [ 129.022571292866786, 35.146905072259429 ], [ 129.022533201242595, 35.146756984838106 ], [ 129.022474347247424, 35.146745693350773 ], [ 129.022436887090919, 35.146738505808415 ], [ 129.022409480508628, 35.146733247593936 ], [ 129.022316246584978, 35.146715359085562 ], [ 129.022227623996912, 35.14669834663448 ], [ 129.022222219282298, 35.146697305560679 ], [ 129.022215497071159, 35.146696015065046 ], [ 129.022063411415758, 35.146666828377633 ], [ 129.022028332999525, 35.146660094049032 ], [ 129.021713631226703, 35.146666954233865 ], [ 129.021655979220725, 35.146668212143148 ], [ 129.021646869778294, 35.146668409510788 ], [ 129.021567539327606, 35.146670142530439 ], [ 129.021526421167749, 35.146820652396059 ], [ 129.021515556650485, 35.14686042380719 ], [ 129.021497595193296, 35.146926184118151 ], [ 129.021488670971479, 35.146958857093203 ], [ 129.021437234133487, 35.147147166860108 ], [ 129.021429728031421, 35.147174646755282 ], [ 129.021415165722658, 35.147227947333732 ], [ 129.021390955810602, 35.147316579805789 ], [ 129.02139008952102, 35.147319753547379 ], [ 129.021387757364266, 35.147328270630922 ], [ 129.021387447176522, 35.147329415969864 ], [ 129.021359683281617, 35.147431046557379 ], [ 129.021347536174233, 35.147475518845702 ], [ 129.021344960423164, 35.1474849261757 ], [ 129.021340985153046, 35.147499526345825 ], [ 129.021071829120899, 35.14790264485589 ], [ 129.021015146616492, 35.147987539348236 ], [ 129.020926313361173, 35.148120592353813 ], [ 129.020923329109394, 35.148125040516312 ], [ 129.02090421380089, 35.148153670525964 ], [ 129.020716698532198, 35.148434520518627 ], [ 129.020714640704597, 35.148437610035209 ], [ 129.020701956620826, 35.148456612992177 ], [ 129.020687912772132, 35.148477639108002 ], [ 129.020685631424982, 35.148481046093188 ], [ 129.020608512350236, 35.148420427576603 ], [ 129.02030801353456, 35.148184223689917 ], [ 129.020305511530523, 35.148184266810105 ], [ 129.020017761499332, 35.148188469981463 ], [ 129.019991128102532, 35.148188858251039 ], [ 129.01950769736851, 35.148195917382481 ], [ 129.019498036757568, 35.148196059292552 ], [ 129.019493091775217, 35.148196132136484 ], [ 129.019349890143275, 35.14819823296255 ], [ 129.018662163803668, 35.148208278131911 ], [ 129.018618442377601, 35.148208915477774 ], [ 129.018614552058125, 35.148208975064911 ], [ 129.018611397971455, 35.148209016406646 ], [ 129.018608600578347, 35.148209054178537 ], [ 129.01860716509151, 35.148209072173216 ], [ 129.018606128035429, 35.148209087878179 ], [ 129.017722906201698, 35.148221993851678 ], [ 129.01762912404584, 35.148223687174145 ], [ 129.017426709171588, 35.148227339861798 ], [ 129.017420715538634, 35.148227454608033 ], [ 129.017419263722559, 35.148227480006106 ], [ 129.017411751060138, 35.14822760656601 ], [ 129.017409092096358, 35.148227650690799 ], [ 129.017408024360549, 35.148227669474629 ], [ 129.017151385904128, 35.148232304722242 ], [ 129.01714091932476, 35.148232493504118 ], [ 129.016552447007456, 35.148243117531933 ], [ 129.016194243616724, 35.148249580262679 ], [ 129.016171026861144, 35.148249999764701 ], [ 129.016165613136536, 35.148279302377553 ], [ 129.01616545914851, 35.148302362199779 ], [ 129.016163834294503, 35.148548379092347 ], [ 129.016162206421058, 35.148794764773903 ], [ 129.016160689779014, 35.14902377313706 ], [ 129.016160508445807, 35.149051453172241 ], [ 129.01616011153979, 35.14911153542652 ], [ 129.016159006040709, 35.149278742870891 ], [ 129.016158823430317, 35.149306117273625 ], [ 129.016157078784829, 35.1495702283271 ], [ 129.016155965855802, 35.149720999419941 ], [ 129.016155871179365, 35.149734001886365 ], [ 129.016156299716812, 35.149748993978996 ], [ 129.0161578103517, 35.149796513599767 ], [ 129.016158735929054, 35.149825456464164 ], [ 129.016159111209134, 35.149837163739818 ], [ 129.016159120020461, 35.149837461162328 ], [ 129.016159481999352, 35.149850759052441 ], [ 129.016183464356914, 35.149850458895635 ], [ 129.016212907808892, 35.149850089481106 ], [ 129.01622813117433, 35.149850790640087 ], [ 129.016232392988428, 35.149850987947104 ], [ 129.016238819983755, 35.150049706286268 ], [ 129.01623920074482, 35.150063719822334 ], [ 129.016239537194565, 35.150076055106837 ], [ 129.016243259897465, 35.150212619331647 ], [ 129.016244450756972, 35.15025633092376 ], [ 129.016244598673325, 35.150261818101093 ], [ 129.01624609522537, 35.150316621133882 ], [ 129.016250808003434, 35.150489208685698 ], [ 129.016251194478713, 35.150503411488216 ], [ 129.016251966494934, 35.150531470884943 ], [ 129.016258833627376, 35.150783186895993 ], [ 129.016258888809318, 35.150785273442551 ], [ 129.016259688152701, 35.150814390991151 ], [ 129.016259856131882, 35.150820545111479 ], [ 129.016261750838481, 35.150890000700109 ], [ 129.016265459359857, 35.151025734696859 ], [ 129.016265574305294, 35.151029977156782 ], [ 129.016271240726212, 35.151237682349482 ], [ 129.016277519579916, 35.151467977929286 ], [ 129.016894407965054, 35.15173169751742 ], [ 129.016865263628006, 35.151779441380988 ], [ 129.016845014116257, 35.151812616477727 ], [ 129.016843273264612, 35.151815466639526 ], [ 129.016838941427181, 35.151822561585746 ], [ 129.016836181006113, 35.151827081680821 ], [ 129.016828962106729, 35.151838911989998 ], [ 129.016823780115942, 35.151847400656955 ], [ 129.016819678495381, 35.151854123959673 ], [ 129.016796696120565, 35.151891768307635 ], [ 129.016666476671872, 35.152105073399895 ], [ 129.016664590945453, 35.152108162497548 ], [ 129.016604665197718, 35.152253880592674 ], [ 129.01660038968285, 35.152252892756401 ], [ 129.016351158495979, 35.15219530079461 ], [ 129.016350480459039, 35.152195144286615 ], [ 129.016327362533048, 35.152250110252162 ], [ 129.01632199611393, 35.152277888536609 ], [ 129.016264847925527, 35.15226788637969 ], [ 129.016262232041953, 35.152276352821218 ], [ 129.016258866528545, 35.152287253086165 ], [ 129.016253705225324, 35.152303960584959 ], [ 129.016253325198818, 35.152305192438547 ], [ 129.016082216165074, 35.152268123754396 ], [ 129.016061887451059, 35.152277232025426 ], [ 129.016041685328759, 35.152314937910823 ], [ 129.016047327243683, 35.152391584750788 ], [ 129.016066611716667, 35.152394058162365 ], [ 129.016091340957871, 35.152397229799192 ], [ 129.016093589070834, 35.152397518129561 ], [ 129.016120370448817, 35.152400947183779 ], [ 129.016209614474747, 35.152430826791559 ], [ 129.01628612171848, 35.15246671903958 ], [ 129.016382657842456, 35.152533953078915 ], [ 129.016453504765536, 35.152592542079148 ], [ 129.016454301943469, 35.152593202900569 ], [ 129.016443585307741, 35.152616563536768 ], [ 129.016438167377913, 35.152628373982388 ], [ 129.016647586873944, 35.152680595590731 ], [ 129.01665075889079, 35.152690086838795 ], [ 129.016660801355471, 35.152720129111316 ], [ 129.016665091488107, 35.152732963068928 ], [ 129.016674406354099, 35.152760828937261 ], [ 129.016664212608447, 35.152808809730729 ], [ 129.016673940297437, 35.152811187211213 ], [ 129.016710894671064, 35.152820216716556 ], [ 129.017717612560119, 35.153066189724491 ], [ 129.017737605082118, 35.153071073927293 ], [ 129.017793727452755, 35.153084792962531 ], [ 129.018073525040506, 35.153153152709713 ], [ 129.018412049728056, 35.153232992553434 ], [ 129.018486777866769, 35.153250620958751 ], [ 129.01852073881858, 35.153258638852783 ], [ 129.018783295805918, 35.153320568170791 ], [ 129.019184550445175, 35.153415209119586 ], [ 129.019292164752784, 35.153440591402997 ], [ 129.019362574236993, 35.153457199605242 ], [ 129.019562894886661, 35.153503997934941 ], [ 129.019778602215524, 35.153554384254967 ], [ 129.020762684780124, 35.153784245968261 ], [ 129.020834582513828, 35.153801039288112 ], [ 129.020843300953118, 35.153803089192884 ], [ 129.020858178024469, 35.153806553945181 ], [ 129.020865474721234, 35.153808244824013 ], [ 129.020873393552165, 35.153810095591474 ], [ 129.021081765847356, 35.153858770235367 ], [ 129.021146403717921, 35.153684847016997 ], [ 129.021155486168254, 35.153661811250316 ], [ 129.021186535761018, 35.153672459792688 ], [ 129.021366172253209, 35.153720914164957 ], [ 129.021369825034242, 35.153712623035723 ], [ 129.021489908024279, 35.15374148205666 ], [ 129.021646458804611, 35.15379633710296 ], [ 129.021802992144387, 35.153851187654652 ], [ 129.022100459593531, 35.153917567795588 ], [ 129.022137338516245, 35.153926791325162 ], [ 129.02235735559006, 35.15398763076368 ], [ 129.022444161419486, 35.154011348587822 ], [ 129.022526799519426, 35.154032210129095 ], [ 129.022584276299995, 35.154046721350703 ], [ 129.022827887473483, 35.154104707286663 ], [ 129.022967587703704, 35.154137959712152 ], [ 129.0231603738996, 35.154183607946344 ], [ 129.023513687110693, 35.154267263221172 ], [ 129.02365445972643, 35.154300595126223 ], [ 129.023732585343197, 35.154317218212753 ], [ 129.023802810142257, 35.154335962954178 ], [ 129.023868376853471, 35.15435346432438 ], [ 129.024146008953124, 35.154429595520298 ], [ 129.024278090904801, 35.154465641701421 ], [ 129.024343363301796, 35.154481773358661 ], [ 129.024521653761099, 35.154525851784641 ], [ 129.024631267073943, 35.154552889232683 ], [ 129.024718710173488, 35.154574334338776 ], [ 129.025018291169687, 35.154641525445115 ], [ 129.025041121886602, 35.154647209394781 ], [ 129.025078975363101, 35.154656558597559 ], [ 129.025102406446848, 35.154661999656014 ], [ 129.025132307505203, 35.154668942481571 ], [ 129.025150296490949, 35.154673075286844 ], [ 129.02516708938532, 35.154677471092576 ], [ 129.02545905584401, 35.154752848040864 ], [ 129.025470987768216, 35.154755896700308 ], [ 129.025453308395896, 35.1547938094484 ], [ 129.025683730014606, 35.154846138469239 ], [ 129.025695230648523, 35.154826500755874 ], [ 129.025703913972649, 35.154812724745881 ], [ 129.025858737770335, 35.15484903362735 ], [ 129.026390272403148, 35.154971085416378 ], [ 129.027117221788558, 35.155140369189581 ], [ 129.027187410590699, 35.155155289563979 ], [ 129.027489495692578, 35.155219502766684 ], [ 129.027548761119562, 35.155232531144463 ], [ 129.027586914456805, 35.155240920064642 ], [ 129.027578433858082, 35.155259241380378 ], [ 129.027771041302202, 35.155299049216779 ], [ 129.027780358493231, 35.155281026589634 ], [ 129.028159132014224, 35.155366519933871 ], [ 129.028170146889636, 35.155368717050912 ], [ 129.028166327941079, 35.15538828152372 ], [ 129.028347043141054, 35.155426613758365 ], [ 129.0283622909283, 35.155412597858351 ], [ 129.028476336626625, 35.15544123483037 ], [ 129.028545892894442, 35.155454416870498 ], [ 129.028649961828705, 35.155474140010163 ], [ 129.028722402661685, 35.155488465755809 ], [ 129.028833246389127, 35.155509776628492 ], [ 129.028985060402675, 35.155533941387453 ], [ 129.029041619747915, 35.155542665530184 ] ] ] } },
{ "type": "Feature", "properties": { "BASE_DATE": "20250630", "ADM_CD": "21050750", "ADM_NM": "개금2동" }, "geometry": { "type": "Polygon", "coordinates": [ [ [ 129.020716698532198, 35.148434520518627 ], [ 129.02090421380089, 35.148153670525964 ], [ 129.020923329109394, 35.148125040516312 ], [ 129.020926313361173, 35.148120592353813 ], [ 129.021015146616492, 35.147987539348236 ], [ 129.021071829120899, 35.14790264485589 ], [ 129.021340985153046, 35.147499526345825 ], [ 129.021344960423164, 35.1474849261757 ], [ 129.021347536174233, 35.147475518845702 ], [ 129.021359683281617, 35.147431046557379 ], [ 129.021387447176522, 35.147329415969864 ], [ 129.021387757364266, 35.147328270630922 ], [ 129.02139008952102, 35.147319753547379 ], [ 129.021390955810602, 35.147316579805789 ], [ 129.021415165722658, 35.147227947333732 ], [ 129.021429728031421, 35.147174646755282 ], [ 129.021437234133487, 35.147147166860108 ], [ 129.021488670971479, 35.146958857093203 ], [ 129.021497595193296, 35.146926184118151 ], [ 129.021515556650485, 35.14686042380719 ], [ 129.021526421167749, 35.146820652396059 ], [ 129.021567539327606, 35.146670142530439 ], [ 129.021646869778294, 35.146668409510788 ], [ 129.021655979220725, 35.146668212143148 ], [ 129.021713631226703, 35.146666954233865 ], [ 129.022028332999525, 35.146660094049032 ], [ 129.022063411415758, 35.146666828377633 ], [ 129.022215497071159, 35.146696015065046 ], [ 129.022222219282298, 35.146697305560679 ], [ 129.022227623996912, 35.14669834663448 ], [ 129.022316246584978, 35.146715359085562 ], [ 129.022409480508628, 35.146733247593936 ], [ 129.022436887090919, 35.146738505808415 ], [ 129.022474347247424, 35.146745693350773 ], [ 129.022533201242595, 35.146756984838106 ], [ 129.022571292866786, 35.146905072259429 ], [ 129.022577495104088, 35.146929182809316 ], [ 129.022622563121757, 35.147104389630911 ], [ 129.022630560372932, 35.1471354651244 ], [ 129.022636625216848, 35.147159033723604 ], [ 129.022640325760307, 35.147173419347205 ], [ 129.022730989770764, 35.147262967717602 ], [ 129.022733701578659, 35.147266822292409 ], [ 129.022765851006625, 35.147312466313188 ], [ 129.022790074541859, 35.147355139958066 ], [ 129.023079943211911, 35.147626127540619 ], [ 129.023359378151184, 35.147887356695762 ], [ 129.023373636731947, 35.147900683570356 ], [ 129.023427024533362, 35.147950578317086 ], [ 129.023476571508695, 35.147996882427442 ], [ 129.023520564741204, 35.148000353974062 ], [ 129.023512228710871, 35.147962728979266 ], [ 129.023508334834077, 35.147945166727865 ], [ 129.023494530863758, 35.14789569386739 ], [ 129.023458426641042, 35.147739096706736 ], [ 129.023460843164798, 35.147719275895291 ], [ 129.023468730479607, 35.147654630177264 ], [ 129.023487935623422, 35.147497201310941 ], [ 129.023490311380101, 35.147477726329107 ], [ 129.02334208286112, 35.147260290798755 ], [ 129.023246192639732, 35.147011814408323 ], [ 129.023240783241619, 35.146988319646766 ], [ 129.023210264730238, 35.14685579285883 ], [ 129.023202091522734, 35.146820292692745 ], [ 129.023218476200498, 35.146754051575613 ], [ 129.023221344564888, 35.146742452311592 ], [ 129.023251182161488, 35.146621823484352 ], [ 129.023272041450412, 35.14653705473134 ], [ 129.02337139317379, 35.146133346616409 ], [ 129.023431854453719, 35.145887669189079 ], [ 129.023407411322722, 35.145824373100368 ], [ 129.023336663192737, 35.145641159447635 ], [ 129.02331965698616, 35.145597119362861 ], [ 129.023313254399568, 35.145580581318647 ], [ 129.02325695967528, 35.145438348159672 ], [ 129.023245668461328, 35.145409817899356 ], [ 129.023240944384156, 35.145397880419793 ], [ 129.02323347840948, 35.145379529070645 ], [ 129.023210221048288, 35.145320765765838 ], [ 129.02320480056332, 35.145308036407243 ], [ 129.023198122718213, 35.145251398019234 ], [ 129.02318130728014, 35.14525286809274 ], [ 129.02317745489421, 35.145243822848045 ], [ 129.023176981152574, 35.145242669328539 ], [ 129.023161779304985, 35.145205557975913 ], [ 129.023159390123084, 35.145199575149604 ], [ 129.023143327702769, 35.145159341504709 ], [ 129.022481043358681, 35.143500529940383 ], [ 129.022384620548934, 35.143162766126238 ], [ 129.022383992310125, 35.143160565065017 ], [ 129.022358452207698, 35.143071105024127 ], [ 129.02219966276428, 35.14251487274602 ], [ 129.022224724858091, 35.141984653647192 ], [ 129.022203837915441, 35.141876844928923 ], [ 129.022156028686226, 35.141630064152039 ], [ 129.022151591128875, 35.141607143153294 ], [ 129.02190460481205, 35.139723129803684 ], [ 129.02185079120369, 35.139311453892653 ], [ 129.021743030296534, 35.138363356085655 ], [ 129.021740512801131, 35.138341204362114 ], [ 129.021684579528909, 35.138006954963458 ], [ 129.021632006455121, 35.13759562749005 ], [ 129.021577291390258, 35.137129209302167 ], [ 129.021541485266312, 35.136803122670067 ], [ 129.021541396766281, 35.136802318638757 ], [ 129.021533991364066, 35.136802371964869 ], [ 129.021519276025714, 35.136802477416879 ], [ 129.021286709670193, 35.136779161619231 ], [ 129.02103535041195, 35.136752399099812 ], [ 129.020862212931775, 35.136733964291466 ], [ 129.020783864839814, 35.136725623215973 ], [ 129.020498328354847, 35.136693705752904 ], [ 129.020468934730815, 35.136690418570538 ], [ 129.019951521649404, 35.136632207018046 ], [ 129.01940730520019, 35.136572024841932 ], [ 129.018849173788311, 35.136509082589221 ], [ 129.018385978115163, 35.136459141300065 ], [ 129.018006146746416, 35.136418625174905 ], [ 129.01768725758717, 35.136229735503221 ], [ 129.01749050197418, 35.136114296479967 ], [ 129.017371752965317, 35.136044651580796 ], [ 129.017341059289947, 35.136026649308867 ], [ 129.017027529984063, 35.135842766825995 ], [ 129.016951013184922, 35.135797891173496 ], [ 129.016861487604331, 35.135741444696649 ], [ 129.016843074776972, 35.135729836085325 ], [ 129.016581423112711, 35.135564864409503 ], [ 129.016494880956856, 35.135510298949562 ], [ 129.016491975396718, 35.135512766073994 ], [ 129.016340983849801, 35.135641004738417 ], [ 129.016193109032059, 35.135767889659448 ], [ 129.015888001887816, 35.136029266674043 ], [ 129.015754859947293, 35.136143574024068 ], [ 129.015735158262146, 35.136149351009273 ], [ 129.015465792640555, 35.136228345362625 ], [ 129.015013126700211, 35.136360879145329 ], [ 129.014852747021365, 35.136407838139085 ], [ 129.014628314949903, 35.136473967189083 ], [ 129.01438124786327, 35.136546284330407 ], [ 129.013912126493892, 35.136680337872853 ], [ 129.013643131473884, 35.136757311170676 ], [ 129.013310864584412, 35.136852387008773 ], [ 129.012725293510613, 35.137019825672255 ], [ 129.012711940360191, 35.137030440324644 ], [ 129.012633835561616, 35.137092533348678 ], [ 129.012507156130226, 35.137193237665471 ], [ 129.012196073959927, 35.137440537367098 ], [ 129.012166762668045, 35.137465852737201 ], [ 129.012175439561844, 35.137478521254351 ], [ 129.012292677120428, 35.137649688735131 ], [ 129.01229561456384, 35.137653978027629 ], [ 129.012755132316272, 35.138324860637468 ], [ 129.012914994896306, 35.138564398588066 ], [ 129.012926133735476, 35.138581267590084 ], [ 129.013930848289959, 35.140102565920927 ], [ 129.015097924665355, 35.141734655661786 ], [ 129.016138362201701, 35.143191856560691 ], [ 129.016233720929932, 35.143325408685257 ], [ 129.016240791365561, 35.143335313702011 ], [ 129.016251854121322, 35.143352386184212 ], [ 129.016241820690851, 35.143385360309871 ], [ 129.016222947678102, 35.143447382409747 ], [ 129.016079762148451, 35.143802093625958 ], [ 129.016071940834763, 35.143819408748854 ], [ 129.016058978818478, 35.143815814824926 ], [ 129.016027790974107, 35.143799070803091 ], [ 129.01601645699867, 35.143812709813567 ], [ 129.015889378240132, 35.143786667240775 ], [ 129.015788169041542, 35.143814179599303 ], [ 129.015780275822749, 35.143824601852437 ], [ 129.015662406927305, 35.143886428852355 ], [ 129.01542882709731, 35.143964284110993 ], [ 129.015340192522274, 35.144046098181825 ], [ 129.015324460096792, 35.144073772593387 ], [ 129.015306608996696, 35.144105168322724 ], [ 129.015304515317126, 35.144145348854408 ], [ 129.015328773498766, 35.144159128671006 ], [ 129.015302299012603, 35.144187914790756 ], [ 129.01519489545791, 35.144304689230133 ], [ 129.01501848734091, 35.144496486194846 ], [ 129.014976393818131, 35.14455683656923 ], [ 129.01487173965873, 35.144706872101487 ], [ 129.014847227867222, 35.144742016117142 ], [ 129.01484277544381, 35.144748399327099 ], [ 129.01455496177627, 35.145162380677945 ], [ 129.014233941941143, 35.145618642014554 ], [ 129.014233360150428, 35.145619470658012 ], [ 129.014127685337399, 35.145769660769965 ], [ 129.014124097466294, 35.145771582775104 ], [ 129.014087964650997, 35.145790952058277 ], [ 129.01407203109315, 35.14583068161734 ], [ 129.014069498182579, 35.145836993024055 ], [ 129.014082299205882, 35.14584551198881 ], [ 129.01411111950307, 35.145863013695127 ], [ 129.014117679180572, 35.145862414184229 ], [ 129.014130817225066, 35.145861216731014 ], [ 129.014395875024206, 35.146054663185836 ], [ 129.014399110306641, 35.146056993991387 ], [ 129.014399359273256, 35.146057160382867 ], [ 129.014463891510218, 35.146099510396411 ], [ 129.014480156472246, 35.146110195873781 ], [ 129.014515917171991, 35.146135252808193 ], [ 129.014517161628163, 35.146136123538433 ], [ 129.014541933275382, 35.146153477397668 ], [ 129.014579934890861, 35.146180100352971 ], [ 129.014581141567646, 35.146180946309634 ], [ 129.014657710576273, 35.1462340354405 ], [ 129.014671332973194, 35.146242326782236 ], [ 129.014673254763949, 35.146243496493042 ], [ 129.014689572876961, 35.146253433837771 ], [ 129.014692128294627, 35.146255209626027 ], [ 129.014703451848874, 35.146263071685816 ], [ 129.014713348692396, 35.14626994267546 ], [ 129.014729220291059, 35.14628125515101 ], [ 129.014770494466546, 35.146310672706463 ], [ 129.014808671368741, 35.14633726905209 ], [ 129.014810520692691, 35.14633855597512 ], [ 129.014824621259038, 35.146324435281038 ], [ 129.014860837957627, 35.146350571952993 ], [ 129.01488350540987, 35.14635063022088 ], [ 129.014934127324636, 35.146382752884804 ], [ 129.01502464667243, 35.146451376167654 ], [ 129.015034820999119, 35.146462258552262 ], [ 129.015044508577546, 35.146469088853451 ], [ 129.015043821045282, 35.146476470860257 ], [ 129.015108028479574, 35.146521337382467 ], [ 129.015128228786779, 35.146535452885459 ], [ 129.015210803201683, 35.146597557532388 ], [ 129.01531407261848, 35.146675227512311 ], [ 129.015401949688794, 35.14673901483048 ], [ 129.015731677069709, 35.146986502648403 ], [ 129.015729812524825, 35.146988303060027 ], [ 129.015726444450451, 35.146991600931791 ], [ 129.015785114741107, 35.147032620646115 ], [ 129.015786999872404, 35.147034001775239 ], [ 129.015791051675109, 35.147029690046253 ], [ 129.015835103688488, 35.14706430904841 ], [ 129.015870493992566, 35.147089177257314 ], [ 129.015908106506629, 35.147115607195808 ], [ 129.015930791852753, 35.147132834493881 ], [ 129.015979058633548, 35.147171921397927 ], [ 129.016055879948453, 35.147234133503062 ], [ 129.016086132043853, 35.147240777591584 ], [ 129.016121760726065, 35.147267836370176 ], [ 129.016139244399312, 35.1472811147367 ], [ 129.016164912633087, 35.147300607382505 ], [ 129.016173194089276, 35.147306897088441 ], [ 129.016273364648839, 35.147390917207105 ], [ 129.016278419833156, 35.147394597440105 ], [ 129.016300130540031, 35.147332658853529 ], [ 129.016310022011254, 35.147309643046675 ], [ 129.01631229319068, 35.1474148997901 ], [ 129.016312396629758, 35.147419705905648 ], [ 129.016313794880688, 35.147484361235549 ], [ 129.016313976357509, 35.14751248393663 ], [ 129.016314507207426, 35.147547308475559 ], [ 129.016315030482332, 35.147581724677622 ], [ 129.016315917611422, 35.147614215885739 ], [ 129.016316135332517, 35.147622104994959 ], [ 129.016305819087052, 35.147666956917391 ], [ 129.016242209406897, 35.147943548017345 ], [ 129.016241581511451, 35.147946269736515 ], [ 129.016204813464697, 35.148106148032134 ], [ 129.016197784522177, 35.148105129723035 ], [ 129.016171026861144, 35.148249999764701 ], [ 129.016194243616724, 35.148249580262679 ], [ 129.016552447007456, 35.148243117531933 ], [ 129.01714091932476, 35.148232493504118 ], [ 129.017151385904128, 35.148232304722242 ], [ 129.017408024360549, 35.148227669474629 ], [ 129.017409092096358, 35.148227650690799 ], [ 129.017411751060138, 35.14822760656601 ], [ 129.017419263722559, 35.148227480006106 ], [ 129.017420715538634, 35.148227454608033 ], [ 129.017426709171588, 35.148227339861798 ], [ 129.01762912404584, 35.148223687174145 ], [ 129.017722906201698, 35.148221993851678 ], [ 129.018606128035429, 35.148209087878179 ], [ 129.01860716509151, 35.148209072173216 ], [ 129.018608600578347, 35.148209054178537 ], [ 129.018611397971455, 35.148209016406646 ], [ 129.018614552058125, 35.148208975064911 ], [ 129.018618442377601, 35.148208915477774 ], [ 129.018662163803668, 35.148208278131911 ], [ 129.019349890143275, 35.14819823296255 ], [ 129.019493091775217, 35.148196132136484 ], [ 129.019498036757568, 35.148196059292552 ], [ 129.01950769736851, 35.148195917382481 ], [ 129.019991128102532, 35.148188858251039 ], [ 129.020017761499332, 35.148188469981463 ], [ 129.020305511530523, 35.148184266810105 ], [ 129.02030801353456, 35.148184223689917 ], [ 129.020608512350236, 35.148420427576603 ], [ 129.020685631424982, 35.148481046093188 ], [ 129.020687912772132, 35.148477639108002 ], [ 129.020701956620826, 35.148456612992177 ], [ 129.020714640704597, 35.148437610035209 ], [ 129.020716698532198, 35.148434520518627 ] ] ] } },
{ "type": "Feature", "properties": { "BASE_DATE": "20250630", "ADM_CD": "21050760", "ADM_NM": "개금3동" }, "geometry": { "type": "Polygon", "coordinates": [ [ [ 129.026516110224179, 35.16430078840844 ], [ 129.026566591999824, 35.164239268164813 ], [ 129.026956235035698, 35.164265965221333 ], [ 129.026956759880164, 35.164437922864536 ], [ 129.026958864601852, 35.165127909977315 ], [ 129.026960063806655, 35.165520921446486 ], [ 129.026960515646209, 35.165670997882962 ], [ 129.026977858842571, 35.165672048698731 ], [ 129.027027138051494, 35.165675024830513 ], [ 129.027589490075655, 35.165709003640728 ], [ 129.027835961204318, 35.165723894525854 ], [ 129.028090232325042, 35.165739256316265 ], [ 129.028427742391301, 35.165819653421806 ], [ 129.028487171895904, 35.165833810668332 ], [ 129.028499789918158, 35.165813527481596 ], [ 129.028577151271719, 35.165689237879192 ], [ 129.028622096207386, 35.165617030464794 ], [ 129.028642680859775, 35.165583955645907 ], [ 129.028658863377217, 35.165557956324193 ], [ 129.028682151242009, 35.165520544894953 ], [ 129.028814080519368, 35.16530857901482 ], [ 129.029172827570136, 35.164732209088683 ], [ 129.02937314414288, 35.164410370841026 ], [ 129.029375380234342, 35.164406772227757 ], [ 129.029429531281494, 35.164319681692447 ], [ 129.029515840605399, 35.164168323956176 ], [ 129.029613455979984, 35.163997142117189 ], [ 129.029749843529032, 35.163757972332036 ], [ 129.029792609936266, 35.163641778977606 ], [ 129.029814635187563, 35.163532438355531 ], [ 129.029784679838428, 35.163371725922381 ], [ 129.029841655533346, 35.163364339780749 ], [ 129.029875481113521, 35.163361564739482 ], [ 129.02990480329251, 35.163359156726614 ], [ 129.030101242521283, 35.163343023102414 ], [ 129.030302117168617, 35.163326531983017 ], [ 129.030328277776363, 35.163324383805822 ], [ 129.030364685668388, 35.163323016775109 ], [ 129.030543265664249, 35.163322339896304 ], [ 129.030676978409105, 35.163296615021856 ], [ 129.030822370386147, 35.163268643439963 ], [ 129.030807755987666, 35.163225471498812 ], [ 129.03079445846015, 35.163182030461066 ], [ 129.030781931469647, 35.163138226251625 ], [ 129.030771268828062, 35.163094425526403 ], [ 129.030761264691137, 35.163050259439586 ], [ 129.03076108770864, 35.163049369081854 ], [ 129.030730226408195, 35.162969055945766 ], [ 129.030745814505849, 35.162967055720763 ], [ 129.030744877272639, 35.162961569544102 ], [ 129.0307384961487, 35.162917043905445 ], [ 129.030733979834508, 35.16287242978256 ], [ 129.030730231344194, 35.162827542685086 ], [ 129.03072952549681, 35.162816007382929 ], [ 129.030727472675522, 35.162782745861399 ], [ 129.03072702811761, 35.162767694581873 ], [ 129.030726830999299, 35.162759988301993 ], [ 129.030726359875501, 35.162741644676039 ], [ 129.030731875631886, 35.162675375107085 ], [ 129.030734665379356, 35.162641861243088 ], [ 129.030735573785392, 35.16263420951384 ], [ 129.030738593715569, 35.162608701748091 ], [ 129.030739042987506, 35.162604905698913 ], [ 129.030742734321109, 35.162584174295603 ], [ 129.03075448878181, 35.162518100870351 ], [ 129.030754871062129, 35.162516998778841 ], [ 129.030766615951876, 35.16248322297092 ], [ 129.030833902990651, 35.162289687538632 ], [ 129.0308606375892, 35.162212796583198 ], [ 129.030965842029332, 35.161910217983824 ], [ 129.031110959011528, 35.161492847484098 ], [ 129.031121031595688, 35.161463878529759 ], [ 129.031151183687683, 35.161377160928211 ], [ 129.03129481883505, 35.16096628700425 ], [ 129.031300518957892, 35.160949881359436 ], [ 129.031316104033266, 35.160905398103466 ], [ 129.031359069846218, 35.16078275605588 ], [ 129.031365074129326, 35.16076553421108 ], [ 129.031366635947109, 35.160761057802752 ], [ 129.03154516459341, 35.160249076656029 ], [ 129.031570717222564, 35.160175790696698 ], [ 129.031593055814454, 35.160111730082534 ], [ 129.031620455808678, 35.160033158951677 ], [ 129.031662949176848, 35.159911305363927 ], [ 129.031671025627645, 35.159888142732612 ], [ 129.031717152646479, 35.159755857520196 ], [ 129.031735017259081, 35.159704623872251 ], [ 129.031854864087194, 35.159360925263073 ], [ 129.031861990636372, 35.159339921367334 ], [ 129.031966899986202, 35.159292394205494 ], [ 129.032023401506621, 35.159131271269828 ], [ 129.032028097422682, 35.159117883360345 ], [ 129.032089257648295, 35.158943450492146 ], [ 129.032291412393022, 35.158992645813669 ], [ 129.032692620214874, 35.159093855248557 ], [ 129.032765185347046, 35.159111555279132 ], [ 129.032777156369406, 35.159114474681076 ], [ 129.032780984028307, 35.159099053779329 ], [ 129.032889862665485, 35.158961027799435 ], [ 129.032886967495273, 35.158940368862552 ], [ 129.032886517951937, 35.158937123342803 ], [ 129.032869504653803, 35.158815498560081 ], [ 129.032859620115914, 35.158800962554174 ], [ 129.032831343956616, 35.158759381953466 ], [ 129.032826332424548, 35.158721536240677 ], [ 129.033089396583392, 35.158531703342561 ], [ 129.033197976223278, 35.15845245508563 ], [ 129.033264074613385, 35.158426055942108 ], [ 129.033404203599076, 35.158414275996954 ], [ 129.033451464759963, 35.158393135387939 ], [ 129.033445052221964, 35.158248028366273 ], [ 129.03344597056622, 35.158199394668181 ], [ 129.033447762807356, 35.158103853516877 ], [ 129.033451035074279, 35.158092659163962 ], [ 129.03345638064701, 35.158074359114529 ], [ 129.033470714459355, 35.158021148503444 ], [ 129.033560685577839, 35.157956579315417 ], [ 129.033661502290016, 35.15788423609699 ], [ 129.03366179216232, 35.157869968942201 ], [ 129.03366524399226, 35.157773836955357 ], [ 129.033684061419535, 35.157739232896041 ], [ 129.033798508305495, 35.157528752481433 ], [ 129.033749399834818, 35.157455088778974 ], [ 129.033746566544608, 35.157450832986171 ], [ 129.033612034086843, 35.157488824409853 ], [ 129.033560505457586, 35.157490335134952 ], [ 129.033489116814877, 35.157492430862668 ], [ 129.033381137402273, 35.157495601051018 ], [ 129.033237696566374, 35.157425946086633 ], [ 129.032884706236729, 35.157252022709351 ], [ 129.032620593353556, 35.157222841832798 ], [ 129.032454996224658, 35.157125051080854 ], [ 129.032352447181523, 35.156983883031501 ], [ 129.032318127569312, 35.156936641787965 ], [ 129.03217488732173, 35.156811667341898 ], [ 129.031980684884871, 35.156743303887033 ], [ 129.031952878896021, 35.156718010124578 ], [ 129.031933764623318, 35.156700628067632 ], [ 129.031804114400387, 35.156584556010245 ], [ 129.031658491907962, 35.156455526754108 ], [ 129.031591316301245, 35.156439048981085 ], [ 129.031526337895457, 35.156423120421209 ], [ 129.031422365568687, 35.156443967468526 ], [ 129.031244973871651, 35.156530261877592 ], [ 129.031174501984083, 35.156564831505158 ], [ 129.030982623513808, 35.156658958830327 ], [ 129.03090328990109, 35.156677545640008 ], [ 129.030805471726893, 35.156656802387744 ], [ 129.030683032714194, 35.156596811978055 ], [ 129.030496112355763, 35.15653100212829 ], [ 129.030287030355254, 35.156397787980936 ], [ 129.030221210724221, 35.156355863258895 ], [ 129.030036317940045, 35.156283842916501 ], [ 129.02980880420472, 35.156190641645388 ], [ 129.029634249207191, 35.156078860675642 ], [ 129.029331078478066, 35.155938841953336 ], [ 129.029113039192282, 35.155782795493714 ], [ 129.029026400513061, 35.155752898946865 ], [ 129.029029668554216, 35.15571781023845 ], [ 129.02904194223629, 35.155587467963841 ], [ 129.029043416928118, 35.155571822611698 ], [ 129.029046025225881, 35.15554412823456 ], [ 129.029046098624178, 35.155543357331503 ], [ 129.029041619747915, 35.155542665530184 ], [ 129.028985060402675, 35.155533941387453 ], [ 129.028833246389127, 35.155509776628492 ], [ 129.028722402661685, 35.155488465755809 ], [ 129.028649961828705, 35.155474140010163 ], [ 129.028545892894442, 35.155454416870498 ], [ 129.028476336626625, 35.15544123483037 ], [ 129.0283622909283, 35.155412597858351 ], [ 129.028347043141054, 35.155426613758365 ], [ 129.028166327941079, 35.15538828152372 ], [ 129.028170146889636, 35.155368717050912 ], [ 129.028159132014224, 35.155366519933871 ], [ 129.027780358493231, 35.155281026589634 ], [ 129.027771041302202, 35.155299049216779 ], [ 129.027578433858082, 35.155259241380378 ], [ 129.027586914456805, 35.155240920064642 ], [ 129.027548761119562, 35.155232531144463 ], [ 129.027489495692578, 35.155219502766684 ], [ 129.027187410590699, 35.155155289563979 ], [ 129.027117221788558, 35.155140369189581 ], [ 129.026390272403148, 35.154971085416378 ], [ 129.025858737770335, 35.15484903362735 ], [ 129.025703913972649, 35.154812724745881 ], [ 129.025695230648523, 35.154826500755874 ], [ 129.025683730014606, 35.154846138469239 ], [ 129.025453308395896, 35.1547938094484 ], [ 129.025470987768216, 35.154755896700308 ], [ 129.02545905584401, 35.154752848040864 ], [ 129.02516708938532, 35.154677471092576 ], [ 129.025150296490949, 35.154673075286844 ], [ 129.025132307505203, 35.154668942481571 ], [ 129.025102406446848, 35.154661999656014 ], [ 129.025078975363101, 35.154656558597559 ], [ 129.025041121886602, 35.154647209394781 ], [ 129.025018291169687, 35.154641525445115 ], [ 129.024718710173488, 35.154574334338776 ], [ 129.024631267073943, 35.154552889232683 ], [ 129.024521653761099, 35.154525851784641 ], [ 129.024343363301796, 35.154481773358661 ], [ 129.024278090904801, 35.154465641701421 ], [ 129.024146008953124, 35.154429595520298 ], [ 129.023868376853471, 35.15435346432438 ], [ 129.023802810142257, 35.154335962954178 ], [ 129.023732585343197, 35.154317218212753 ], [ 129.02365445972643, 35.154300595126223 ], [ 129.023513687110693, 35.154267263221172 ], [ 129.0231603738996, 35.154183607946344 ], [ 129.022967587703704, 35.154137959712152 ], [ 129.022827887473483, 35.154104707286663 ], [ 129.022584276299995, 35.154046721350703 ], [ 129.022526799519426, 35.154032210129095 ], [ 129.022444161419486, 35.154011348587822 ], [ 129.02235735559006, 35.15398763076368 ], [ 129.022137338516245, 35.153926791325162 ], [ 129.022100459593531, 35.153917567795588 ], [ 129.021802992144387, 35.153851187654652 ], [ 129.021646458804611, 35.15379633710296 ], [ 129.021489908024279, 35.15374148205666 ], [ 129.021369825034242, 35.153712623035723 ], [ 129.021366172253209, 35.153720914164957 ], [ 129.021186535761018, 35.153672459792688 ], [ 129.021155486168254, 35.153661811250316 ], [ 129.021146403717921, 35.153684847016997 ], [ 129.021081765847356, 35.153858770235367 ], [ 129.020873393552165, 35.153810095591474 ], [ 129.020865474721234, 35.153808244824013 ], [ 129.020858178024469, 35.153806553945181 ], [ 129.020843300953118, 35.153803089192884 ], [ 129.020834582513828, 35.153801039288112 ], [ 129.020762684780124, 35.153784245968261 ], [ 129.019778602215524, 35.153554384254967 ], [ 129.019562894886661, 35.153503997934941 ], [ 129.019362574236993, 35.153457199605242 ], [ 129.019292164752784, 35.153440591402997 ], [ 129.019184550445175, 35.153415209119586 ], [ 129.018783295805918, 35.153320568170791 ], [ 129.01852073881858, 35.153258638852783 ], [ 129.018486777866769, 35.153250620958751 ], [ 129.018412049728056, 35.153232992553434 ], [ 129.018073525040506, 35.153153152709713 ], [ 129.017793727452755, 35.153084792962531 ], [ 129.017737605082118, 35.153071073927293 ], [ 129.017717612560119, 35.153066189724491 ], [ 129.016710894671064, 35.152820216716556 ], [ 129.016673940297437, 35.152811187211213 ], [ 129.016664212608447, 35.152808809730729 ], [ 129.016663913773328, 35.152810216383664 ], [ 129.016651380149881, 35.152823926369322 ], [ 129.016648071684045, 35.152827548101108 ], [ 129.016601818274466, 35.152878154147224 ], [ 129.016596864672266, 35.152883574457199 ], [ 129.016595114783229, 35.152883514318425 ], [ 129.01654071061995, 35.152868603818618 ], [ 129.016527649643535, 35.152869398461398 ], [ 129.016530471271977, 35.152874975684398 ], [ 129.016542428031954, 35.152898617786292 ], [ 129.016555351709229, 35.152924494603759 ], [ 129.016553250785137, 35.152964550765525 ], [ 129.016552769069222, 35.152973789323887 ], [ 129.016552062090483, 35.153013359194745 ], [ 129.01653731025371, 35.15305093110593 ], [ 129.016521566302742, 35.153089583848264 ], [ 129.016498712744237, 35.153116508138673 ], [ 129.016474211863169, 35.153144877597434 ], [ 129.016468846582086, 35.153147636983341 ], [ 129.016465542153043, 35.153152009704144 ], [ 129.016408687678421, 35.153185256175206 ], [ 129.01622171980992, 35.153268674175919 ], [ 129.016192450731609, 35.153282648584607 ], [ 129.016138029000672, 35.153308630831745 ], [ 129.016172569969257, 35.153330287154319 ], [ 129.016202172512322, 35.153348067028766 ], [ 129.016251180248588, 35.153377770383166 ], [ 129.016277360948806, 35.153412407269116 ], [ 129.016324147523989, 35.153473738162475 ], [ 129.016372458216779, 35.153534257438722 ], [ 129.016418166924097, 35.153580446556511 ], [ 129.016452249305274, 35.153617073525048 ], [ 129.016417063857347, 35.153674096580282 ], [ 129.016390239335749, 35.153717699927803 ], [ 129.016385399419278, 35.153726173474155 ], [ 129.016388225011127, 35.153744740201866 ], [ 129.016402146655622, 35.153847691627732 ], [ 129.016415139462197, 35.153898995806919 ], [ 129.016422262926255, 35.15392838580091 ], [ 129.016429232037865, 35.15395714840006 ], [ 129.016426472979077, 35.154053963978171 ], [ 129.01642438667696, 35.15414562291776 ], [ 129.016424272617058, 35.15415059764775 ], [ 129.01639777591825, 35.154189513007758 ], [ 129.016341608995873, 35.154269785335657 ], [ 129.016326402111758, 35.154291194272709 ], [ 129.016300481771509, 35.154327689678354 ], [ 129.016294932869215, 35.154390895549156 ], [ 129.016295744667133, 35.154427186164696 ], [ 129.016312716214429, 35.154521627849242 ], [ 129.016315857668275, 35.154539112292255 ], [ 129.01630666121676, 35.154637304060991 ], [ 129.016282121482561, 35.154690937186636 ], [ 129.016265610877042, 35.154726988414431 ], [ 129.016261950996551, 35.154734986459964 ], [ 129.016257316468199, 35.154745125415481 ], [ 129.016215747685749, 35.154799482897602 ], [ 129.016222619304756, 35.154817311952741 ], [ 129.016228330612989, 35.154832127911838 ], [ 129.016196030148819, 35.154880249221002 ], [ 129.016138283173461, 35.154966279101998 ], [ 129.016101998663544, 35.155020968919523 ], [ 129.016057086016275, 35.155130011405404 ], [ 129.016053397269474, 35.155136514930227 ], [ 129.016041704070432, 35.155157144138968 ], [ 129.015964057693907, 35.155275656581601 ], [ 129.015941102493514, 35.155310693859157 ], [ 129.015927838678806, 35.155340989980232 ], [ 129.015891174519084, 35.155479550796485 ], [ 129.015835258912006, 35.155691844851688 ], [ 129.015805963446581, 35.15570385488752 ], [ 129.015798257133241, 35.155707013201479 ], [ 129.015753973998642, 35.155725168636721 ], [ 129.015718318307762, 35.155739991931121 ], [ 129.015650210407642, 35.155768103530121 ], [ 129.015600961603184, 35.155887036708762 ], [ 129.015434476366124, 35.156289102557558 ], [ 129.015433193055742, 35.1562895198307 ], [ 129.01540479291279, 35.156298735289241 ], [ 129.015302091920745, 35.156332065231673 ], [ 129.015293890006063, 35.156334728416731 ], [ 129.014899977391622, 35.15614293050357 ], [ 129.014888312999659, 35.156137249250207 ], [ 129.014568910552811, 35.156340031132757 ], [ 129.013475121515228, 35.157034436241361 ], [ 129.012689848130464, 35.157570917743122 ], [ 129.012430315800259, 35.157752167799337 ], [ 129.011931137063925, 35.158280028310614 ], [ 129.011923358583545, 35.158282749098042 ], [ 129.011801937748999, 35.158325237550869 ], [ 129.011719506284322, 35.158354084743522 ], [ 129.011667252053627, 35.158372451790875 ], [ 129.010599991499078, 35.158747594893903 ], [ 129.010595421171104, 35.158749202666996 ], [ 129.010713532282296, 35.159961157772493 ], [ 129.010714921922954, 35.159998424879113 ], [ 129.010718878436194, 35.160104617202109 ], [ 129.010726631266891, 35.160312730190583 ], [ 129.010728661002872, 35.160367213741772 ], [ 129.011192784711142, 35.161033292221234 ], [ 129.011390230723435, 35.16131665008912 ], [ 129.011344469047145, 35.162304520370505 ], [ 129.011364420960376, 35.162368460881375 ], [ 129.01135753843738, 35.162578650642068 ], [ 129.011348835106503, 35.162844593642831 ], [ 129.011348707149722, 35.162848477586692 ], [ 129.011379112236312, 35.162910919004638 ], [ 129.01142493615427, 35.163005021108155 ], [ 129.011554044236391, 35.163270163976726 ], [ 129.011629524221206, 35.16342516772508 ], [ 129.011768207455162, 35.163539212990592 ], [ 129.011804026664237, 35.16356806022371 ], [ 129.012183372792549, 35.163873543650716 ], [ 129.012017645194646, 35.164164224413099 ], [ 129.012544073429154, 35.164712507773523 ], [ 129.012644819766166, 35.16481619194029 ], [ 129.01273019720702, 35.164906356242213 ], [ 129.012896467778432, 35.16507952596212 ], [ 129.012898128432425, 35.165083704931504 ], [ 129.013095580889512, 35.165579949270096 ], [ 129.013117587514898, 35.16563525696764 ], [ 129.013225251129001, 35.165905838278697 ], [ 129.013223514368917, 35.165909049883275 ], [ 129.012937676577451, 35.166437088874694 ], [ 129.012901592825614, 35.166523026017543 ], [ 129.012902410493979, 35.166522830973193 ], [ 129.014185608094408, 35.166214781094602 ], [ 129.015501825922343, 35.165904669028222 ], [ 129.016154095509933, 35.165742465163561 ], [ 129.016563255874644, 35.165644635202639 ], [ 129.017121207550588, 35.16551379671084 ], [ 129.017142277747809, 35.165505604005901 ], [ 129.017191056721117, 35.16548663705926 ], [ 129.018063023061075, 35.16527185576998 ], [ 129.018782399702985, 35.165096648414725 ], [ 129.018896515147475, 35.165068843437169 ], [ 129.019048940976433, 35.165057789484074 ], [ 129.019319505838041, 35.165038164977055 ], [ 129.020141083159274, 35.164978575949149 ], [ 129.020348739954073, 35.164964169202563 ], [ 129.020841626194141, 35.164934687163665 ], [ 129.021853045757837, 35.164870668576746 ], [ 129.022525234333557, 35.164859340919364 ], [ 129.022587073673236, 35.164854320565674 ], [ 129.023193479298214, 35.164805061276887 ], [ 129.025096016945156, 35.164577339555819 ], [ 129.025154944088399, 35.164570316922955 ], [ 129.025184196190139, 35.164566828995781 ], [ 129.026289007730071, 35.164435181092017 ], [ 129.026416548954785, 35.164422148590532 ], [ 129.026516110224179, 35.16430078840844 ] ] ] } },
{ "type": "Feature", "properties": { "BASE_DATE": "20250630", "ADM_CD": "21050770", "ADM_NM": "범천1동" }, "geometry": { "type": "Polygon", "coordinates": [ [ [ 129.061579889207508, 35.150423861665402 ], [ 129.061744893508887, 35.150364128976342 ], [ 129.062044644498314, 35.150257709867944 ], [ 129.06241056990919, 35.149838784977362 ], [ 129.062433287575658, 35.149812776311968 ], [ 129.06247407607384, 35.149734517199413 ], [ 129.062525223239902, 35.149638258200341 ], [ 129.062549714910801, 35.149592164052933 ], [ 129.062588059165165, 35.1495183579149 ], [ 129.063010559155856, 35.14870509733182 ], [ 129.063011051847724, 35.148704972864273 ], [ 129.063046849473579, 35.148620710132647 ], [ 129.063056288294547, 35.148588831911269 ], [ 129.063154559572183, 35.148256950576396 ], [ 129.06316254947248, 35.148229957922076 ], [ 129.06316274557372, 35.148145631603285 ], [ 129.063163248386502, 35.147931454444794 ], [ 129.06316778628215, 35.147674745047588 ], [ 129.063167792790495, 35.147674339239984 ], [ 129.063191086739323, 35.146356967685968 ], [ 129.06319117719184, 35.14635182554867 ], [ 129.063201528152746, 35.1457664174822 ], [ 129.063204489529681, 35.145598881180348 ], [ 129.063215904510827, 35.144953286873935 ], [ 129.063216047612173, 35.144945215632035 ], [ 129.063216414789252, 35.144924468490721 ], [ 129.063226159210473, 35.144373404082103 ], [ 129.063230341679059, 35.14413679148042 ], [ 129.063230415358134, 35.144132608869313 ], [ 129.063232661066223, 35.144005591935027 ], [ 129.063232794959333, 35.143998014892261 ], [ 129.063237323952535, 35.143741870767144 ], [ 129.063239159406407, 35.143638054803624 ], [ 129.063248839381288, 35.143525551597868 ], [ 129.063268368540179, 35.143427281220134 ], [ 129.063278815843262, 35.14337470254199 ], [ 129.063330983293866, 35.143222243561112 ], [ 129.063354715108858, 35.143152893932687 ], [ 129.063451266360971, 35.142955600375238 ], [ 129.063453956856335, 35.14295010010234 ], [ 129.063522593958282, 35.14283333956665 ], [ 129.063530347369579, 35.142822533801997 ], [ 129.063587752317062, 35.142742509075028 ], [ 129.06359449422132, 35.142733108444865 ], [ 129.063701810260739, 35.142583506096486 ], [ 129.063801206932624, 35.142444944194132 ], [ 129.064045043181437, 35.142105020446117 ], [ 129.064230994900441, 35.141845790143826 ], [ 129.064232301357094, 35.141843969156639 ], [ 129.064247349064942, 35.141822991886777 ], [ 129.064366656023395, 35.141656672488381 ], [ 129.064486675549063, 35.141489356511379 ], [ 129.064538952366462, 35.141415447357929 ], [ 129.064538216968032, 35.141415447838646 ], [ 129.064466626134731, 35.141415533833957 ], [ 129.064110178916451, 35.141415959949299 ], [ 129.064094543614601, 35.141415977876648 ], [ 129.064096020677056, 35.141413895024989 ], [ 129.06406956234332, 35.14141342966429 ], [ 129.064087270298813, 35.141388188622884 ], [ 129.064125133910665, 35.141334209147423 ], [ 129.064067088708782, 35.14133353938896 ], [ 129.06373036075405, 35.141329669695992 ], [ 129.062179491358762, 35.141319087286348 ], [ 129.062112362995833, 35.14131862928194 ], [ 129.060987055371243, 35.141310938621572 ], [ 129.060081794928209, 35.141300554714995 ], [ 129.060042919298354, 35.141300207798174 ], [ 129.059992791105145, 35.141299759621255 ], [ 129.059980612521343, 35.141300080528453 ], [ 129.0599251977074, 35.141299377618765 ], [ 129.059899408701796, 35.141298668309325 ], [ 129.059895746900395, 35.141298661360281 ], [ 129.059762673222224, 35.141298367692485 ], [ 129.059530349696672, 35.141296603403667 ], [ 129.059331321043146, 35.141296025825341 ], [ 129.059316572552348, 35.141295982132768 ], [ 129.059168104275557, 35.141295550550858 ], [ 129.059146365081119, 35.141296660703269 ], [ 129.059123632188573, 35.141300284704599 ], [ 129.059105837037833, 35.141304114739455 ], [ 129.058738328351069, 35.141530198702469 ], [ 129.058669971329522, 35.141572845224694 ], [ 129.058668366650892, 35.141650388061649 ], [ 129.058667963704323, 35.141669723754291 ], [ 129.058258359003844, 35.141926836690786 ], [ 129.058244199989218, 35.141935726549256 ], [ 129.058232486154196, 35.141941661938382 ], [ 129.058205566743169, 35.141956230158158 ], [ 129.058149743309741, 35.141985363252971 ], [ 129.058105699042585, 35.142003869933305 ], [ 129.058093520940986, 35.142007331853684 ], [ 129.058059673668481, 35.142016970779615 ], [ 129.058003567134904, 35.142033674252588 ], [ 129.057997305541278, 35.142035538160137 ], [ 129.057953520244695, 35.142042123078227 ], [ 129.057910031501535, 35.142048660889877 ], [ 129.057839794257461, 35.142051152700731 ], [ 129.057811428885941, 35.142052459619102 ], [ 129.057809509684006, 35.14205254650799 ], [ 129.05780085007143, 35.142053044646758 ], [ 129.05755873485333, 35.142067021090341 ], [ 129.057522526052423, 35.142069379075025 ], [ 129.057466872649201, 35.142073003135572 ], [ 129.057465091720701, 35.142085992980462 ], [ 129.05738489728418, 35.142082063239982 ], [ 129.057269300964123, 35.14207761927392 ], [ 129.057268026416324, 35.142336420172192 ], [ 129.057266293184654, 35.142688160366689 ], [ 129.057264716487907, 35.143009051762569 ], [ 129.057264323965597, 35.143090311664231 ], [ 129.057262014976487, 35.14355931894336 ], [ 129.057259818540899, 35.144005999089863 ], [ 129.057258817276477, 35.144208327701818 ], [ 129.057258757595605, 35.144220750843175 ], [ 129.057258707556031, 35.144233334347071 ], [ 129.057258688791705, 35.144235460583218 ], [ 129.057258675488526, 35.144237873460945 ], [ 129.057258559423019, 35.144261106721991 ], [ 129.057258393416589, 35.144295027400922 ], [ 129.057258162222553, 35.144341831112392 ], [ 129.057258132998811, 35.144348593558355 ], [ 129.057256862769236, 35.144606688351793 ], [ 129.057255301310761, 35.144924162359104 ], [ 129.057255153097032, 35.144954177034457 ], [ 129.057254903495647, 35.145006639477735 ], [ 129.057253741576403, 35.14524362618058 ], [ 129.057252552159127, 35.145485851577952 ], [ 129.057252038639689, 35.145588986945356 ], [ 129.057251994708452, 35.145597512225081 ], [ 129.057251978974875, 35.145600604045285 ], [ 129.057251794345177, 35.145637924925012 ], [ 129.057251554606154, 35.145687217178128 ], [ 129.05725153240536, 35.145691352243269 ], [ 129.057250048120153, 35.145994434622679 ], [ 129.057245041406503, 35.147012522021249 ], [ 129.057245197913886, 35.1472417270477 ], [ 129.057245565132035, 35.147782132300186 ], [ 129.057245565288326, 35.147786057903332 ], [ 129.057245570131471, 35.147791266435711 ], [ 129.057245576472582, 35.147792809007022 ], [ 129.057245578870948, 35.147796045752145 ], [ 129.057245589284065, 35.147806673783997 ], [ 129.057245666460489, 35.147918394756125 ], [ 129.057246067314423, 35.148514534271669 ], [ 129.057246297968504, 35.148850853921147 ], [ 129.057225540664689, 35.149331164283872 ], [ 129.057224286971575, 35.149360078761461 ], [ 129.057222850332636, 35.149393506338882 ], [ 129.057205684823572, 35.149499605607069 ], [ 129.05720510245709, 35.1495032051021 ], [ 129.057203101309796, 35.149515591880835 ], [ 129.057197162224583, 35.149552327633423 ], [ 129.05716248616875, 35.149766705270821 ], [ 129.057149727445506, 35.149845586920996 ], [ 129.057024985094131, 35.15046580742284 ], [ 129.057024657374086, 35.150467447153048 ], [ 129.057063960354384, 35.150465680625885 ], [ 129.057126541398077, 35.150463183901415 ], [ 129.05722262869881, 35.150459349412557 ], [ 129.057349825510499, 35.150454273709499 ], [ 129.05751028700081, 35.150447800054813 ], [ 129.057655605852148, 35.150439755549996 ], [ 129.057680186542001, 35.150438198864933 ], [ 129.057859627104364, 35.150426841925835 ], [ 129.057997210582954, 35.150418133728728 ], [ 129.058002799858059, 35.150418052827391 ], [ 129.058250092480705, 35.150414437493993 ], [ 129.058459711888531, 35.150416135344706 ], [ 129.058609758414804, 35.150417349701421 ], [ 129.05885818462238, 35.150416421562731 ], [ 129.059197124722601, 35.150416551294548 ], [ 129.059310373321154, 35.150416593875946 ], [ 129.059909923112031, 35.150419402101683 ], [ 129.059939578061602, 35.150419541359121 ], [ 129.059968224087015, 35.15041967556958 ], [ 129.060134664406519, 35.150421813850748 ], [ 129.060331524465397, 35.150424648325071 ], [ 129.060656915850501, 35.150434361270861 ], [ 129.060969333348197, 35.150443687834958 ], [ 129.060993710598382, 35.150444415069117 ], [ 129.061536128448722, 35.150439703516895 ], [ 129.061558420911126, 35.15043163257301 ], [ 129.061579889207508, 35.150423861665402 ] ] ] } },
{ "type": "Feature", "properties": { "BASE_DATE": "20250630", "ADM_CD": "21050800", "ADM_NM": "당감1동" }, "geometry": { "type": "Polygon", "coordinates": [ [ [ 129.023885389383054, 35.171336928105219 ], [ 129.023994568479907, 35.171256419029994 ], [ 129.024226192307935, 35.171455510837866 ], [ 129.024715371423497, 35.171875982586172 ], [ 129.024956872313709, 35.171700668545192 ], [ 129.024673527389922, 35.171416304054169 ], [ 129.024383331736487, 35.171125061954278 ], [ 129.024515939716224, 35.171130355899649 ], [ 129.024719143945276, 35.170932982343125 ], [ 129.025130297491529, 35.170641360171537 ], [ 129.025270019157404, 35.170513115469149 ], [ 129.025500119422503, 35.170214947171381 ], [ 129.025511464185939, 35.170199315508349 ], [ 129.02570606407275, 35.169931125330976 ], [ 129.025794383905804, 35.169855672200669 ], [ 129.025846444945131, 35.169800075778205 ], [ 129.02604011976274, 35.169680381136985 ], [ 129.026147627565052, 35.169577183255107 ], [ 129.026490072215665, 35.169270209591296 ], [ 129.026796617797658, 35.169392964954284 ], [ 129.026869757254616, 35.169430263960187 ], [ 129.026991759288336, 35.169503563059209 ], [ 129.027017348138031, 35.169518935659262 ], [ 129.02707264985753, 35.169534407859707 ], [ 129.027082600478735, 35.169537192791388 ], [ 129.027084731661091, 35.169537777211204 ], [ 129.027085544317288, 35.169536786012543 ], [ 129.027284234506027, 35.169567028862176 ], [ 129.027318709861675, 35.16956938188148 ], [ 129.027323753973491, 35.169569726700132 ], [ 129.027334466438134, 35.169575847878797 ], [ 129.027336049126689, 35.169576752971537 ], [ 129.027374256992204, 35.169598557125951 ], [ 129.027407198952091, 35.169640914065972 ], [ 129.027523585503815, 35.169730122923454 ], [ 129.027626773443984, 35.16973911419344 ], [ 129.027641638125232, 35.169744504057931 ], [ 129.027673978696555, 35.169756229992565 ], [ 129.027750803012452, 35.169757803459277 ], [ 129.027804605316248, 35.169758906341215 ], [ 129.028265697596424, 35.169937273323995 ], [ 129.028309146260597, 35.169978355988306 ], [ 129.028316206273274, 35.169985032578346 ], [ 129.028384275412606, 35.170020171262756 ], [ 129.028414943474985, 35.170025302990368 ], [ 129.028438066509608, 35.17002917210548 ], [ 129.02847922244672, 35.170053759835291 ], [ 129.028479811614432, 35.170054086896982 ], [ 129.028582991928431, 35.17011567015193 ], [ 129.02860167563793, 35.170186872497084 ], [ 129.02869167012804, 35.170133672225845 ], [ 129.028729877827374, 35.170099187535875 ], [ 129.02876958420336, 35.17006334953367 ], [ 129.028773971745238, 35.170060996847873 ], [ 129.028803281075028, 35.170002818350355 ], [ 129.028930133346876, 35.169740610260071 ], [ 129.028946315388623, 35.169707160008514 ], [ 129.029075720898476, 35.169439682982073 ], [ 129.029147147315996, 35.169284941271648 ], [ 129.029180854586855, 35.169211920750989 ], [ 129.029254361910688, 35.169052695143321 ], [ 129.029277239863774, 35.169001685294639 ], [ 129.029361289995592, 35.168814327900769 ], [ 129.029497853732124, 35.168509905819228 ], [ 129.029566769478038, 35.168371156768849 ], [ 129.029588772418521, 35.168326854169464 ], [ 129.029732573281848, 35.168037363047922 ], [ 129.029749903734711, 35.168002477246212 ], [ 129.029751981999823, 35.167998303589947 ], [ 129.02976616219388, 35.167969741798089 ], [ 129.029843152950889, 35.167802811753702 ], [ 129.029932465108743, 35.167592870683897 ], [ 129.030027180012468, 35.167393421854285 ], [ 129.030052577834766, 35.167339941169615 ], [ 129.03096368360471, 35.167590117231171 ], [ 129.030968160663463, 35.167586634520248 ], [ 129.031019154507163, 35.16754711789995 ], [ 129.031108003909196, 35.167491174121828 ], [ 129.031111601073633, 35.16748889986718 ], [ 129.031188641645599, 35.167458550551743 ], [ 129.031241025552447, 35.167443347111316 ], [ 129.031358156246966, 35.167443314163521 ], [ 129.031432566025444, 35.167426202936504 ], [ 129.031435199695864, 35.167425597112683 ], [ 129.031506079780371, 35.167405342379546 ], [ 129.03155846609701, 35.167374991726135 ], [ 129.031644744607036, 35.167319342438454 ], [ 129.031694353647538, 35.167282473047031 ], [ 129.031709426220857, 35.167271267460386 ], [ 129.031652032938212, 35.167116076083161 ], [ 129.031649192360163, 35.167108400536286 ], [ 129.031647589343038, 35.167104069638988 ], [ 129.031632945868296, 35.16706450464482 ], [ 129.031610698971093, 35.167004391638365 ], [ 129.03148423564582, 35.166751517714872 ], [ 129.031429768357782, 35.166609451815575 ], [ 129.031394453166683, 35.166517337260004 ], [ 129.031384356499814, 35.166490999963024 ], [ 129.03138243315459, 35.166485979773569 ], [ 129.03142890984347, 35.166440354890568 ], [ 129.031459909061908, 35.166409926685176 ], [ 129.031500622070467, 35.166369961030234 ], [ 129.031522637272388, 35.166348351455873 ], [ 129.031706459190502, 35.166167902088446 ], [ 129.031847269546489, 35.166024369205587 ], [ 129.031885160306899, 35.165985743748571 ], [ 129.031943879676874, 35.165970317428673 ], [ 129.031949109759609, 35.165968939433171 ], [ 129.031956272794417, 35.165967063643009 ], [ 129.031963722090154, 35.165965113004411 ], [ 129.031989112439931, 35.165958442709488 ], [ 129.032039238276809, 35.165945252841759 ], [ 129.032248822025593, 35.165919906245442 ], [ 129.032269831069442, 35.165916491133899 ], [ 129.032512363500928, 35.16587705432309 ], [ 129.032529273163988, 35.16587430503337 ], [ 129.032661698888546, 35.165858095381076 ], [ 129.032674122325574, 35.165856576737902 ], [ 129.032686786244398, 35.165854591622747 ], [ 129.032695514582883, 35.165853223422616 ], [ 129.032710513577968, 35.165850872454733 ], [ 129.032738844374592, 35.165846436849819 ], [ 129.033199932762841, 35.165756314770334 ], [ 129.033208361619046, 35.16575466902227 ], [ 129.033214337356071, 35.16575154593427 ], [ 129.03328297432779, 35.165715485404263 ], [ 129.03330363597226, 35.165704624509871 ], [ 129.033362499617851, 35.165673691597327 ], [ 129.033470346194719, 35.165597786497436 ], [ 129.033559715803818, 35.165554779679852 ], [ 129.033658318174247, 35.165516810390237 ], [ 129.03388020462944, 35.165458587585704 ], [ 129.033950699537456, 35.165434667672365 ], [ 129.034007364768087, 35.165415432730946 ], [ 129.03400855613188, 35.165415028146306 ], [ 129.034011650168935, 35.165413274998549 ], [ 129.03413797222521, 35.165341643359419 ], [ 129.034371513505789, 35.1652232735116 ], [ 129.034387568409471, 35.165215128740691 ], [ 129.034568250018793, 35.165118880166517 ], [ 129.034615589601458, 35.165093662808566 ], [ 129.034811947038207, 35.164983737090871 ], [ 129.034817843476759, 35.164980431902976 ], [ 129.034818952795177, 35.164979810160588 ], [ 129.034821067453237, 35.164979109860901 ], [ 129.034848761062051, 35.164969768969868 ], [ 129.034850931125476, 35.164969037312787 ], [ 129.034967563890973, 35.164929791711984 ], [ 129.034976833123721, 35.164926657453364 ], [ 129.035141618386604, 35.164871177425653 ], [ 129.035171126792989, 35.164861250855033 ], [ 129.03519491158707, 35.164853250534946 ], [ 129.035373651776865, 35.164795045363363 ], [ 129.03541281964516, 35.164783590674737 ], [ 129.035532176200917, 35.164748684616413 ], [ 129.035585612726351, 35.164736404323065 ], [ 129.035590897169328, 35.164735180559404 ], [ 129.03559134537096, 35.164735076601453 ], [ 129.035609229396755, 35.164730970231872 ], [ 129.035713368495067, 35.164722992363167 ], [ 129.035741746743383, 35.164720818500342 ], [ 129.035828175134327, 35.164708181078737 ], [ 129.035840009143755, 35.164706450496382 ], [ 129.035880441663295, 35.164700538946356 ], [ 129.036010335008257, 35.164652039575877 ], [ 129.03601602739019, 35.164649914420373 ], [ 129.036207083053966, 35.164584111762231 ], [ 129.036330359218709, 35.164576496520532 ], [ 129.036401242419402, 35.164566352274669 ], [ 129.036534556371151, 35.164580706141983 ], [ 129.036648592087658, 35.164580669523268 ], [ 129.036659225862934, 35.164578172393334 ], [ 129.036713313013024, 35.164565474921666 ], [ 129.03682426483627, 35.164567960297802 ], [ 129.036826221237902, 35.16456672821861 ], [ 129.036863606471286, 35.164543176248081 ], [ 129.036872628885106, 35.164537492520893 ], [ 129.03689528736399, 35.164523213828573 ], [ 129.036905069174253, 35.164517043511445 ], [ 129.036956757802102, 35.164484479648443 ], [ 129.037034524341351, 35.164472846584786 ], [ 129.03705844914586, 35.164469268322897 ], [ 129.037340617599824, 35.164457282322978 ], [ 129.037397026257452, 35.164454885722584 ], [ 129.037588748527611, 35.164446740281733 ], [ 129.037597792689382, 35.164446355885381 ], [ 129.037603880846149, 35.164443794662176 ], [ 129.037724136138962, 35.164393196061596 ], [ 129.037734792841576, 35.164390928457138 ], [ 129.037775508072855, 35.164382262779483 ], [ 129.038076155732824, 35.164318343068068 ], [ 129.038139275961981, 35.164316938316546 ], [ 129.038246057080016, 35.164314562489338 ], [ 129.038246865312829, 35.164314628861312 ], [ 129.038281470969906, 35.164317475719415 ], [ 129.038347083317859, 35.164322822916837 ], [ 129.038360947621157, 35.164323965877848 ], [ 129.038381969311985, 35.164325688725732 ], [ 129.038430419948952, 35.164305161280936 ], [ 129.038447049272037, 35.164298107743591 ], [ 129.038452189341541, 35.164295926377335 ], [ 129.038459533686222, 35.164290519003721 ], [ 129.038517858456345, 35.164247574712938 ], [ 129.038623687277891, 35.164190748037882 ], [ 129.038649362947865, 35.164176960839235 ], [ 129.038655436758063, 35.164173699195544 ], [ 129.038709213437158, 35.164160871344585 ], [ 129.038714787869708, 35.164159542781199 ], [ 129.038836594250768, 35.16413049167992 ], [ 129.038977317975366, 35.164100452654509 ], [ 129.03906157699717, 35.164082467812776 ], [ 129.039518733338838, 35.163988411952495 ], [ 129.039507887730082, 35.164034649087633 ], [ 129.039503285039643, 35.164054270707751 ], [ 129.03950235966002, 35.164058182831425 ], [ 129.039355482812027, 35.164684486138313 ], [ 129.039354177875566, 35.164690047619722 ], [ 129.039350807769608, 35.164704350302422 ], [ 129.039348261704191, 35.164715247051859 ], [ 129.039183936795894, 35.165415859797278 ], [ 129.039183085478072, 35.165419508608643 ], [ 129.039182902537476, 35.165420288120494 ], [ 129.039180721021069, 35.165429557336687 ], [ 129.039180276733333, 35.1654314419361 ], [ 129.039178937477232, 35.165437164337831 ], [ 129.039178219226585, 35.165440300245784 ], [ 129.039095549151284, 35.165797224916226 ], [ 129.039094994842856, 35.165799622125682 ], [ 129.039093965136203, 35.165804059406263 ], [ 129.039040625601785, 35.166034333750886 ], [ 129.039039590554069, 35.166038779213274 ], [ 129.039038967221757, 35.166041475732101 ], [ 129.039037025974267, 35.166049862823328 ], [ 129.038991165972419, 35.166247826707185 ], [ 129.038988808274325, 35.166258003373429 ], [ 129.038978178693469, 35.166303905915676 ], [ 129.038939522112855, 35.166470809779383 ], [ 129.038898779839968, 35.166646718351394 ], [ 129.038894242197671, 35.166666310266294 ], [ 129.038893253892951, 35.166670556779323 ], [ 129.038854918622405, 35.166836058133079 ], [ 129.038822065188612, 35.16697789111165 ], [ 129.038814511959799, 35.167010508112249 ], [ 129.038810319477307, 35.167028607983319 ], [ 129.038809305793848, 35.167032964814268 ], [ 129.038747663240287, 35.167299090587541 ], [ 129.038773661440985, 35.167300797915502 ], [ 129.038784159009879, 35.167301487710809 ], [ 129.038808492828394, 35.167303086345932 ], [ 129.038806452138118, 35.167306664612695 ], [ 129.038834184992709, 35.16732007621291 ], [ 129.038847238003143, 35.167326500224412 ], [ 129.038943076463482, 35.167398777130813 ], [ 129.038972057781706, 35.167430775729784 ], [ 129.039052764336589, 35.167464552280613 ], [ 129.039083814116196, 35.167477547504653 ], [ 129.039118660592749, 35.16750108116257 ], [ 129.039132453209817, 35.167512198534958 ], [ 129.039165384742887, 35.16751731771307 ], [ 129.039236243661861, 35.167545966513735 ], [ 129.039278459877011, 35.167595132966511 ], [ 129.03933372004451, 35.167622857454731 ], [ 129.039374966126928, 35.167637735399445 ], [ 129.039415442625199, 35.167652792614113 ], [ 129.039449233898154, 35.167663500677946 ], [ 129.039518365526334, 35.167683217388976 ], [ 129.039606314848157, 35.167694222432395 ], [ 129.039618171617946, 35.167695777551195 ], [ 129.039649037596547, 35.167702625091088 ], [ 129.039655106270317, 35.167703971583407 ], [ 129.039659024982655, 35.167701002357809 ], [ 129.0396659857457, 35.16769573773329 ], [ 129.039675970048279, 35.167694184461716 ], [ 129.03978611635759, 35.167677188132167 ], [ 129.039793913485937, 35.167606978108587 ], [ 129.039795518508726, 35.167576335465576 ], [ 129.039796813454757, 35.167551667217332 ], [ 129.039797787341286, 35.167533206118655 ], [ 129.039798770056223, 35.167514572700412 ], [ 129.039846552122924, 35.167437661161358 ], [ 129.03986691218546, 35.167404891193165 ], [ 129.039907690818239, 35.167339254030658 ], [ 129.040033701289531, 35.167249827903156 ], [ 129.040075225515437, 35.167227290723034 ], [ 129.040095655026249, 35.167216201719988 ], [ 129.040199137360702, 35.167160043637701 ], [ 129.040295770087852, 35.16706562175267 ], [ 129.040405878039309, 35.16698825814904 ], [ 129.040458267805889, 35.166954500071128 ], [ 129.040514075800502, 35.166918545451423 ], [ 129.040595033339429, 35.16692097876691 ], [ 129.040604809741382, 35.166921273657429 ], [ 129.04074176600642, 35.16692539643153 ], [ 129.040906367773346, 35.166922519767731 ], [ 129.040913730562011, 35.166922392733419 ], [ 129.040917993681461, 35.166922318659282 ], [ 129.040963177204276, 35.166722484677763 ], [ 129.041021650985613, 35.1666619324848 ], [ 129.041048039966569, 35.166634607965833 ], [ 129.041058819714294, 35.166562218594031 ], [ 129.041048528434118, 35.166522823015676 ], [ 129.041084651668683, 35.166413675363188 ], [ 129.04107831311407, 35.166410649071949 ], [ 129.041069958070324, 35.1664066584718 ], [ 129.04105427773527, 35.166399717246314 ], [ 129.041036131745614, 35.166394541184452 ], [ 129.041009999824723, 35.16638707205626 ], [ 129.041121227446411, 35.166081750663203 ], [ 129.041063403245488, 35.166049272061095 ], [ 129.041102055022492, 35.165927040537753 ], [ 129.041076025117093, 35.165919849622043 ], [ 129.041118522811388, 35.165865862412311 ], [ 129.041154130211282, 35.165820630930575 ], [ 129.041164958754649, 35.165809369994498 ], [ 129.041176394475002, 35.165785541921643 ], [ 129.04124541030103, 35.165802095395605 ], [ 129.04139200969658, 35.165836498794796 ], [ 129.041409779521729, 35.165840772574036 ], [ 129.041503928452784, 35.165864872571021 ], [ 129.041599501603713, 35.165888978709553 ], [ 129.041691394839916, 35.165930670606514 ], [ 129.041715934730661, 35.165881261136384 ], [ 129.041730119117318, 35.16584193723989 ], [ 129.04173521605631, 35.16582787398324 ], [ 129.041748082734159, 35.165789356667361 ], [ 129.041752609811425, 35.16579140339455 ], [ 129.041785369172544, 35.165806217254186 ], [ 129.041788442483238, 35.165808027330883 ], [ 129.041770872809593, 35.16585966431964 ], [ 129.041793991912584, 35.165889238509571 ], [ 129.041778344190647, 35.165964633665048 ], [ 129.041768719377274, 35.166006270755268 ], [ 129.042054269185854, 35.166055846595199 ], [ 129.042069274794756, 35.166058453233525 ], [ 129.042092474953364, 35.166062481055931 ], [ 129.042289324405687, 35.166096654676842 ], [ 129.042434784627034, 35.166121907356093 ], [ 129.042505323732058, 35.16613415265445 ], [ 129.042518604684716, 35.16608590433556 ], [ 129.042519590149112, 35.166083145485281 ], [ 129.042527054993514, 35.166062266534361 ], [ 129.042532096432723, 35.166047654873495 ], [ 129.04254341346612, 35.166027270529966 ], [ 129.042571310207222, 35.165928961778199 ], [ 129.042599697712092, 35.165845710844025 ], [ 129.042634638551192, 35.165741168798696 ], [ 129.042638416215169, 35.165729812709074 ], [ 129.042679003661249, 35.165607770637351 ], [ 129.042749580454682, 35.165398833612059 ], [ 129.042774486852807, 35.165325101078899 ], [ 129.042805647639966, 35.16523517983088 ], [ 129.042840228288952, 35.165137867802592 ], [ 129.042872808786313, 35.165037669949129 ], [ 129.042888593571575, 35.164989120110235 ], [ 129.042923541865747, 35.164881638638292 ], [ 129.042929252880583, 35.164864061154113 ], [ 129.042933266329186, 35.16485170667525 ], [ 129.042975235711708, 35.164722540415333 ], [ 129.04298658771674, 35.164687284451844 ], [ 129.042981599329806, 35.164686330986932 ], [ 129.042925007438612, 35.164680361989632 ], [ 129.042871544087319, 35.164674710149683 ], [ 129.042750267620761, 35.164661910385355 ], [ 129.042597205426773, 35.164628335646348 ], [ 129.042596764398837, 35.16462823757842 ], [ 129.042590514200441, 35.164626861986257 ], [ 129.042586535155436, 35.164625984007358 ], [ 129.042572396566129, 35.164622880419849 ], [ 129.042581946087893, 35.164606003299767 ], [ 129.042584954140466, 35.164600755493588 ], [ 129.042692060372531, 35.164413935820455 ], [ 129.042696237645345, 35.164406649909161 ], [ 129.042703452731359, 35.164391391148023 ], [ 129.0427225690527, 35.164351000826457 ], [ 129.042728434936976, 35.164338599316466 ], [ 129.042753851610428, 35.164284862469387 ], [ 129.042757578872511, 35.164277003455233 ], [ 129.04279799751049, 35.164230930324521 ], [ 129.042963030822932, 35.164139022397123 ], [ 129.043014994626304, 35.164119307610832 ], [ 129.043115869599376, 35.164081024039724 ], [ 129.043158501908493, 35.164064848783525 ], [ 129.043180974202784, 35.164051009483373 ], [ 129.043239072613602, 35.164015229115435 ], [ 129.043255844962431, 35.164004904769371 ], [ 129.043304374723107, 35.163976962257728 ], [ 129.043374524640825, 35.163936572514253 ], [ 129.043434461849387, 35.163903403123477 ], [ 129.043465178316978, 35.163882761565539 ], [ 129.043479224382622, 35.163873305017432 ], [ 129.043487794524765, 35.163865620487677 ], [ 129.043504524505494, 35.163850617298657 ], [ 129.04350677662174, 35.16384859784646 ], [ 129.043530555156394, 35.163840559015249 ], [ 129.043537055110448, 35.163838362809656 ], [ 129.043547881723669, 35.163834699545482 ], [ 129.043570499558314, 35.163827057780594 ], [ 129.043585428842078, 35.163806938359691 ], [ 129.043620730370833, 35.163759292852752 ], [ 129.04363719613221, 35.163737166698219 ], [ 129.043640673607428, 35.16373247909398 ], [ 129.043641086845327, 35.16373192023962 ], [ 129.043693762262023, 35.163707588876534 ], [ 129.043713525975591, 35.163698465152798 ], [ 129.043748420775358, 35.16367351287365 ], [ 129.043783227044685, 35.163648641054586 ], [ 129.043815706441563, 35.163616838465707 ], [ 129.04385382579656, 35.163579514655837 ], [ 129.043893444237284, 35.16352275648476 ], [ 129.043930913920093, 35.163469073128759 ], [ 129.043948078050022, 35.163428837335104 ], [ 129.043971125016668, 35.163374787835025 ], [ 129.043977546115883, 35.163359710426782 ], [ 129.043978502795397, 35.163357465848435 ], [ 129.043980667521282, 35.163352392851415 ], [ 129.043982900898129, 35.16335025461705 ], [ 129.044007167347047, 35.163327148101594 ], [ 129.044015083556872, 35.163319608014348 ], [ 129.044023189630138, 35.16331188969253 ], [ 129.044061436671001, 35.163275466701165 ], [ 129.04414557196327, 35.163218522312093 ], [ 129.044177911274033, 35.163211789741169 ], [ 129.0442133695378, 35.163204406106153 ], [ 129.044235878245587, 35.163199715674097 ], [ 129.044264452203578, 35.16319376589805 ], [ 129.044331307943082, 35.163179835645252 ], [ 129.044340604748356, 35.163177899463832 ], [ 129.044517073707596, 35.16317420309084 ], [ 129.044578915836126, 35.163172905960757 ], [ 129.044593266552027, 35.16317260574403 ], [ 129.044824790658396, 35.163150334228909 ], [ 129.044935066141051, 35.163137938867493 ], [ 129.044951861207608, 35.163136498451138 ], [ 129.044953597487449, 35.163136349177165 ], [ 129.044992050144458, 35.163133053782495 ], [ 129.044996385244531, 35.163132674807052 ], [ 129.044997561543767, 35.163132581362355 ], [ 129.045003266835579, 35.163132085731668 ], [ 129.045004967743779, 35.16312815105384 ], [ 129.045007689938302, 35.163121848346933 ], [ 129.045009444439387, 35.16311778676021 ], [ 129.045023162284224, 35.163086003181952 ], [ 129.045020076902205, 35.163072176701377 ], [ 129.045005927965803, 35.163008731570635 ], [ 129.045000566595462, 35.162984456528427 ], [ 129.044960037588908, 35.162800773968698 ], [ 129.044959943253446, 35.162800372152958 ], [ 129.044599991900981, 35.162712462450315 ], [ 129.044489971381637, 35.162685592797374 ], [ 129.044487927468737, 35.162685091419512 ], [ 129.044277689081895, 35.162633747722502 ], [ 129.044267350592264, 35.162631221593983 ], [ 129.04402988369921, 35.162573226329677 ], [ 129.0437711303112, 35.162510032748045 ], [ 129.043765888844661, 35.162508752550373 ], [ 129.043761668534643, 35.162507709984482 ], [ 129.043756672176841, 35.162506502397491 ], [ 129.042973404494234, 35.162285721643208 ], [ 129.042971470559337, 35.162285171053149 ], [ 129.04296955873059, 35.162284628295943 ], [ 129.042963017741982, 35.162282786686383 ], [ 129.042531692257143, 35.162161200566644 ], [ 129.042473182988857, 35.16214470692514 ], [ 129.042392271655501, 35.162127609543404 ], [ 129.042353673051423, 35.162091061156424 ], [ 129.042334572733751, 35.162072974663765 ], [ 129.04220979022395, 35.162013247816681 ], [ 129.042207830416402, 35.162012721887152 ], [ 129.04205498377911, 35.161971736917522 ], [ 129.041933337562, 35.161943783129658 ], [ 129.041818765732216, 35.16188857728725 ], [ 129.041631518716713, 35.161806335652507 ], [ 129.041563709737346, 35.161764429061364 ], [ 129.041510088218018, 35.16171078774736 ], [ 129.0414516495415, 35.161721046157176 ], [ 129.04142416895715, 35.16166588380009 ], [ 129.041407938718407, 35.161650350052803 ], [ 129.041387656265897, 35.161629761156156 ], [ 129.04134442903802, 35.161597604472895 ], [ 129.041318310384298, 35.16158342634256 ], [ 129.041300358096436, 35.161572807527349 ], [ 129.041243478990879, 35.161539160156998 ], [ 129.04117037854212, 35.161514476492499 ], [ 129.04111899113218, 35.161502181423387 ], [ 129.041000276851236, 35.161499227971056 ], [ 129.040952170606687, 35.161501631497011 ], [ 129.040920435030955, 35.16149268194453 ], [ 129.040843553732714, 35.161494897009341 ], [ 129.040794010050718, 35.161501999914506 ], [ 129.04077477443613, 35.161514082738961 ], [ 129.040184752152868, 35.161394077617494 ], [ 129.040164199814143, 35.161472584234119 ], [ 129.040126978960501, 35.161401081131075 ], [ 129.040126422130754, 35.161400313728819 ], [ 129.040112182796435, 35.161380768472512 ], [ 129.04007957656205, 35.161375245966632 ], [ 129.040048666754871, 35.161335433507972 ], [ 129.040024633784213, 35.161320523516302 ], [ 129.040002182373655, 35.161355260374926 ], [ 129.039990397190905, 35.161376554761802 ], [ 129.039991672621255, 35.161405072683543 ], [ 129.04004620101486, 35.161503384219415 ], [ 129.040049056450329, 35.161508556511279 ], [ 129.040061098951952, 35.161530375616231 ], [ 129.040048188199933, 35.161558355328346 ], [ 129.040037488301948, 35.161581543725887 ], [ 129.040033083441983, 35.16159108917202 ], [ 129.040026955162773, 35.161604376571276 ], [ 129.040026338819217, 35.161605693544793 ], [ 129.040024720213921, 35.161614645468227 ], [ 129.040023615496096, 35.161618709544001 ], [ 129.040019001314818, 35.16161843371416 ], [ 129.040003691736274, 35.1616449634787 ], [ 129.039923862109674, 35.161707904585334 ], [ 129.039890561271363, 35.161725761480838 ], [ 129.039854911784175, 35.16176183549269 ], [ 129.039828471299018, 35.161820847476633 ], [ 129.039763338845916, 35.161824780630852 ], [ 129.039703594048149, 35.161754348131637 ], [ 129.039599632339218, 35.161730738337027 ], [ 129.039603499395355, 35.161714674794077 ], [ 129.039628737893622, 35.161658288295079 ], [ 129.039663780654195, 35.161581867821582 ], [ 129.039665683580182, 35.161558757920155 ], [ 129.039669921115348, 35.161520412696994 ], [ 129.039661563496651, 35.161469016293573 ], [ 129.039661215892181, 35.161466883897539 ], [ 129.039688552066906, 35.161395279501278 ], [ 129.039688907711053, 35.161394343617751 ], [ 129.039696735121424, 35.161374042653435 ], [ 129.039671166286922, 35.161361755963057 ], [ 129.039682524428343, 35.161331431103513 ], [ 129.039746699415986, 35.161307011174131 ], [ 129.039841777483844, 35.161321240741842 ], [ 129.039858704540677, 35.161319710999798 ], [ 129.039600826301864, 35.161257022909183 ], [ 129.039531821667794, 35.161209966836431 ], [ 129.039049830690175, 35.161097376351009 ], [ 129.038600737212334, 35.160982167918952 ], [ 129.038425302190774, 35.160935837393922 ], [ 129.038427476755288, 35.160920486915572 ], [ 129.038228425253322, 35.160871590742765 ], [ 129.038026071612535, 35.160821882345033 ], [ 129.037935554334922, 35.160797818174622 ], [ 129.03793019378594, 35.16083627047631 ], [ 129.037900195224296, 35.160878382382869 ], [ 129.037872153661539, 35.160909095626039 ], [ 129.037817053493114, 35.160894555291421 ], [ 129.037199614562695, 35.160731611706076 ], [ 129.037196130382341, 35.160730705627181 ], [ 129.037070792902369, 35.160698126112138 ], [ 129.037015182903986, 35.160683665810105 ], [ 129.036531291614409, 35.160557841957328 ], [ 129.03629689474451, 35.160430321540673 ], [ 129.036196133236359, 35.160350111086885 ], [ 129.035802360071187, 35.160036647712474 ], [ 129.035679961557435, 35.159939213603181 ], [ 129.035277581152457, 35.159886546506947 ], [ 129.035241713159536, 35.159881620321222 ], [ 129.035237059262641, 35.159880977855472 ], [ 129.035228197358492, 35.159879759400773 ], [ 129.034525990103731, 35.159783218784959 ], [ 129.034478357637852, 35.1597766706508 ], [ 129.033962998000504, 35.159644922867983 ], [ 129.033944910446422, 35.159640299462787 ], [ 129.033538622636343, 35.159536440202203 ], [ 129.033160699285673, 35.159435386097059 ], [ 129.033152049678904, 35.15943307385303 ], [ 129.032526443758854, 35.159265788903063 ], [ 129.032517726860334, 35.159263457629109 ], [ 129.032023401506621, 35.159131271269828 ], [ 129.031966899986202, 35.159292394205494 ], [ 129.031861990636372, 35.159339921367334 ], [ 129.031854864087194, 35.159360925263073 ], [ 129.031735017259081, 35.159704623872251 ], [ 129.031717152646479, 35.159755857520196 ], [ 129.031671025627645, 35.159888142732612 ], [ 129.031662949176848, 35.159911305363927 ], [ 129.031620455808678, 35.160033158951677 ], [ 129.031593055814454, 35.160111730082534 ], [ 129.031570717222564, 35.160175790696698 ], [ 129.03154516459341, 35.160249076656029 ], [ 129.031366635947109, 35.160761057802752 ], [ 129.031365074129326, 35.16076553421108 ], [ 129.031359069846218, 35.16078275605588 ], [ 129.031316104033266, 35.160905398103466 ], [ 129.031300518957892, 35.160949881359436 ], [ 129.03129481883505, 35.16096628700425 ], [ 129.031151183687683, 35.161377160928211 ], [ 129.031121031595688, 35.161463878529759 ], [ 129.031110959011528, 35.161492847484098 ], [ 129.030965842029332, 35.161910217983824 ], [ 129.0308606375892, 35.162212796583198 ], [ 129.030833902990651, 35.162289687538632 ], [ 129.030766615951876, 35.16248322297092 ], [ 129.030754871062129, 35.162516998778841 ], [ 129.03075448878181, 35.162518100870351 ], [ 129.030742734321109, 35.162584174295603 ], [ 129.030739042987506, 35.162604905698913 ], [ 129.030738593715569, 35.162608701748091 ], [ 129.030735573785392, 35.16263420951384 ], [ 129.030734665379356, 35.162641861243088 ], [ 129.030731875631886, 35.162675375107085 ], [ 129.030726359875501, 35.162741644676039 ], [ 129.030726830999299, 35.162759988301993 ], [ 129.03072702811761, 35.162767694581873 ], [ 129.030727472675522, 35.162782745861399 ], [ 129.03072952549681, 35.162816007382929 ], [ 129.030730231344194, 35.162827542685086 ], [ 129.030733979834508, 35.16287242978256 ], [ 129.0307384961487, 35.162917043905445 ], [ 129.030744877272639, 35.162961569544102 ], [ 129.030745814505849, 35.162967055720763 ], [ 129.030730226408195, 35.162969055945766 ], [ 129.03076108770864, 35.163049369081854 ], [ 129.030761264691137, 35.163050259439586 ], [ 129.030771268828062, 35.163094425526403 ], [ 129.030781931469647, 35.163138226251625 ], [ 129.03079445846015, 35.163182030461066 ], [ 129.030807755987666, 35.163225471498812 ], [ 129.030822370386147, 35.163268643439963 ], [ 129.030676978409105, 35.163296615021856 ], [ 129.030543265664249, 35.163322339896304 ], [ 129.030364685668388, 35.163323016775109 ], [ 129.030328277776363, 35.163324383805822 ], [ 129.030302117168617, 35.163326531983017 ], [ 129.030101242521283, 35.163343023102414 ], [ 129.02990480329251, 35.163359156726614 ], [ 129.029875481113521, 35.163361564739482 ], [ 129.029841655533346, 35.163364339780749 ], [ 129.029784679838428, 35.163371725922381 ], [ 129.029814635187563, 35.163532438355531 ], [ 129.029792609936266, 35.163641778977606 ], [ 129.029749843529032, 35.163757972332036 ], [ 129.029613455979984, 35.163997142117189 ], [ 129.029515840605399, 35.164168323956176 ], [ 129.029429531281494, 35.164319681692447 ], [ 129.029375380234342, 35.164406772227757 ], [ 129.02937314414288, 35.164410370841026 ], [ 129.029172827570136, 35.164732209088683 ], [ 129.028814080519368, 35.16530857901482 ], [ 129.028682151242009, 35.165520544894953 ], [ 129.028658863377217, 35.165557956324193 ], [ 129.028642680859775, 35.165583955645907 ], [ 129.028622096207386, 35.165617030464794 ], [ 129.028577151271719, 35.165689237879192 ], [ 129.028499789918158, 35.165813527481596 ], [ 129.028487171895904, 35.165833810668332 ], [ 129.028427742391301, 35.165819653421806 ], [ 129.028090232325042, 35.165739256316265 ], [ 129.027835961204318, 35.165723894525854 ], [ 129.027589490075655, 35.165709003640728 ], [ 129.027027138051494, 35.165675024830513 ], [ 129.026977858842571, 35.165672048698731 ], [ 129.026960515646209, 35.165670997882962 ], [ 129.026960063806655, 35.165520921446486 ], [ 129.026958864601852, 35.165127909977315 ], [ 129.026956759880164, 35.164437922864536 ], [ 129.026956235035698, 35.164265965221333 ], [ 129.026566591999824, 35.164239268164813 ], [ 129.026516110224179, 35.16430078840844 ], [ 129.026416548954785, 35.164422148590532 ], [ 129.026289007730071, 35.164435181092017 ], [ 129.025184196190139, 35.164566828995781 ], [ 129.025154944088399, 35.164570316922955 ], [ 129.025096016945156, 35.164577339555819 ], [ 129.023193479298214, 35.164805061276887 ], [ 129.022587073673236, 35.164854320565674 ], [ 129.022525234333557, 35.164859340919364 ], [ 129.021853045757837, 35.164870668576746 ], [ 129.020841626194141, 35.164934687163665 ], [ 129.020348739954073, 35.164964169202563 ], [ 129.020141083159274, 35.164978575949149 ], [ 129.019319505838041, 35.165038164977055 ], [ 129.019048940976433, 35.165057789484074 ], [ 129.018896515147475, 35.165068843437169 ], [ 129.018782399702985, 35.165096648414725 ], [ 129.018063023061075, 35.16527185576998 ], [ 129.017191056721117, 35.16548663705926 ], [ 129.017142277747809, 35.165505604005901 ], [ 129.017121207550588, 35.16551379671084 ], [ 129.016563255874644, 35.165644635202639 ], [ 129.016154095509933, 35.165742465163561 ], [ 129.015501825922343, 35.165904669028222 ], [ 129.014185608094408, 35.166214781094602 ], [ 129.012902410493979, 35.166522830973193 ], [ 129.012901592825614, 35.166523026017543 ], [ 129.012900600113852, 35.16652538892199 ], [ 129.012889861012752, 35.166550349872978 ], [ 129.012666412190441, 35.167069710766221 ], [ 129.012539457173858, 35.169008363867327 ], [ 129.01209585584445, 35.169575183817471 ], [ 129.011043873949745, 35.170813849872751 ], [ 129.011035704710935, 35.17082346741347 ], [ 129.01105540202326, 35.170906112287071 ], [ 129.011150179099729, 35.171303798501576 ], [ 129.011014919622284, 35.171695826530282 ], [ 129.010983831143989, 35.171784792391684 ], [ 129.010962457890059, 35.171847876173395 ], [ 129.010501196021693, 35.173184773853933 ], [ 129.010570281808327, 35.17355941914861 ], [ 129.010572404382316, 35.173570934208769 ], [ 129.011528724155625, 35.174036940235396 ], [ 129.011771577250414, 35.174644882496175 ], [ 129.01180592955393, 35.174730869536795 ], [ 129.012584528694674, 35.175517789665221 ], [ 129.012759190666202, 35.175778882136761 ], [ 129.012814115531029, 35.175860978377621 ], [ 129.012833452785628, 35.175889885910188 ], [ 129.013127261185986, 35.176329072286443 ], [ 129.014465523897201, 35.17674738006707 ], [ 129.015774777776159, 35.177957820562021 ], [ 129.01638091203921, 35.178518190018444 ], [ 129.016515699486632, 35.178787835506384 ], [ 129.01672592594764, 35.179208392415106 ], [ 129.016900221852325, 35.179557069106743 ], [ 129.017685670248028, 35.17985625824118 ], [ 129.0179954031656, 35.179971653600717 ], [ 129.018763236275618, 35.180266708871763 ], [ 129.019271688479705, 35.180460374651389 ], [ 129.019275385669914, 35.180461774448219 ], [ 129.019284169197903, 35.180451415649848 ], [ 129.019332320333859, 35.180394614186866 ], [ 129.019523271324744, 35.180169345718411 ], [ 129.019782542205718, 35.179902353176416 ], [ 129.019925832572994, 35.179751581775228 ], [ 129.020796222965799, 35.179228714622162 ], [ 129.020968222700475, 35.179107969316966 ], [ 129.021412152427075, 35.178800156982049 ], [ 129.021378638505183, 35.178405611634822 ], [ 129.021307483318878, 35.177567927215499 ], [ 129.021606465835276, 35.175772402198682 ], [ 129.021903759239649, 35.175750791124592 ], [ 129.022111300221241, 35.175642439222671 ], [ 129.022011456041866, 35.175286476169369 ], [ 129.021963054139917, 35.175067383709404 ], [ 129.02196129997202, 35.175035016310247 ], [ 129.021910405651198, 35.174979682147239 ], [ 129.021083672108716, 35.173825420883382 ], [ 129.021389729319338, 35.173475420200177 ], [ 129.021722931172491, 35.173087945756208 ], [ 129.02210073333282, 35.172253187099109 ], [ 129.0221221101244, 35.172205949027457 ], [ 129.022169399716205, 35.172173381752131 ], [ 129.022425242040299, 35.17199718827748 ], [ 129.022588894212987, 35.171884481672265 ], [ 129.022855374581553, 35.171655174925313 ], [ 129.023130362316181, 35.171409336872166 ], [ 129.023556386176551, 35.171360722543703 ], [ 129.023885389383054, 35.171336928105219 ] ] ] } },
{ "type": "Feature", "properties": { "BASE_DATE": "20250630", "ADM_CD": "21050810", "ADM_NM": "가야1동" }, "geometry": { "type": "Polygon", "coordinates": [ [ [ 129.045910438428507, 35.156621450472109 ], [ 129.045899168711912, 35.156507591209987 ], [ 129.045792112318537, 35.156542845337853 ], [ 129.045782319648907, 35.156519054216155 ], [ 129.045782671427474, 35.156518963172488 ], [ 129.045855833520932, 35.156498799979772 ], [ 129.045855801516979, 35.156498501053889 ], [ 129.045848398518331, 35.156432164953188 ], [ 129.045846447130202, 35.156414671586688 ], [ 129.045843545076053, 35.156388709814664 ], [ 129.04583882612107, 35.156346443985271 ], [ 129.045836779110743, 35.156315193279561 ], [ 129.045835087408904, 35.156292741353312 ], [ 129.045833010034443, 35.156265223697609 ], [ 129.045825714677221, 35.1561705729791 ], [ 129.045825009754026, 35.156161399083352 ], [ 129.045824774536527, 35.156158424970883 ], [ 129.045823469796062, 35.156143543427774 ], [ 129.045823163172372, 35.156140044588255 ], [ 129.045822091860231, 35.156127868500803 ], [ 129.045821253430205, 35.156118369024526 ], [ 129.04581784170631, 35.156057229348974 ], [ 129.045817366927196, 35.15604873052628 ], [ 129.045813360528911, 35.155976932399355 ], [ 129.045803084993423, 35.155811220588518 ], [ 129.045800564352845, 35.155774779046595 ], [ 129.045799716427297, 35.155750155192074 ], [ 129.045791318893464, 35.155626546209277 ], [ 129.04578906115708, 35.155593265058606 ], [ 129.045789040476564, 35.155592926317361 ], [ 129.045786143854087, 35.155551465803661 ], [ 129.045779049702503, 35.155449686181285 ], [ 129.045772293064175, 35.155357679303265 ], [ 129.045763909841213, 35.155233196467783 ], [ 129.045761308340929, 35.155208842029076 ], [ 129.04575813701652, 35.155176186529744 ], [ 129.045721788991131, 35.155169482562862 ], [ 129.045713621341463, 35.155167977413846 ], [ 129.045713572863917, 35.155155724257028 ], [ 129.04571344617608, 35.155123785453512 ], [ 129.045713121606269, 35.155040708978724 ], [ 129.045713109520364, 35.155038097170021 ], [ 129.045828488774532, 35.155035631240509 ], [ 129.045831236582984, 35.155035572732515 ], [ 129.045881839147341, 35.154922726155974 ], [ 129.045900253068254, 35.154881667178444 ], [ 129.045908378650296, 35.154863543910288 ], [ 129.045910784488257, 35.154858176579673 ], [ 129.045914191103805, 35.154850582123807 ], [ 129.045915032701885, 35.154848703248163 ], [ 129.04596365598573, 35.154837753860605 ], [ 129.045942529034647, 35.15476716148887 ], [ 129.045927290813751, 35.154770607168096 ], [ 129.045916807718385, 35.154758415051077 ], [ 129.045914037276447, 35.154755246087454 ], [ 129.045910679000343, 35.154751412025021 ], [ 129.045920429206262, 35.154738330560058 ], [ 129.045926554778532, 35.154732402741182 ], [ 129.045944133721946, 35.154715391324295 ], [ 129.045949015085768, 35.154710197064588 ], [ 129.045949808567258, 35.154710242837631 ], [ 129.045957722988391, 35.154702312252475 ], [ 129.045990598361954, 35.154725604106254 ], [ 129.045994362696405, 35.154728270809244 ], [ 129.046198435432672, 35.154643547498601 ], [ 129.046136194432677, 35.154598767396202 ], [ 129.046136517207145, 35.154598304357044 ], [ 129.046146310746025, 35.154584208912027 ], [ 129.046173791298315, 35.154544662473256 ], [ 129.046182025842825, 35.154532940125783 ], [ 129.046188156261508, 35.154524195603763 ], [ 129.046216054970188, 35.154484471610637 ], [ 129.046271488914556, 35.154405428559826 ], [ 129.046332626517056, 35.154320157385342 ], [ 129.046525121297549, 35.154051850433525 ], [ 129.046542646380431, 35.154027425683473 ], [ 129.046561862293601, 35.154025922602699 ], [ 129.04638133384708, 35.153759954299737 ], [ 129.046204474924366, 35.153500979532573 ], [ 129.046199993651157, 35.153494418917731 ], [ 129.045902573353118, 35.15306372645712 ], [ 129.045772720163569, 35.152984183662362 ], [ 129.045745201526159, 35.152967326690749 ], [ 129.045741325339321, 35.152964951723781 ], [ 129.045683793563541, 35.152929708902406 ], [ 129.045669490946523, 35.15291028769898 ], [ 129.045666372098481, 35.152908253792248 ], [ 129.045557041270172, 35.15283689337334 ], [ 129.045442251671801, 35.152816335183793 ], [ 129.045417514862947, 35.152811895681396 ], [ 129.045402717894859, 35.152808819726815 ], [ 129.045306410876833, 35.152788799193594 ], [ 129.04530611426523, 35.152789484594528 ], [ 129.045304957100228, 35.152792149187881 ], [ 129.045298155140898, 35.152807815778736 ], [ 129.045194027834555, 35.152807024375363 ], [ 129.045169357176235, 35.152806836872394 ], [ 129.045168609478679, 35.152806831082408 ], [ 129.045157713562816, 35.152806749172335 ], [ 129.045133947195239, 35.152806488817909 ], [ 129.04512522048887, 35.152789919444253 ], [ 129.045122399156384, 35.152784576426157 ], [ 129.045121617141746, 35.152783104154217 ], [ 129.045102452994769, 35.15274669274195 ], [ 129.04509570444938, 35.15273784206223 ], [ 129.045087741246164, 35.152727396599644 ], [ 129.045077558182555, 35.152714040202127 ], [ 129.045070454454219, 35.152706724984959 ], [ 129.045051738190125, 35.152687437539242 ], [ 129.045043961269442, 35.152679179708272 ], [ 129.045012354141107, 35.152645627307308 ], [ 129.044974079813159, 35.152593008833264 ], [ 129.044960913295569, 35.152574905631845 ], [ 129.044947859296371, 35.152571868700555 ], [ 129.044906023396805, 35.152562133824404 ], [ 129.044876484754695, 35.152543338705392 ], [ 129.044835772450369, 35.152517432623142 ], [ 129.044802386663747, 35.152488503763706 ], [ 129.044771838801097, 35.152462021738557 ], [ 129.044763596780712, 35.152458309426414 ], [ 129.04471554194987, 35.152436664177856 ], [ 129.044702365295052, 35.152427253498871 ], [ 129.044689519443125, 35.152418094657357 ], [ 129.044683099861885, 35.152413517898232 ], [ 129.044668677202168, 35.152403234116441 ], [ 129.044665296141147, 35.152402367505388 ], [ 129.044705839128881, 35.152359684917485 ], [ 129.044673962204541, 35.152336120293661 ], [ 129.044608062937158, 35.152387694192079 ], [ 129.044588023648402, 35.152382556279541 ], [ 129.044521421786129, 35.152365486890346 ], [ 129.0444542111521, 35.152293150213708 ], [ 129.044441784036763, 35.152279774585374 ], [ 129.044407347532029, 35.152226547091487 ], [ 129.044362072345649, 35.152156568807214 ], [ 129.044355608310411, 35.152146152867751 ], [ 129.044334027545631, 35.152111376999073 ], [ 129.044303473194276, 35.152093306956083 ], [ 129.044255673698927, 35.152101186899493 ], [ 129.044203871914675, 35.152098272374801 ], [ 129.044218126848392, 35.152045489817311 ], [ 129.044187521234022, 35.152048289067473 ], [ 129.044138610088709, 35.152052761524516 ], [ 129.0441075873361, 35.152093787131903 ], [ 129.043970987335797, 35.152095528268816 ], [ 129.043915808926414, 35.152104936589403 ], [ 129.04378348332969, 35.15211607551857 ], [ 129.043712701821335, 35.152122031974095 ], [ 129.043158692195192, 35.152166570698462 ], [ 129.042723643227163, 35.152200882385806 ], [ 129.042375710796904, 35.15188379504459 ], [ 129.042112743773458, 35.151545775193355 ], [ 129.041906960401576, 35.151256463991643 ], [ 129.041393973167942, 35.151155096708379 ], [ 129.041337099320458, 35.151143859603884 ], [ 129.041228513059338, 35.151185278109523 ], [ 129.041212301629287, 35.151191462043897 ], [ 129.041168593731754, 35.151208133511432 ], [ 129.041054848775673, 35.151104427504457 ], [ 129.04087245934852, 35.150338216325913 ], [ 129.040849789636326, 35.149760851552159 ], [ 129.04084347966986, 35.149600156536124 ], [ 129.040556715539225, 35.148810075741494 ], [ 129.040460681455471, 35.148718384128578 ], [ 129.03977096616191, 35.148059849398649 ], [ 129.039728724834475, 35.148010728242497 ], [ 129.039668894662753, 35.147941144946429 ], [ 129.03942850872707, 35.147661566332644 ], [ 129.03923642386917, 35.147431834006269 ], [ 129.039146418606549, 35.147324190916137 ], [ 129.039043441746742, 35.147201029014852 ], [ 129.039039529445176, 35.147196361485527 ], [ 129.038861862137736, 35.14695964900767 ], [ 129.038863724499549, 35.146928260985327 ], [ 129.03888322785599, 35.146592780485285 ], [ 129.038873898673728, 35.146519973028624 ], [ 129.038870709200324, 35.146494810790699 ], [ 129.038838164770141, 35.146237942059315 ], [ 129.03883029772723, 35.146175857824502 ], [ 129.038751327937689, 35.145552601086372 ], [ 129.038738031425595, 35.145449560655209 ], [ 129.038730219981659, 35.145389021061014 ], [ 129.038714279325859, 35.145265520568941 ], [ 129.038707872825796, 35.145209638886215 ], [ 129.038696306247061, 35.145108807059479 ], [ 129.038677508355022, 35.144944892925892 ], [ 129.03866817226762, 35.144901375284888 ], [ 129.038605210922867, 35.144607843682465 ], [ 129.038590322707137, 35.144537550144804 ], [ 129.03858927907487, 35.144532548632775 ], [ 129.038531634325494, 35.144515720913326 ], [ 129.038517510395735, 35.144445089471795 ], [ 129.038462344128419, 35.14416926560925 ], [ 129.038423852046918, 35.143879402843702 ], [ 129.038449824570279, 35.143875944432743 ], [ 129.038447864963985, 35.143867064995639 ], [ 129.038394533388498, 35.143625465510929 ], [ 129.03842283701664, 35.143335640792529 ], [ 129.038425279191955, 35.143304783658103 ], [ 129.038455342138263, 35.142924794285555 ], [ 129.038497029932927, 35.142391888067898 ], [ 129.038499060295578, 35.142346676177752 ], [ 129.03847477738492, 35.142275010630371 ], [ 129.038386290636566, 35.142013866038177 ], [ 129.038213111321397, 35.14150458919265 ], [ 129.038184031415938, 35.141420743282481 ], [ 129.038121686597208, 35.141240978779656 ], [ 129.038107787265432, 35.141178320957941 ], [ 129.038012580853206, 35.140773584844716 ], [ 129.037879443756793, 35.140232358895574 ], [ 129.037822362721897, 35.140010417544531 ], [ 129.037752300067694, 35.13983658598837 ], [ 129.03771418859904, 35.139733457263084 ], [ 129.037713041284889, 35.139730347736375 ], [ 129.037711659358536, 35.139726610959976 ], [ 129.037684544707872, 35.139699624506932 ], [ 129.037534618409779, 35.139550396194544 ], [ 129.037491908023725, 35.139470941698953 ], [ 129.037458867747972, 35.139409471566218 ], [ 129.037303803965273, 35.139121001725862 ], [ 129.037271733441997, 35.139109278349686 ], [ 129.036784825412667, 35.138931267580595 ], [ 129.035992282529378, 35.138547372335005 ], [ 129.035447275392414, 35.137921992588012 ], [ 129.035166118015098, 35.137778151500875 ], [ 129.034518178037843, 35.137719307528123 ], [ 129.034230763777089, 35.13751102761367 ], [ 129.034059343624136, 35.137386804561139 ], [ 129.033591120467605, 35.1371707123824 ], [ 129.033311499603656, 35.137122360810707 ], [ 129.033173388893317, 35.137098478386477 ], [ 129.033134497234926, 35.137119473220203 ], [ 129.032393405643546, 35.137488482564663 ], [ 129.032164121629307, 35.13766129683426 ], [ 129.031998985359849, 35.137785761078412 ], [ 129.031969114018125, 35.137808275209871 ], [ 129.031213970327258, 35.137380496835092 ], [ 129.031109544752184, 35.137325458426766 ], [ 129.030787108949113, 35.137213886221254 ], [ 129.030400978166682, 35.137137586420714 ], [ 129.029789034270578, 35.137075269883695 ], [ 129.029690153608868, 35.137063628851351 ], [ 129.028319079935699, 35.136902220592347 ], [ 129.027469604129749, 35.137449511763265 ], [ 129.027348644745672, 35.137529010988793 ], [ 129.027282228605742, 35.137844725403674 ], [ 129.027567378953165, 35.13816127585914 ], [ 129.027741853110797, 35.138353678623467 ], [ 129.028307962603236, 35.13886629076265 ], [ 129.028326565892854, 35.138980318575925 ], [ 129.028442435829561, 35.139732124011601 ], [ 129.028226264967344, 35.140057381753316 ], [ 129.028006345383488, 35.140399739523808 ], [ 129.0288603406687, 35.140256277193572 ], [ 129.029657156590019, 35.140127274112771 ], [ 129.030023237252379, 35.14015593014458 ], [ 129.029673380208465, 35.140527669862578 ], [ 129.029554001250148, 35.140733055397661 ], [ 129.029139091497797, 35.141402607370026 ], [ 129.029062957237926, 35.142010743862834 ], [ 129.029058048385906, 35.142061842565703 ], [ 129.029947301085627, 35.142067593478423 ], [ 129.029983498124864, 35.142179499061584 ], [ 129.030038094682595, 35.142353605397226 ], [ 129.030148930729609, 35.142707042808723 ], [ 129.030161967416603, 35.143052349393017 ], [ 129.030439222051882, 35.143426319459358 ], [ 129.031111018148266, 35.143948421464621 ], [ 129.0323051162284, 35.144244276239291 ], [ 129.032721632433947, 35.144347470517744 ], [ 129.03300878374975, 35.145097885823482 ], [ 129.033108301915121, 35.145320404052804 ], [ 129.033711789812202, 35.145904217023386 ], [ 129.03408242353737, 35.145867087830361 ], [ 129.034146916582642, 35.145860626139843 ], [ 129.034152659642672, 35.145869863462792 ], [ 129.034182890523823, 35.145918429169065 ], [ 129.034182921047176, 35.145998299025969 ], [ 129.033933533211183, 35.146232291425406 ], [ 129.033892761630938, 35.146270545554685 ], [ 129.033869555578093, 35.14629231939238 ], [ 129.033825067831032, 35.146334061104149 ], [ 129.033805003996918, 35.146352886544257 ], [ 129.033623486457856, 35.14657585783273 ], [ 129.03360949402051, 35.146602704664232 ], [ 129.033584766344745, 35.146650157602046 ], [ 129.033585877522512, 35.146674158885368 ], [ 129.033609718466039, 35.147189298086445 ], [ 129.033613379328813, 35.147268388064909 ], [ 129.033614340391097, 35.147289185112243 ], [ 129.033614591643641, 35.147292278970049 ], [ 129.033623552677568, 35.147402453458582 ], [ 129.033516072253263, 35.14748146632477 ], [ 129.033542815366502, 35.147540354707175 ], [ 129.03350749925653, 35.147622403090772 ], [ 129.03349078109045, 35.147632523437252 ], [ 129.033464917137877, 35.147690225834864 ], [ 129.033430788668227, 35.14776636802759 ], [ 129.033298213893545, 35.147829002287779 ], [ 129.033185027263272, 35.147881481409748 ], [ 129.033154237795628, 35.147896187778116 ], [ 129.03305613802803, 35.147943050844177 ], [ 129.033054645338183, 35.147943763975519 ], [ 129.033114379544884, 35.148030179521179 ], [ 129.0331203323762, 35.148039127522097 ], [ 129.033168764326007, 35.14811195271335 ], [ 129.033151378183476, 35.148120704705818 ], [ 129.033138931205912, 35.148126968850669 ], [ 129.033079906227812, 35.148209561495442 ], [ 129.033038519571477, 35.148267472866365 ], [ 129.033022480655887, 35.148340088828235 ], [ 129.032943533747925, 35.148627380412883 ], [ 129.032913102872726, 35.14873812012236 ], [ 129.032893026441116, 35.148756549766354 ], [ 129.032887179959999, 35.148795410204229 ], [ 129.032892674216072, 35.148844986158409 ], [ 129.032826396863101, 35.149107601600555 ], [ 129.032779187861877, 35.149294657754695 ], [ 129.03273605780663, 35.149465557681921 ], [ 129.032720440570358, 35.149518891792866 ], [ 129.03266846923367, 35.149696413196182 ], [ 129.032665278205712, 35.14970730537312 ], [ 129.032700287532066, 35.149721713788253 ], [ 129.032719251320543, 35.149730100477974 ], [ 129.033004702463359, 35.149856331470176 ], [ 129.033028156017053, 35.149866704346564 ], [ 129.033130958419861, 35.149912164552859 ], [ 129.033112945641108, 35.149983145624503 ], [ 129.033005104949694, 35.150408067885621 ], [ 129.032880929181033, 35.150913427585287 ], [ 129.032868500866414, 35.150964015615926 ], [ 129.03283022623512, 35.151119789969435 ], [ 129.032805375282578, 35.151220924471239 ], [ 129.03277553690458, 35.151342354245607 ], [ 129.032765746692007, 35.15138224822433 ], [ 129.032755150683244, 35.151425418036226 ], [ 129.032686687677881, 35.151704363932133 ], [ 129.032680099503239, 35.151731202621484 ], [ 129.032676565769691, 35.151727280239164 ], [ 129.032575888932683, 35.151651978291333 ], [ 129.032510499335046, 35.151600876308791 ], [ 129.032500415662582, 35.151592995759117 ], [ 129.032475300219375, 35.151581365327026 ], [ 129.032448540642747, 35.15156928324398 ], [ 129.032399609599679, 35.15175875206846 ], [ 129.032374033107828, 35.151856240524616 ], [ 129.032384640633978, 35.151869634125696 ], [ 129.032436468097046, 35.151901806189471 ], [ 129.03248909973226, 35.151934476566026 ], [ 129.032569559428396, 35.152060537245625 ], [ 129.032458476737645, 35.152186199100697 ], [ 129.032430034887597, 35.152285671293235 ], [ 129.032350143178149, 35.152443373053238 ], [ 129.032308474915936, 35.152662375113721 ], [ 129.032305862967632, 35.152676114456334 ], [ 129.03231814477499, 35.152741553160702 ], [ 129.032323711213593, 35.152771210692244 ], [ 129.032348783577305, 35.152791413317523 ], [ 129.03240965541454, 35.152819150447229 ], [ 129.03241262501848, 35.152820502264547 ], [ 129.032517188094545, 35.152810983810824 ], [ 129.032561073337433, 35.152802454747693 ], [ 129.032583511882706, 35.152797473465839 ], [ 129.032622728352635, 35.152775839916799 ], [ 129.032647293571046, 35.152792879730377 ], [ 129.032690560245385, 35.152822892431423 ], [ 129.032621774404305, 35.153091012173576 ], [ 129.032609895403226, 35.153137315069536 ], [ 129.032591681177706, 35.153209201105568 ], [ 129.032577478780439, 35.153266659281684 ], [ 129.03249862075188, 35.153307482039928 ], [ 129.032481876300182, 35.153317087767206 ], [ 129.03235451988408, 35.153389805393871 ], [ 129.032325103141631, 35.153406235215073 ], [ 129.032268553331335, 35.153449882585456 ], [ 129.032265275447173, 35.15346797792121 ], [ 129.032254416728932, 35.153520756776658 ], [ 129.032245077777219, 35.153566124092876 ], [ 129.032227530920096, 35.153651374337912 ], [ 129.032192652047513, 35.153817296421693 ], [ 129.032185870843961, 35.153849547191356 ], [ 129.032179478498222, 35.15387993752524 ], [ 129.032166181503356, 35.153986695145498 ], [ 129.032161891749723, 35.154021142282609 ], [ 129.032161700943135, 35.154022675632611 ], [ 129.03215798439507, 35.154037577594742 ], [ 129.032026622940691, 35.154563636201715 ], [ 129.031896942740957, 35.155082954574432 ], [ 129.031832377840516, 35.155341512959794 ], [ 129.031757772567573, 35.155640276704332 ], [ 129.031703155067447, 35.155859001350208 ], [ 129.031692579924993, 35.155901349422322 ], [ 129.031663707486388, 35.156016963893386 ], [ 129.031641449158002, 35.156102407951039 ], [ 129.031688819544655, 35.156109742247047 ], [ 129.031842928398731, 35.156130254406278 ], [ 129.031859722375231, 35.156132565636419 ], [ 129.031945343338492, 35.156143532855438 ], [ 129.031971310248792, 35.156147924384953 ], [ 129.032113799106668, 35.156172027312749 ], [ 129.032280727629683, 35.15619763856639 ], [ 129.032331329385585, 35.156205401472775 ], [ 129.03257041112451, 35.156235781505728 ], [ 129.032796282601936, 35.15627252590366 ], [ 129.0330484310212, 35.156307467689459 ], [ 129.033108892480215, 35.156316106271198 ], [ 129.033419523874642, 35.156360478143881 ], [ 129.033560066836486, 35.156376557112196 ], [ 129.033669275844829, 35.156391129347234 ], [ 129.033813923286033, 35.156403502723251 ], [ 129.033850394796502, 35.156405341809965 ], [ 129.033902458883603, 35.156405373157376 ], [ 129.034215257495845, 35.156451289746315 ], [ 129.034412028488703, 35.15648017699565 ], [ 129.03450651364318, 35.156494046896846 ], [ 129.034763522454938, 35.156522737565147 ], [ 129.035164858893921, 35.15658735356913 ], [ 129.035449227489238, 35.156620669307955 ], [ 129.035574220810958, 35.156641148145198 ], [ 129.035667797501787, 35.15665491054019 ], [ 129.035684275429105, 35.156657334338405 ], [ 129.035746774406732, 35.156666526400812 ], [ 129.036034561298834, 35.156705169215314 ], [ 129.03625788517607, 35.156731225579904 ], [ 129.036352975961222, 35.156746913013571 ], [ 129.036384745945753, 35.156752154137891 ], [ 129.036466254373181, 35.156765390069452 ], [ 129.036931566093699, 35.156829060643993 ], [ 129.037051705830436, 35.156844716406667 ], [ 129.037080172235903, 35.156848425956859 ], [ 129.037111833498159, 35.156852552074888 ], [ 129.037218830358881, 35.156873477565838 ], [ 129.03726869491075, 35.156883791194758 ], [ 129.03732511158907, 35.156897267444386 ], [ 129.037332731886465, 35.156899087554777 ], [ 129.037485551860271, 35.156920034407875 ], [ 129.037529266278227, 35.156926025230526 ], [ 129.037673061204401, 35.156945523009682 ], [ 129.037674714459939, 35.156943068575892 ], [ 129.037691183410317, 35.15694815917697 ], [ 129.037740642756717, 35.156935831102551 ], [ 129.03774164946654, 35.156906084111142 ], [ 129.037744300101167, 35.156827833950473 ], [ 129.037745396463151, 35.156795325990792 ], [ 129.037765447858789, 35.156776340479112 ], [ 129.037796263800487, 35.156747163544296 ], [ 129.037797785050316, 35.156739796106038 ], [ 129.037806732674653, 35.156737244557092 ], [ 129.037888552543706, 35.156659761840537 ], [ 129.037940052753584, 35.15661099443362 ], [ 129.038110800059911, 35.156446978313319 ], [ 129.038125473978567, 35.156432883740479 ], [ 129.038126845477592, 35.15643155898988 ], [ 129.038333449780083, 35.156230603573427 ], [ 129.038387517854517, 35.156191195444812 ], [ 129.03853114580113, 35.156086513731204 ], [ 129.038553384359545, 35.156068786909671 ], [ 129.038692274779663, 35.155969468454956 ], [ 129.038701538659211, 35.155966927249494 ], [ 129.03871067476868, 35.1559644219276 ], [ 129.038780359266497, 35.155945311562874 ], [ 129.038782467219278, 35.155944735703912 ], [ 129.038811711582326, 35.155936721244899 ], [ 129.038982580926358, 35.156026462424322 ], [ 129.039047511753665, 35.156051581293355 ], [ 129.039077939417638, 35.156063955178396 ], [ 129.039190282819447, 35.156041621161968 ], [ 129.03920579916155, 35.156038691216636 ], [ 129.039199785719688, 35.156080204739759 ], [ 129.039220809275832, 35.15608126476414 ], [ 129.039273234095504, 35.156083907496701 ], [ 129.039288902883612, 35.156022991238359 ], [ 129.039577241928271, 35.15596851654022 ], [ 129.039603859394617, 35.15594839870203 ], [ 129.039625175717703, 35.155944198547289 ], [ 129.039631437523553, 35.155942965797507 ], [ 129.039655143790668, 35.155938298880834 ], [ 129.039732935064393, 35.155922138682392 ], [ 129.0397371201027, 35.155921272232611 ], [ 129.039779764607601, 35.155912454276468 ], [ 129.039839448959327, 35.155900112586835 ], [ 129.039841153921458, 35.155899765431755 ], [ 129.039899633994338, 35.155974213601752 ], [ 129.039922870956332, 35.155968994502103 ], [ 129.039979188915112, 35.155944570684923 ], [ 129.03998817214628, 35.155941179124618 ], [ 129.039990311178002, 35.15594033056329 ], [ 129.040008382357456, 35.155932929407605 ], [ 129.040017121635458, 35.155929350706906 ], [ 129.040058184854331, 35.155912532933577 ], [ 129.04010654313052, 35.155887622406908 ], [ 129.040064926903824, 35.155837769541606 ], [ 129.04007634097718, 35.155834509358975 ], [ 129.040079994683083, 35.155833469330808 ], [ 129.04010384310638, 35.155826562722851 ], [ 129.040112900047291, 35.155823937486623 ], [ 129.04016022218741, 35.155810688917505 ], [ 129.04040349496097, 35.155849236378913 ], [ 129.040443196637426, 35.155855527831676 ], [ 129.04046341930092, 35.155805437757394 ], [ 129.040657265083524, 35.155833104220875 ], [ 129.040748660131584, 35.155815715463589 ], [ 129.041249697035028, 35.155895103466356 ], [ 129.041311408808895, 35.155898066235295 ], [ 129.041347993756915, 35.155905050715532 ], [ 129.041364817495975, 35.155909569190023 ], [ 129.041410518722842, 35.155921846407232 ], [ 129.041421418264264, 35.155924774986055 ], [ 129.041470843593629, 35.155937764847387 ], [ 129.041492496873872, 35.155974296622396 ], [ 129.041767675464058, 35.15604960056033 ], [ 129.041975457122533, 35.156100952234397 ], [ 129.042012945979678, 35.156110218700597 ], [ 129.042047411465091, 35.156109715029302 ], [ 129.042139588646165, 35.156153887109475 ], [ 129.042165969187238, 35.156164810555566 ], [ 129.042171116593607, 35.156167179368509 ], [ 129.04234171442522, 35.156251742161274 ], [ 129.04241804650718, 35.156294900406969 ], [ 129.042503148130606, 35.156343408882655 ], [ 129.042513941512283, 35.156349722455289 ], [ 129.042592130649524, 35.156395462592215 ], [ 129.042598637995241, 35.156399269266004 ], [ 129.042825203366618, 35.156577622632881 ], [ 129.042922677036444, 35.156659093856163 ], [ 129.042983073656558, 35.156709575628383 ], [ 129.043011175928967, 35.156730034016782 ], [ 129.043048351335131, 35.156757093810342 ], [ 129.043201289007754, 35.156910336842138 ], [ 129.043255946244983, 35.156965105715237 ], [ 129.043437609259882, 35.157112691807669 ], [ 129.043496021547838, 35.157160146647918 ], [ 129.043585418190389, 35.157233108059579 ], [ 129.043722017965138, 35.157307126795324 ], [ 129.04383576760253, 35.157340948030409 ], [ 129.04384862743413, 35.157343140933428 ], [ 129.043891879019043, 35.157350515711983 ], [ 129.044018348365086, 35.157372079557916 ], [ 129.044030015390177, 35.157374068555008 ], [ 129.044184417397446, 35.157396456372226 ], [ 129.044216259391192, 35.157401926226257 ], [ 129.04453578961693, 35.157393511010518 ], [ 129.044581592588173, 35.157382996633849 ], [ 129.044948203944642, 35.157298838938132 ], [ 129.045224992694074, 35.157109451451689 ], [ 129.045249672161731, 35.157092565037544 ], [ 129.045299847817716, 35.157066335458325 ], [ 129.045418193722099, 35.156940056401048 ], [ 129.045472091672536, 35.156885082838869 ], [ 129.045541992353833, 35.156813785195396 ], [ 129.045561963152892, 35.156793421785068 ], [ 129.045910438428507, 35.156621450472109 ] ] ] } },
{ "type": "Feature", "properties": { "BASE_DATE": "20250630", "ADM_CD": "21050820", "ADM_NM": "부전1동" }, "geometry": { "type": "Polygon", "coordinates": [ [ [ 129.062549746819599, 35.171520500848935 ], [ 129.06255333830245, 35.17152043467545 ], [ 129.062555328059915, 35.171520441460835 ], [ 129.062622723246619, 35.171519888354311 ], [ 129.062645667081512, 35.171520088194427 ], [ 129.062589867625263, 35.171299765305221 ], [ 129.062589425727623, 35.171298018286926 ], [ 129.062582905222826, 35.171272290371554 ], [ 129.06261794330058, 35.171264033095632 ], [ 129.062762201189059, 35.171230035784333 ], [ 129.06282995788672, 35.171214076686503 ], [ 129.062813048407435, 35.171120568559964 ], [ 129.062852613145083, 35.171114413048706 ], [ 129.062848653765087, 35.171097780846651 ], [ 129.062871710664496, 35.171054213482911 ], [ 129.062901731998096, 35.170997493787233 ], [ 129.062908795620899, 35.170986424689659 ], [ 129.062911431127105, 35.170948346558738 ], [ 129.06293116917513, 35.1709247132207 ], [ 129.062992273961527, 35.170924079706786 ], [ 129.062994244524816, 35.170924059684737 ], [ 129.06299714277003, 35.170877796998631 ], [ 129.062997563449272, 35.170871092645179 ], [ 129.062997805202855, 35.170867201804917 ], [ 129.063006949188321, 35.170851983715401 ], [ 129.063025765652981, 35.170837570346727 ], [ 129.063052755140205, 35.17080671891987 ], [ 129.063060332176036, 35.170808935548102 ], [ 129.06310619054949, 35.170824345359279 ], [ 129.063110639601234, 35.170817054360725 ], [ 129.063108808372561, 35.170815749030332 ], [ 129.063106815865467, 35.170814335785707 ], [ 129.063093957471949, 35.170802316554798 ], [ 129.063097118579577, 35.170799616021206 ], [ 129.063312708763789, 35.170615385308764 ], [ 129.063369546597045, 35.170566816063186 ], [ 129.063458580241104, 35.170592620185801 ], [ 129.063479554549417, 35.170598699417269 ], [ 129.063533653210726, 35.170614381361069 ], [ 129.063605739333923, 35.170635267726112 ], [ 129.063629335487093, 35.170636288437464 ], [ 129.063675939845155, 35.170638303176602 ], [ 129.063686984057938, 35.170638780884062 ], [ 129.063695253461276, 35.170639137538409 ], [ 129.063706831471734, 35.170639623679186 ], [ 129.063737468804788, 35.170648478562214 ], [ 129.063888585277482, 35.170692152075276 ], [ 129.063944340278766, 35.170706421268669 ], [ 129.063961738421597, 35.170717144781065 ], [ 129.064123900884056, 35.170816977860952 ], [ 129.064181474608006, 35.17076115885007 ], [ 129.064180994009462, 35.17074501190708 ], [ 129.064221167347739, 35.170707304548607 ], [ 129.064670030632783, 35.170285980082973 ], [ 129.06483580277677, 35.170130640302602 ], [ 129.064981274319507, 35.169994320513247 ], [ 129.064984503794108, 35.169991296273338 ], [ 129.065027502626322, 35.169988591205026 ], [ 129.065060458033457, 35.169986519005711 ], [ 129.065405592464685, 35.169964809838497 ], [ 129.065415798897675, 35.169951488339663 ], [ 129.065429191038191, 35.16993400623064 ], [ 129.065432722676974, 35.169929390347498 ], [ 129.06544284432556, 35.169915999617139 ], [ 129.065455242608124, 35.169899597851689 ], [ 129.065458166015816, 35.169895730047209 ], [ 129.065587288215255, 35.169854666232489 ], [ 129.06555345018856, 35.169772383230232 ], [ 129.065556220239785, 35.169768821246592 ], [ 129.065592502331697, 35.169720237196351 ], [ 129.06560270107434, 35.169706574974903 ], [ 129.065611759337457, 35.169694820865637 ], [ 129.06562181278079, 35.169681770005667 ], [ 129.065669141517532, 35.169621316858795 ], [ 129.065715926913185, 35.169562651387324 ], [ 129.065763773328086, 35.169502633297888 ], [ 129.065771613310488, 35.169492797313204 ], [ 129.065792624312365, 35.169466438640924 ], [ 129.065803983291289, 35.169452188883554 ], [ 129.065879057175977, 35.169358013061562 ], [ 129.065905266196239, 35.16932513527982 ], [ 129.065944104364888, 35.169275309025309 ], [ 129.065973484245205, 35.169237616233424 ], [ 129.065982773114115, 35.169233140474475 ], [ 129.065980044764103, 35.169229198774431 ], [ 129.066156109107908, 35.169003316029311 ], [ 129.066189609445644, 35.168959834794386 ], [ 129.066199099864235, 35.168947893830925 ], [ 129.06624122530377, 35.168894873863692 ], [ 129.066274604823462, 35.168852654611491 ], [ 129.066295254154966, 35.168826576422056 ], [ 129.066305421222609, 35.168814880951984 ], [ 129.066344890690374, 35.16876948500677 ], [ 129.066420900607767, 35.168682041654122 ], [ 129.066424353377897, 35.168679559057736 ], [ 129.066478113960329, 35.16864090796453 ], [ 129.066495379986804, 35.168628494945494 ], [ 129.066525055709519, 35.16860716502557 ], [ 129.066527801650039, 35.168605154993642 ], [ 129.066643920394426, 35.168520099478123 ], [ 129.066636913736119, 35.168505369535438 ], [ 129.066631550043041, 35.168494093124174 ], [ 129.066573000641569, 35.168370903270088 ], [ 129.066547634614352, 35.168317539012364 ], [ 129.066495081959459, 35.168253955977633 ], [ 129.066493753410555, 35.168252353879367 ], [ 129.066453219633729, 35.168203324148429 ], [ 129.066440067825539, 35.168187402410972 ], [ 129.066436156121398, 35.168182672695856 ], [ 129.066434816251927, 35.16818105271124 ], [ 129.066380341761374, 35.168116868765907 ], [ 129.066289450979014, 35.167891667517303 ], [ 129.066251277677082, 35.16785463459339 ], [ 129.06619526412652, 35.167800294346492 ], [ 129.066194451668565, 35.167799495211867 ], [ 129.066239178934779, 35.167782208261407 ], [ 129.066245522251364, 35.167779762220924 ], [ 129.066395257007656, 35.167725337908657 ], [ 129.066448753735756, 35.167707192736941 ], [ 129.066500979969817, 35.167806898312222 ], [ 129.066582775357659, 35.167963062159899 ], [ 129.066639040082606, 35.168071913600961 ], [ 129.066660940619158, 35.168060248447397 ], [ 129.066672350927291, 35.168054186320227 ], [ 129.066676702714119, 35.168051865195501 ], [ 129.06670967828407, 35.168034290104863 ], [ 129.066786843719171, 35.167992135413215 ], [ 129.06680736242626, 35.167981930677364 ], [ 129.066847894424001, 35.167960817269545 ], [ 129.066895797873997, 35.167935679286643 ], [ 129.06691695115515, 35.167924328497506 ], [ 129.067129892737938, 35.16781009712242 ], [ 129.067132014113497, 35.167808957092717 ], [ 129.067089648106219, 35.167759206556369 ], [ 129.066919722897978, 35.167545869293221 ], [ 129.066494093834848, 35.167011505030075 ], [ 129.066382985146475, 35.166874064255751 ], [ 129.066332067518715, 35.166811233553219 ], [ 129.066315064972855, 35.166790251299041 ], [ 129.066312462678184, 35.16678703917556 ], [ 129.065840910209175, 35.16619211046838 ], [ 129.065814619392427, 35.166158939509131 ], [ 129.065714434211543, 35.166032542163023 ], [ 129.065654773295705, 35.16595727023175 ], [ 129.064824117420955, 35.164916423258703 ], [ 129.064807994694917, 35.164896221018729 ], [ 129.064807697709227, 35.164895848886268 ], [ 129.064312275083353, 35.164275045839986 ], [ 129.06428743405877, 35.164244358655026 ], [ 129.064270371295237, 35.164222870166753 ], [ 129.064221036450419, 35.164155313486994 ], [ 129.063994779620231, 35.16387046445611 ], [ 129.063747306196774, 35.163558903834286 ], [ 129.06359381626325, 35.163364679768392 ], [ 129.063551954645277, 35.163382794276686 ], [ 129.063483054652465, 35.163293140835783 ], [ 129.063365181963491, 35.163138711583365 ], [ 129.063154467149673, 35.162862616803395 ], [ 129.063153712651513, 35.162861629364656 ], [ 129.063151309358091, 35.162858475908862 ], [ 129.063150180990135, 35.16285699921513 ], [ 129.063147183273003, 35.162853076246435 ], [ 129.063143183229272, 35.162847837246261 ], [ 129.063141403899721, 35.162845505215024 ], [ 129.062803245447043, 35.162402425286487 ], [ 129.062664116090644, 35.162220132242084 ], [ 129.062652645315154, 35.162205102596438 ], [ 129.06264629165392, 35.162196776189873 ], [ 129.062635192565438, 35.162182351232843 ], [ 129.062627745971156, 35.162172677500379 ], [ 129.062550095053865, 35.162071747294462 ], [ 129.062415620625075, 35.161896961970854 ], [ 129.062357504396175, 35.161821421320546 ], [ 129.062350764867546, 35.16181266349713 ], [ 129.062331980630773, 35.161788252273517 ], [ 129.0623251771664, 35.161769148440129 ], [ 129.062313980968725, 35.161737700574783 ], [ 129.062306734394099, 35.161717356435844 ], [ 129.062296874360186, 35.161689640212529 ], [ 129.062287704319544, 35.161663902228547 ], [ 129.062273048500487, 35.161622743602628 ], [ 129.062230865820339, 35.161504293686669 ], [ 129.062230255233345, 35.161502563265103 ], [ 129.062200155493457, 35.161418067058207 ], [ 129.062229563323143, 35.16104078025414 ], [ 129.062232230408654, 35.160971163482529 ], [ 129.062232318059841, 35.160968857846164 ], [ 129.062237468290249, 35.160834358303376 ], [ 129.062247279515162, 35.160578069153935 ], [ 129.06224788826006, 35.160562194832771 ], [ 129.062248306756288, 35.160551011318731 ], [ 129.062249919926671, 35.160508723203364 ], [ 129.062250951528597, 35.160481721211227 ], [ 129.062251147138909, 35.160476794113976 ], [ 129.062255693773039, 35.160358152587442 ], [ 129.062259797953743, 35.160250934709651 ], [ 129.062260314189786, 35.16023751395042 ], [ 129.062266007539506, 35.160088590699914 ], [ 129.062271133394916, 35.15995442685103 ], [ 129.062271232301157, 35.15938197575398 ], [ 129.06227123656754, 35.159372669315935 ], [ 129.062271237718136, 35.159371810971649 ], [ 129.06227123565003, 35.159371358391816 ], [ 129.06227123594951, 35.159370914797513 ], [ 129.062271230449738, 35.159367297622893 ], [ 129.062271311664432, 35.1588017205517 ], [ 129.062274563007861, 35.158674937965024 ], [ 129.062284335196438, 35.158293129353417 ], [ 129.062284421296681, 35.158289709350242 ], [ 129.062284442790087, 35.15828888139805 ], [ 129.062284457398391, 35.158288497125156 ], [ 129.062284664183665, 35.158280365571883 ], [ 129.062296288779123, 35.157826184511286 ], [ 129.062296928212589, 35.157753761010085 ], [ 129.062296986086437, 35.157747200172629 ], [ 129.060675739118011, 35.157697768408298 ], [ 129.059300198472954, 35.157655811833656 ], [ 129.05912243111527, 35.157650388686264 ], [ 129.059113397550476, 35.157650361607736 ], [ 129.058463206984158, 35.157648409978137 ], [ 129.057777872346776, 35.157646348739249 ], [ 129.057771518763815, 35.15764632946992 ], [ 129.057767598160012, 35.157646318581648 ], [ 129.057190717822067, 35.157644579458328 ], [ 129.056532976648214, 35.157642594613328 ], [ 129.055254922695099, 35.157638726891442 ], [ 129.05473282317584, 35.157637143620427 ], [ 129.054729195690214, 35.157637132477873 ], [ 129.054150607714689, 35.157635375536515 ], [ 129.053745777653177, 35.157634143326206 ], [ 129.053518709666434, 35.157633452053034 ], [ 129.053416437452483, 35.157633140798936 ], [ 129.053064165254312, 35.157632068055854 ], [ 129.052676773144441, 35.157630885478603 ], [ 129.052665752539838, 35.157700987935314 ], [ 129.052652935259772, 35.157782497125844 ], [ 129.052648870975702, 35.157808719302167 ], [ 129.052577490894009, 35.158269107293535 ], [ 129.052562461495341, 35.158366051503641 ], [ 129.052549602345152, 35.158449006492113 ], [ 129.052557187882655, 35.15866646729711 ], [ 129.052557655206755, 35.158679850187092 ], [ 129.052566534028273, 35.158934336071212 ], [ 129.052599156695891, 35.159155215802947 ], [ 129.052599338065761, 35.159156440566633 ], [ 129.052601696543036, 35.159172397648618 ], [ 129.052602272547119, 35.159176305948904 ], [ 129.05260234168631, 35.159176766685974 ], [ 129.052645773967043, 35.159470878887525 ], [ 129.052674907863519, 35.159583675260308 ], [ 129.052718524951757, 35.159677872423522 ], [ 129.052755682653668, 35.159758112536117 ], [ 129.05281890080218, 35.159894672877712 ], [ 129.052831355636954, 35.159849537399019 ], [ 129.052872711980228, 35.159839690885782 ], [ 129.052932060068201, 35.159825560961821 ], [ 129.052974945183195, 35.15993932869192 ], [ 129.053025862868253, 35.159923876859764 ], [ 129.053041568433514, 35.159919108842871 ], [ 129.053073198525112, 35.159972484189815 ], [ 129.053091503371178, 35.159964976211434 ], [ 129.05316042148894, 35.160096810076283 ], [ 129.053224004925568, 35.160219619590805 ], [ 129.053193702988096, 35.160236222674797 ], [ 129.053203627752907, 35.160252733677453 ], [ 129.053219682824192, 35.160279740124004 ], [ 129.053281376271485, 35.160383512948812 ], [ 129.05339386683869, 35.160539254814701 ], [ 129.053404909284751, 35.16055501304826 ], [ 129.053486981562259, 35.160672092692572 ], [ 129.053517261327272, 35.160704888903098 ], [ 129.053622313538057, 35.160812258219664 ], [ 129.053739066470285, 35.160921257119611 ], [ 129.053769411916647, 35.160949588561571 ], [ 129.053905215479716, 35.161071266552895 ], [ 129.054056348781302, 35.161184087758038 ], [ 129.054199436618973, 35.161286610158157 ], [ 129.054224236864854, 35.161304379977487 ], [ 129.054284552753757, 35.161345455011421 ], [ 129.054249488428496, 35.161379507873463 ], [ 129.054419868171493, 35.161486002995304 ], [ 129.054593209094321, 35.161570446217439 ], [ 129.054619826756834, 35.16153809841861 ], [ 129.054646436835213, 35.161505757022631 ], [ 129.054728532048529, 35.161556234643541 ], [ 129.054711388127174, 35.161576351373618 ], [ 129.054737355662127, 35.16158720069042 ], [ 129.054863089548206, 35.161662559614356 ], [ 129.054920584507215, 35.16169781369296 ], [ 129.054921349885177, 35.161698282620776 ], [ 129.055014531550796, 35.161741352565294 ], [ 129.055101927002141, 35.161781749529311 ], [ 129.05511171876131, 35.161784900251888 ], [ 129.055176952925393, 35.16180584911568 ], [ 129.055203088217809, 35.161769106640214 ], [ 129.055399106547753, 35.161839307838925 ], [ 129.055383082970565, 35.161877548809038 ], [ 129.055454627815266, 35.161901600958927 ], [ 129.055517752694215, 35.161919473391912 ], [ 129.055498118952386, 35.161973033966092 ], [ 129.055441011487034, 35.161956595341834 ], [ 129.055412133390803, 35.162073233848815 ], [ 129.055380793953219, 35.162199801798941 ], [ 129.05537960717183, 35.162204590147454 ], [ 129.055357190320109, 35.162295121677367 ], [ 129.055341897704523, 35.162356879791695 ], [ 129.055335089420765, 35.162384374272825 ], [ 129.055324817372536, 35.162429231302397 ], [ 129.055311342292725, 35.162488077323751 ], [ 129.055300802652965, 35.162534104466701 ], [ 129.055198738914015, 35.162979844218675 ], [ 129.05518448012873, 35.163042111967457 ], [ 129.05505301207404, 35.163213022587229 ], [ 129.055036538488281, 35.163229262860931 ], [ 129.054972592343034, 35.16328133479221 ], [ 129.054893571779672, 35.163360518593223 ], [ 129.054862349861281, 35.163382934848286 ], [ 129.054733944021336, 35.163475124369612 ], [ 129.054673745713558, 35.163477008764652 ], [ 129.054545554082893, 35.163481020868417 ], [ 129.054385480932922, 35.163691395208517 ], [ 129.054245658181884, 35.163881572243021 ], [ 129.054166886151933, 35.16398871302966 ], [ 129.05415372077519, 35.164007228767254 ], [ 129.053948864933687, 35.16429531146084 ], [ 129.053747607968063, 35.164589577751137 ], [ 129.053649709256291, 35.164732714094946 ], [ 129.053590002396675, 35.164777916584363 ], [ 129.053417674274016, 35.164908380548553 ], [ 129.053340668887017, 35.164966677026861 ], [ 129.053285064798416, 35.165191254674461 ], [ 129.053283014226963, 35.165199530677086 ], [ 129.053241877590665, 35.165963210877422 ], [ 129.053158685793079, 35.166277645663378 ], [ 129.053108655385188, 35.166466746524797 ], [ 129.053090052821148, 35.166539331814469 ], [ 129.05308638710386, 35.166554767447757 ], [ 129.053127972115561, 35.166579170828975 ], [ 129.05313516499794, 35.166583391877488 ], [ 129.053149455265952, 35.166591777494972 ], [ 129.053132385290098, 35.166619551305544 ], [ 129.052952497039854, 35.166912240334327 ], [ 129.052916873955525, 35.166983981742369 ], [ 129.052916867002267, 35.167072653965761 ], [ 129.052895896722674, 35.167129926937676 ], [ 129.052916862326612, 35.167133729776111 ], [ 129.052990293135025, 35.167147046238242 ], [ 129.053116009652967, 35.167169846071779 ], [ 129.053133547667898, 35.167173027440541 ], [ 129.053195937813001, 35.167188793472519 ], [ 129.053198235323237, 35.167188938018725 ], [ 129.053289264590347, 35.167194638138248 ], [ 129.053349848307505, 35.16719803467246 ], [ 129.053441023400723, 35.167203145861251 ], [ 129.053529212851458, 35.167227636546265 ], [ 129.053646191788857, 35.167260122965573 ], [ 129.053689729765921, 35.167253604832254 ], [ 129.053740455029072, 35.167258396198129 ], [ 129.053818794861542, 35.167273488454889 ], [ 129.053856189571832, 35.167284450085539 ], [ 129.053941383414809, 35.167309489209366 ], [ 129.054042107916217, 35.167329265572164 ], [ 129.054106424355894, 35.167357387276276 ], [ 129.054135878770609, 35.167409553151259 ], [ 129.054251923366309, 35.16754614866359 ], [ 129.054329147616784, 35.167601024767514 ], [ 129.054401210603231, 35.167673391510171 ], [ 129.054542887234277, 35.167788873921054 ], [ 129.054587049078833, 35.167842457561854 ], [ 129.054638942188006, 35.167889655944229 ], [ 129.054706206387408, 35.167921129520721 ], [ 129.05477587002747, 35.167938719974465 ], [ 129.05516475412216, 35.168142299291752 ], [ 129.055197857078412, 35.16816575597268 ], [ 129.055194633978545, 35.168284441546646 ], [ 129.055349428891333, 35.16829059523922 ], [ 129.055518471450995, 35.168513265015008 ], [ 129.055614700357637, 35.168640015661303 ], [ 129.055686473624377, 35.168745595085547 ], [ 129.055697000368184, 35.16878370780762 ], [ 129.055842568426243, 35.168717807602413 ], [ 129.055883392101691, 35.16868474599449 ], [ 129.055943392504645, 35.168623868692713 ], [ 129.055986606348455, 35.168569309099752 ], [ 129.05600047849282, 35.168551798398198 ], [ 129.056191300569651, 35.168375154511693 ], [ 129.056206032583759, 35.168373039385358 ], [ 129.056325519974735, 35.168186142774999 ], [ 129.056458450258503, 35.167895190219951 ], [ 129.056470683087099, 35.167868413988643 ], [ 129.056458127159715, 35.167739975643478 ], [ 129.056452088572712, 35.167642515677713 ], [ 129.056473838132348, 35.167566169448676 ], [ 129.056499113596146, 35.167526191976599 ], [ 129.056553016509525, 35.167474403394507 ], [ 129.056601861432881, 35.167442626933877 ], [ 129.056657709651802, 35.16735926249391 ], [ 129.056677939720231, 35.167355628666691 ], [ 129.056724873152064, 35.167333136222361 ], [ 129.05675979248818, 35.167277579404875 ], [ 129.056806025758931, 35.167221702236006 ], [ 129.056830004203249, 35.167198597799306 ], [ 129.056898435460539, 35.167169523113543 ], [ 129.056929883531524, 35.167156160963934 ], [ 129.056971832481366, 35.16713807103087 ], [ 129.05699447034479, 35.167157186182088 ], [ 129.057091799509323, 35.167253504938685 ], [ 129.057173969955699, 35.167350957985128 ], [ 129.057191314845369, 35.167371410611523 ], [ 129.057283428650123, 35.16745941312557 ], [ 129.05738097540916, 35.16753670494824 ], [ 129.057448302647828, 35.167597929184282 ], [ 129.05749174336583, 35.167648150812639 ], [ 129.057505832725809, 35.167643320943945 ], [ 129.057527989360892, 35.167669198815211 ], [ 129.057536145401826, 35.167701796984083 ], [ 129.05753375696932, 35.167755031476091 ], [ 129.057520269608034, 35.167807315954754 ], [ 129.05751688729535, 35.167822371193061 ], [ 129.057535164669332, 35.167873053445817 ], [ 129.05754543323647, 35.167961147150557 ], [ 129.057559304892237, 35.168033555256933 ], [ 129.057582026299258, 35.168113215668818 ], [ 129.057632809715642, 35.16818503003725 ], [ 129.057711827507006, 35.168276336409924 ], [ 129.05772676723987, 35.168277285691197 ], [ 129.057814695530624, 35.168346784746923 ], [ 129.057869554226244, 35.168399217961358 ], [ 129.057979525867466, 35.168456970327476 ], [ 129.058061630336965, 35.168508948372839 ], [ 129.058153164489397, 35.1686015558275 ], [ 129.058240638858365, 35.168674848948726 ], [ 129.058292824334643, 35.168753342110897 ], [ 129.058349450726666, 35.168802979013044 ], [ 129.058419376246832, 35.168871611095767 ], [ 129.058438571019281, 35.168877000941549 ], [ 129.058450998917266, 35.168912138888217 ], [ 129.058410170250283, 35.169078025979864 ], [ 129.058345575248723, 35.169211519424167 ], [ 129.058312310551543, 35.169265273816421 ], [ 129.058314627156989, 35.169306001999722 ], [ 129.058316801816915, 35.169344239970769 ], [ 129.058328511783486, 35.169409419652709 ], [ 129.058412804933653, 35.169501110252533 ], [ 129.058421699968278, 35.169566302702592 ], [ 129.058427498695721, 35.169592374651415 ], [ 129.058470233554118, 35.169673640045787 ], [ 129.058528835000885, 35.169777473997414 ], [ 129.058546900920334, 35.169884673235629 ], [ 129.058563974859197, 35.169952898003274 ], [ 129.058618899239633, 35.170037336999243 ], [ 129.058677378475068, 35.170106902410851 ], [ 129.058746565461178, 35.1701552919126 ], [ 129.058759987277114, 35.170429075625222 ], [ 129.05938470480217, 35.170417922894991 ], [ 129.059399057236675, 35.170377632879209 ], [ 129.059480376600646, 35.170363974125316 ], [ 129.059587263816496, 35.170324650955052 ], [ 129.059663620186427, 35.170278690158014 ], [ 129.059740923890246, 35.170248873882535 ], [ 129.05989980351282, 35.170235168035056 ], [ 129.059934084767065, 35.170232708690278 ], [ 129.059994137600569, 35.170247787196296 ], [ 129.0600553367685, 35.170288038153863 ], [ 129.0601055483192, 35.170326284799955 ], [ 129.060123146934444, 35.170315577835211 ], [ 129.060153971903361, 35.170333129904058 ], [ 129.060184306028731, 35.170370620979369 ], [ 129.060184613982273, 35.170419610247009 ], [ 129.060124048033146, 35.170480210185467 ], [ 129.060098967869408, 35.170519096730139 ], [ 129.060079373811959, 35.17054950062176 ], [ 129.060077770221909, 35.170552348713024 ], [ 129.060110375298734, 35.170646056298438 ], [ 129.060211400111967, 35.170753322565851 ], [ 129.060394625979512, 35.170793748547148 ], [ 129.060473933348248, 35.170789708126321 ], [ 129.060575973813826, 35.170743942354115 ], [ 129.060755351883842, 35.170620161125605 ], [ 129.060763369527052, 35.170539847391048 ], [ 129.060749739406504, 35.170333876411725 ], [ 129.060683150809894, 35.170204347980082 ], [ 129.060665312920946, 35.170148986668053 ], [ 129.060641704441423, 35.170116288533769 ], [ 129.060637232956367, 35.170083176094337 ], [ 129.060606418175439, 35.17001881627391 ], [ 129.060595420777531, 35.169935292615015 ], [ 129.060597783734835, 35.169874739201703 ], [ 129.060585665074086, 35.169847910311539 ], [ 129.060579992066096, 35.169835348314592 ], [ 129.060568737922154, 35.169816065538797 ], [ 129.060642045222977, 35.169727246842811 ], [ 129.061457923479793, 35.170205878423289 ], [ 129.061588319221244, 35.170282375345408 ], [ 129.061605002801656, 35.170283658692497 ], [ 129.061644787380317, 35.17028671785431 ], [ 129.061647600958253, 35.171518256067884 ], [ 129.061647711323616, 35.171565019091929 ], [ 129.061648520169143, 35.171565399958602 ], [ 129.061660872485106, 35.171571229137726 ], [ 129.061688797197974, 35.17158326611672 ], [ 129.061717258431997, 35.171594419810468 ], [ 129.061746222874518, 35.171604670812918 ], [ 129.061775648327028, 35.171613994422927 ], [ 129.06180698514072, 35.171622784871396 ], [ 129.061838725971796, 35.171630538665241 ], [ 129.061869290252787, 35.171636942594333 ], [ 129.061900130323266, 35.171642380044737 ], [ 129.061932758503929, 35.171647040683993 ], [ 129.061964012545303, 35.171650469412846 ], [ 129.061995421239914, 35.171652913389536 ], [ 129.062027046130254, 35.171654375426655 ], [ 129.062058803440522, 35.171654838572479 ], [ 129.062088948111324, 35.171654345170815 ], [ 129.062118992107258, 35.1716529514553 ], [ 129.062148957348001, 35.171650655340109 ], [ 129.062178802152289, 35.171647459166145 ], [ 129.062208480551107, 35.171643370739353 ], [ 129.062239498058972, 35.171638109173792 ], [ 129.062270253165167, 35.171631873645602 ], [ 129.062300697567281, 35.171624664778122 ], [ 129.062330770169297, 35.171616503195011 ], [ 129.062360444865476, 35.17160740185588 ], [ 129.062391119184923, 35.171596830620025 ], [ 129.062421253910173, 35.171585260146834 ], [ 129.062449400750637, 35.17157332221305 ], [ 129.062479677172348, 35.17155917311073 ], [ 129.062509215503269, 35.171543980449258 ], [ 129.062537930911049, 35.171527786797498 ], [ 129.062549746819599, 35.171520500848935 ] ] ] } },
{ "type": "Feature", "properties": { "BASE_DATE": "20250630", "ADM_CD": "21050830", "ADM_NM": "전포1동" }, "geometry": { "type": "Polygon", "coordinates": [ [ [ 129.080338198479097, 35.16054828441505 ], [ 129.080430319315326, 35.160438375174998 ], [ 129.080666295470564, 35.160156833770529 ], [ 129.080669931204682, 35.160152500099628 ], [ 129.081018092158615, 35.15975783032458 ], [ 129.081037763444698, 35.159735125425001 ], [ 129.081041474509533, 35.159730828627211 ], [ 129.081370950568612, 35.159483320791175 ], [ 129.081398368314268, 35.159462946323309 ], [ 129.081567020759451, 35.159337618568983 ], [ 129.081684406793869, 35.15924289689886 ], [ 129.08194781342911, 35.159030434567079 ], [ 129.082361751295849, 35.158697604847454 ], [ 129.082463710044181, 35.158614638026656 ], [ 129.082472699156853, 35.158607322182583 ], [ 129.082741148735607, 35.158294346407573 ], [ 129.082843975200063, 35.158174106456464 ], [ 129.082763786656841, 35.158128958841424 ], [ 129.082749254612082, 35.158113382387008 ], [ 129.082374096497489, 35.157711333365818 ], [ 129.082045198727769, 35.157358856777016 ], [ 129.082026851977986, 35.157339198003228 ], [ 129.081971438162157, 35.157279806395621 ], [ 129.081963934609064, 35.157271762910725 ], [ 129.081969021865774, 35.157263990460308 ], [ 129.082079598627985, 35.157095150838927 ], [ 129.082097796099873, 35.157067363744808 ], [ 129.082113896222666, 35.157042783098227 ], [ 129.082117765813393, 35.157036873932789 ], [ 129.082228697228203, 35.156867501205326 ], [ 129.082391542711008, 35.156618860982775 ], [ 129.082255635536853, 35.156182620885915 ], [ 129.082216866949238, 35.156058181197544 ], [ 129.082043568948194, 35.155480645627065 ], [ 129.082023337001345, 35.155469454986864 ], [ 129.080945642477161, 35.154878145856173 ], [ 129.080369508765216, 35.154562024832202 ], [ 129.080043457983095, 35.154383118200187 ], [ 129.079966389590822, 35.154340829299876 ], [ 129.080098122267799, 35.153269338954424 ], [ 129.079968596201752, 35.152908943049276 ], [ 129.079892337835531, 35.152696756801909 ], [ 129.079878141811434, 35.152657259615111 ], [ 129.079877538558151, 35.15265558328494 ], [ 129.079798168066532, 35.152434743376332 ], [ 129.079428913232221, 35.151818283195851 ], [ 129.079385537433978, 35.151745870120706 ], [ 129.078820370077068, 35.150802318960885 ], [ 129.078666202807852, 35.15054492909406 ], [ 129.078574165114361, 35.150548246364266 ], [ 129.077837528680419, 35.15057479719129 ], [ 129.076990027332528, 35.150605338392758 ], [ 129.075642940987592, 35.150570386805839 ], [ 129.075643589066885, 35.15058065578107 ], [ 129.075641788976526, 35.150580609771239 ], [ 129.075052514430325, 35.150565869936159 ], [ 129.074138062181788, 35.15020877403861 ], [ 129.074062154687709, 35.150175896973408 ], [ 129.073515710497162, 35.149939224403816 ], [ 129.073451790429402, 35.149913113771134 ], [ 129.073380772587797, 35.149884102860597 ], [ 129.073284079552565, 35.149845838585428 ], [ 129.073107132699676, 35.149775773617726 ], [ 129.073101262307858, 35.149773450675823 ], [ 129.072902828579743, 35.149688948409967 ], [ 129.072527061070048, 35.149528917662401 ], [ 129.072337179089971, 35.149448027975176 ], [ 129.072359736529506, 35.14941677312023 ], [ 129.072352813629664, 35.149414344790443 ], [ 129.072347857971124, 35.149412606801796 ], [ 129.07228221779954, 35.149374076597326 ], [ 129.07227516426434, 35.149369936004611 ], [ 129.072259237533359, 35.149360418890808 ], [ 129.07220322654328, 35.149326957820861 ], [ 129.072123310053286, 35.149279214464514 ], [ 129.072121330180892, 35.14927820962253 ], [ 129.072041719738678, 35.149237811233832 ], [ 129.072032491804976, 35.149232937887945 ], [ 129.072024450809323, 35.149242517218717 ], [ 129.071982056019579, 35.149289053807053 ], [ 129.071970839061635, 35.149284012421838 ], [ 129.071967097093307, 35.149282310059462 ], [ 129.071858803624281, 35.149232978268586 ], [ 129.071776470668794, 35.149197585586016 ], [ 129.071591114050364, 35.149112649985355 ], [ 129.071588479343148, 35.149111442653926 ], [ 129.071533994308709, 35.149086641237503 ], [ 129.071445577301034, 35.148986074372246 ], [ 129.071289637100932, 35.148810472509865 ], [ 129.07122111231746, 35.148730165313772 ], [ 129.071113791402922, 35.148608597914482 ], [ 129.070979946766954, 35.148461338681059 ], [ 129.070912432381192, 35.148382967468947 ], [ 129.070841450125556, 35.148299953730479 ], [ 129.07073137573812, 35.148171223243985 ], [ 129.07072018215689, 35.14815813369281 ], [ 129.070696432853651, 35.148130361076824 ], [ 129.070451120996125, 35.148249434040153 ], [ 129.070274163269005, 35.148340518200357 ], [ 129.070156771158366, 35.148401867749257 ], [ 129.070034647501018, 35.148463663494908 ], [ 129.069773776823212, 35.148562335935324 ], [ 129.069687510854976, 35.148564872887789 ], [ 129.069579394783432, 35.148569524048106 ], [ 129.069566969990802, 35.148569710275787 ], [ 129.069522881729171, 35.14857036534756 ], [ 129.069503775826405, 35.148570645342929 ], [ 129.069481906694079, 35.148570968348054 ], [ 129.069326215331699, 35.148573268461163 ], [ 129.06928956758901, 35.148576505733878 ], [ 129.069267985752873, 35.148578413610267 ], [ 129.069259755705247, 35.148579133315224 ], [ 129.069253709506143, 35.148572618185156 ], [ 129.069220111459828, 35.148536422014494 ], [ 129.069204947975123, 35.148538843602189 ], [ 129.069010053140659, 35.14856998052074 ], [ 129.069015504046121, 35.14858619925598 ], [ 129.068971505325891, 35.148594206474726 ], [ 129.068953073503252, 35.148597235668909 ], [ 129.068944973634558, 35.148580378639629 ], [ 129.068865787691578, 35.148593025896645 ], [ 129.068865360115723, 35.148594311716131 ], [ 129.068813393740925, 35.148594979297698 ], [ 129.068781173800687, 35.148595395649622 ], [ 129.068773927346058, 35.148595488589613 ], [ 129.068724466403665, 35.148596522198055 ], [ 129.068682690796521, 35.14859739495818 ], [ 129.068613620338027, 35.148598893423753 ], [ 129.068532159532566, 35.148600543264436 ], [ 129.068501775641238, 35.148589040865836 ], [ 129.068490553394895, 35.148585023447637 ], [ 129.068490911949766, 35.148583286817853 ], [ 129.068484956936175, 35.148582777876378 ], [ 129.068483967366177, 35.148582693315355 ], [ 129.06848322875345, 35.148582415265899 ], [ 129.068474533925354, 35.14857916574941 ], [ 129.068393397928673, 35.148576232929848 ], [ 129.068392534280747, 35.148576189113314 ], [ 129.068369791019649, 35.148540001833034 ], [ 129.068369244902783, 35.148539801533751 ], [ 129.068355260205436, 35.148534665810004 ], [ 129.068258198753682, 35.148531914733681 ], [ 129.068239600943656, 35.148522347810896 ], [ 129.06822302866766, 35.14851382306837 ], [ 129.068204282424347, 35.148504185932978 ], [ 129.068178200153881, 35.148490774061813 ], [ 129.068086325775852, 35.148443529905457 ], [ 129.067905102085945, 35.148397846959348 ], [ 129.0679030329093, 35.148389093888653 ], [ 129.067844651035841, 35.148384525505428 ], [ 129.067723337982301, 35.148375082377122 ], [ 129.067724353020708, 35.148305481386828 ], [ 129.067724771540782, 35.148276999605571 ], [ 129.067724897755795, 35.148268243365244 ], [ 129.067725854422832, 35.148191536660363 ], [ 129.067730811575728, 35.148191644715503 ], [ 129.067730614360499, 35.14814113652082 ], [ 129.067726928767371, 35.1481413356871 ], [ 129.067727843147452, 35.148079019181047 ], [ 129.067724231284245, 35.148018628478376 ], [ 129.067689471291715, 35.148017891794495 ], [ 129.067689361660598, 35.147874608870495 ], [ 129.067689358150147, 35.147869676222022 ], [ 129.067689357953327, 35.147868006447737 ], [ 129.067692642488964, 35.147859718743469 ], [ 129.067597435157126, 35.147859562301527 ], [ 129.067464265623613, 35.147859342496453 ], [ 129.067442697164694, 35.147859307810272 ], [ 129.067150301207164, 35.147812299573452 ], [ 129.066788383850991, 35.147754898063887 ], [ 129.066787788734246, 35.147757008309519 ], [ 129.066786006702216, 35.147763283103799 ], [ 129.066769059760929, 35.147823033625372 ], [ 129.066750232646683, 35.147870256281244 ], [ 129.066728035999517, 35.147926378101118 ], [ 129.066726280807245, 35.147929587081833 ], [ 129.066677549824334, 35.148018497304442 ], [ 129.06662449151861, 35.148103397219451 ], [ 129.06657284174878, 35.148177488458359 ], [ 129.066479193928245, 35.14829473453139 ], [ 129.066457601108937, 35.148322126885937 ], [ 129.066410507172293, 35.148381874077302 ], [ 129.066410017616619, 35.14838193270068 ], [ 129.066288099270452, 35.148536322547685 ], [ 129.06563523407425, 35.149363064554194 ], [ 129.065621393753247, 35.149380590355683 ], [ 129.065551748759901, 35.149468515387582 ], [ 129.065479327958769, 35.149471486224222 ], [ 129.065229676056134, 35.149481727602087 ], [ 129.064976505783648, 35.149393716156119 ], [ 129.064966650971741, 35.149390251462947 ], [ 129.064858789380168, 35.149352947844555 ], [ 129.064797019996291, 35.149331959305051 ], [ 129.063736175442386, 35.148959834638923 ], [ 129.063636964571174, 35.148925031106437 ], [ 129.063580465292233, 35.148905210917782 ], [ 129.063561874220255, 35.148898898889634 ], [ 129.063373799242584, 35.148835048127154 ], [ 129.063329799947553, 35.148820110095961 ], [ 129.063273853474442, 35.148800545897444 ], [ 129.063273614778637, 35.148801036747585 ], [ 129.062941385461471, 35.149481579073452 ], [ 129.062817987777748, 35.149734343697098 ], [ 129.062708800095152, 35.149960441959564 ], [ 129.062704697101765, 35.149966660082711 ], [ 129.062702156001507, 35.149970514778531 ], [ 129.062644102169287, 35.1500418748805 ], [ 129.062463957371818, 35.150263303663138 ], [ 129.062452437454198, 35.150297625888356 ], [ 129.062451695479666, 35.150429279211536 ], [ 129.062451692483933, 35.150429868901668 ], [ 129.062451126390926, 35.150530703901936 ], [ 129.062450711163677, 35.150604177667503 ], [ 129.062435019854433, 35.15060543493518 ], [ 129.062384414368978, 35.150609488495625 ], [ 129.062382768503824, 35.150713564274461 ], [ 129.062382410446418, 35.1507361758052 ], [ 129.062370982681415, 35.151454771092716 ], [ 129.062367064556327, 35.151701124603235 ], [ 129.06235940587996, 35.152183482458476 ], [ 129.062359287821693, 35.152190915030559 ], [ 129.062359175849934, 35.152197976963443 ], [ 129.062359033084419, 35.152206700956192 ], [ 129.062345027720738, 35.153461756889335 ], [ 129.062344936811911, 35.153469920313427 ], [ 129.062333594004713, 35.154483163068356 ], [ 129.062333580071794, 35.154484501233213 ], [ 129.062333452196953, 35.154497161448099 ], [ 129.062330859482557, 35.154729405630725 ], [ 129.062330077051143, 35.154799405685914 ], [ 129.062326525450914, 35.155117509652428 ], [ 129.062323667440353, 35.155373367620676 ], [ 129.062323509010497, 35.155387644809501 ], [ 129.062323464436957, 35.155391686387496 ], [ 129.062313449058536, 35.15628889204023 ], [ 129.062313287607992, 35.156303470402804 ], [ 129.062311605896383, 35.156453661948355 ], [ 129.062311187627245, 35.156491093048274 ], [ 129.062307368488518, 35.156833205668654 ], [ 129.062301714992969, 35.157220159906494 ], [ 129.062301517436538, 35.157233768603732 ], [ 129.062296986086437, 35.157747200172629 ], [ 129.062319103303821, 35.157747261121038 ], [ 129.063857858370625, 35.157751423090339 ], [ 129.06398900028708, 35.157751776514615 ], [ 129.064029634538116, 35.157749987789337 ], [ 129.064041547056235, 35.157749462509408 ], [ 129.064044001833906, 35.157749347864616 ], [ 129.064609427839429, 35.157752765654664 ], [ 129.064616011225155, 35.157752803235077 ], [ 129.064806693402829, 35.157753951860137 ], [ 129.064807545636114, 35.157753967898593 ], [ 129.06480934195335, 35.157753980756794 ], [ 129.064811860714201, 35.157753996904418 ], [ 129.064815130213788, 35.157754003353389 ], [ 129.064816241232165, 35.15775400342612 ], [ 129.064821788165062, 35.157754036352898 ], [ 129.065434646089244, 35.15775772108865 ], [ 129.065437085859259, 35.157757740047337 ], [ 129.065440133856328, 35.15775776016136 ], [ 129.065443858060775, 35.157757776945694 ], [ 129.065444881515106, 35.157757790766823 ], [ 129.065450382418504, 35.157757827866092 ], [ 129.065455487781804, 35.157757848438536 ], [ 129.066018487975555, 35.157761231489722 ], [ 129.066039910453725, 35.157761360246219 ], [ 129.066073260300641, 35.157761567403362 ], [ 129.066081345956235, 35.157761626954887 ], [ 129.066091802744751, 35.157761675684185 ], [ 129.066096038624039, 35.15776169665213 ], [ 129.066101528516583, 35.157761732060941 ], [ 129.066104284559486, 35.157761755933024 ], [ 129.066105672372686, 35.157761763234411 ], [ 129.066111748506216, 35.157761798275857 ], [ 129.066169679405306, 35.157762138387504 ], [ 129.066765655751993, 35.15777022893036 ], [ 129.066887567683523, 35.157771877902448 ], [ 129.067194053509496, 35.157776054358855 ], [ 129.067197984678785, 35.157776100869221 ], [ 129.067199948068264, 35.157776124152768 ], [ 129.068146882030589, 35.157788974717505 ], [ 129.06816825993684, 35.157798734628706 ], [ 129.068177558914215, 35.157802979815543 ], [ 129.068182753408252, 35.15780535591685 ], [ 129.06818507258717, 35.157806413228172 ], [ 129.068184945325243, 35.157808362344575 ], [ 129.068168328961519, 35.158054436383928 ], [ 129.068135667233918, 35.158203784691267 ], [ 129.068134056067038, 35.158211130195944 ], [ 129.068133658676658, 35.15821296199416 ], [ 129.068067339912005, 35.158516275060066 ], [ 129.068053427530259, 35.158579913790646 ], [ 129.068052983558033, 35.158581949954495 ], [ 129.068052050607264, 35.158586194169914 ], [ 129.06805199206886, 35.158586461803061 ], [ 129.06797813979648, 35.158924293843086 ], [ 129.067979744636006, 35.15892794260396 ], [ 129.067981298482977, 35.158931451374386 ], [ 129.067984761930575, 35.158939272148693 ], [ 129.067988907414161, 35.1589486510847 ], [ 129.067993974336389, 35.158955244752931 ], [ 129.067999860855821, 35.15896289891873 ], [ 129.068073003760929, 35.158970634507753 ], [ 129.068124352387827, 35.158975988865571 ], [ 129.068205116638779, 35.158984410103187 ], [ 129.068272480035603, 35.158991437804175 ], [ 129.068398860179258, 35.159004310070998 ], [ 129.068487065785774, 35.159006213528841 ], [ 129.068858364215714, 35.159014232960452 ], [ 129.068943030984769, 35.159016055697109 ], [ 129.068993560419074, 35.159018080748723 ], [ 129.069040319096274, 35.159019954468633 ], [ 129.069053527745353, 35.159020484814306 ], [ 129.069186633702714, 35.159025821867878 ], [ 129.0694293267928, 35.159035554253407 ], [ 129.069435973520626, 35.158983110092223 ], [ 129.069445053762621, 35.158983845357099 ], [ 129.069518379371459, 35.158989769082488 ], [ 129.06954958060345, 35.158987716644546 ], [ 129.06954693760764, 35.158871753926398 ], [ 129.069595211182559, 35.158876366715894 ], [ 129.069611621217206, 35.158877928426683 ], [ 129.069730431663942, 35.158881374637083 ], [ 129.069829295864452, 35.158881487246042 ], [ 129.069844953944141, 35.158874540301611 ], [ 129.069921862219672, 35.158840440161534 ], [ 129.069958074910318, 35.158824382040422 ], [ 129.070128053131384, 35.158564449419757 ], [ 129.070143228428009, 35.158541241928695 ], [ 129.07016327117492, 35.158510587189554 ], [ 129.070176022238485, 35.15849108426081 ], [ 129.070176463642184, 35.158490402334678 ], [ 129.070157592463175, 35.158481995156251 ], [ 129.070100462522959, 35.158456522437618 ], [ 129.069916795749151, 35.158380394872907 ], [ 129.069846279756064, 35.15834457559334 ], [ 129.069823288155504, 35.158332898445636 ], [ 129.069812732010604, 35.158089726156469 ], [ 129.069811788809346, 35.158068007881091 ], [ 129.069800757425128, 35.157813867394843 ], [ 129.06980002977761, 35.1577959961811 ], [ 129.069829462752097, 35.157797472036151 ], [ 129.069830353400761, 35.157712588743145 ], [ 129.070065618783872, 35.157770578140514 ], [ 129.070234383782122, 35.15781217604755 ], [ 129.070262304210331, 35.157820862611466 ], [ 129.070265900280646, 35.157821980867318 ], [ 129.070333425588075, 35.157842956779042 ], [ 129.070530985632473, 35.157904340856476 ], [ 129.07081884494994, 35.157993767428472 ], [ 129.070896465010208, 35.158017872314275 ], [ 129.070921991269415, 35.158029018699054 ], [ 129.070927498083734, 35.158031417678842 ], [ 129.070929672503695, 35.158032366818532 ], [ 129.07093719210647, 35.158035644905318 ], [ 129.070942047898797, 35.15803775840439 ], [ 129.070942632512669, 35.158038015894299 ], [ 129.070955771855409, 35.158043741984095 ], [ 129.070962642701687, 35.158046738166348 ], [ 129.070999392783193, 35.158062764514789 ], [ 129.071104437288994, 35.158108568643264 ], [ 129.071197978317201, 35.158112912805976 ], [ 129.071237397716118, 35.158114745644141 ], [ 129.071252941663488, 35.158115463646979 ], [ 129.071384238730445, 35.158116553566998 ], [ 129.071443288163891, 35.158117044338653 ], [ 129.071485684943781, 35.158117394096756 ], [ 129.071533125983535, 35.158117782980646 ], [ 129.071598064928537, 35.158110775248893 ], [ 129.071651020498791, 35.15810506079648 ], [ 129.071738870023466, 35.158095581044378 ], [ 129.071754032744963, 35.158093945330023 ], [ 129.071761508877245, 35.158093136050425 ], [ 129.071770555695394, 35.158094192547175 ], [ 129.07184513494164, 35.158115779324795 ], [ 129.07193238814213, 35.158141037008193 ], [ 129.072110034445302, 35.158192459919654 ], [ 129.072136585570973, 35.158200145004606 ], [ 129.072137643496632, 35.158198412813789 ], [ 129.072144738267099, 35.158186800016068 ], [ 129.072165214674413, 35.158153337136987 ], [ 129.07220112772211, 35.158159854832206 ], [ 129.072224957561588, 35.15816418879016 ], [ 129.072361938073215, 35.158189054942632 ], [ 129.072497951627099, 35.158213758580793 ], [ 129.072528129207058, 35.158219230843791 ], [ 129.072534262048379, 35.158222894688798 ], [ 129.072563951879317, 35.158240555764799 ], [ 129.072567252492263, 35.158242519886699 ], [ 129.072568818220645, 35.158243442638124 ], [ 129.0725706860635, 35.158244547197896 ], [ 129.072656675605828, 35.158295732893315 ], [ 129.072787128949727, 35.158336809415573 ], [ 129.072783644598758, 35.158294280862123 ], [ 129.072773424875834, 35.158169575502967 ], [ 129.072756932756391, 35.15797134092643 ], [ 129.072844051193897, 35.15780518169845 ], [ 129.073846750910889, 35.157816177985737 ], [ 129.0742762204695, 35.157843085410448 ], [ 129.074671560171083, 35.15786473325646 ], [ 129.07490236738127, 35.158027665675533 ], [ 129.075336114998265, 35.158328615986917 ], [ 129.075904952682237, 35.158539671711374 ], [ 129.076063100645655, 35.158696743644342 ], [ 129.076248570323116, 35.158740353516954 ], [ 129.076447512850791, 35.158787138116757 ], [ 129.077153017438775, 35.158999310442859 ], [ 129.077639067186453, 35.159282283883684 ], [ 129.078647020013761, 35.159851185353951 ], [ 129.078137296330823, 35.158848561061426 ], [ 129.07843704781618, 35.159070593662008 ], [ 129.078507838632561, 35.158962690379909 ], [ 129.07862570900852, 35.158784645365124 ], [ 129.078646915108635, 35.158738852395224 ], [ 129.078666257487214, 35.158697059786867 ], [ 129.078799480544291, 35.158443288921909 ], [ 129.079232465152586, 35.158599541929732 ], [ 129.079634575785491, 35.15873821621458 ], [ 129.080433987114731, 35.159014379259432 ], [ 129.080496647792017, 35.159036024210188 ], [ 129.080274705561834, 35.159650342724767 ], [ 129.080109443567835, 35.160151269618112 ], [ 129.080105036758454, 35.160150250591897 ], [ 129.079970176135646, 35.160472762612514 ], [ 129.079949661557379, 35.160521823206182 ], [ 129.079955689902278, 35.1605198313678 ], [ 129.07995271009807, 35.160526974875182 ], [ 129.07983105705776, 35.16080550011629 ], [ 129.079749502125196, 35.161112396853603 ], [ 129.079713807817114, 35.16124672170443 ], [ 129.079703627987413, 35.161285030179322 ], [ 129.079796120970087, 35.161177644655169 ], [ 129.080338198479097, 35.16054828441505 ] ] ] } },
{ "type": "Feature", "properties": { "BASE_DATE": "20250630", "ADM_CD": "21050840", "ADM_NM": "범천2동" }, "geometry": { "type": "Polygon", "coordinates": [ [ [ 129.050705728459604, 35.157422987353058 ], [ 129.050781609037159, 35.157145898283403 ], [ 129.050761911969715, 35.157107454320609 ], [ 129.050648182123496, 35.156885489889675 ], [ 129.050547506657921, 35.156689005390987 ], [ 129.050471511422046, 35.156528357595072 ], [ 129.050443935381537, 35.156470062725482 ], [ 129.050414979111707, 35.156408280961969 ], [ 129.050354272430127, 35.156278742147663 ], [ 129.05036609242876, 35.156237940931007 ], [ 129.050367143278748, 35.156234308423542 ], [ 129.050364834990091, 35.156231265285129 ], [ 129.050342106130955, 35.156203869591778 ], [ 129.050219199816553, 35.156055728662167 ], [ 129.050174301807971, 35.15598297991977 ], [ 129.050130124230748, 35.155868290818269 ], [ 129.050118132626466, 35.155837154843482 ], [ 129.050070009076279, 35.15589816854672 ], [ 129.050064920291135, 35.155904571074451 ], [ 129.05005548492889, 35.155892383051111 ], [ 129.050045318100558, 35.155879252288223 ], [ 129.049957599206436, 35.155765958780663 ], [ 129.049942636422287, 35.155760313223389 ], [ 129.049961034297382, 35.155637665473236 ], [ 129.049999794741353, 35.155578052808949 ], [ 129.050022353156976, 35.155543358754116 ], [ 129.050079063201451, 35.15545726603429 ], [ 129.050058245211204, 35.155441230442982 ], [ 129.050073847724491, 35.155415616233348 ], [ 129.050094047451637, 35.15535474077479 ], [ 129.050105653033597, 35.155319764911944 ], [ 129.050090875992936, 35.155322285571337 ], [ 129.050048376263277, 35.155268812228812 ], [ 129.05008772236414, 35.155156119734485 ], [ 129.050241937968792, 35.155071044895088 ], [ 129.050266484739723, 35.155097299355631 ], [ 129.050297157967208, 35.155076898286403 ], [ 129.050303560848789, 35.15507264098877 ], [ 129.050380848244345, 35.155020600004519 ], [ 129.050390389930641, 35.155014269400439 ], [ 129.050394440467841, 35.155010951929469 ], [ 129.050436346969377, 35.155016729519801 ], [ 129.050481851840374, 35.155037650441635 ], [ 129.050651468070669, 35.155148035195694 ], [ 129.050682453733003, 35.155169030105007 ], [ 129.050719233482425, 35.155175613447305 ], [ 129.050742689251933, 35.155179832931573 ], [ 129.050762468451325, 35.155197239526672 ], [ 129.050812382437414, 35.155234534793408 ], [ 129.050878237571482, 35.15525788001392 ], [ 129.050914709327145, 35.155262809180755 ], [ 129.050969645384612, 35.15527023559914 ], [ 129.0509708049442, 35.155266895618958 ], [ 129.051181357215569, 35.155248546696086 ], [ 129.051212484609096, 35.155248259882512 ], [ 129.051184047322693, 35.155273435417911 ], [ 129.051180460899843, 35.155290500111427 ], [ 129.051395624026327, 35.155281345882123 ], [ 129.051421251909971, 35.155266517077216 ], [ 129.051448912546533, 35.155264213526429 ], [ 129.051465741741424, 35.15526281236243 ], [ 129.051493039934741, 35.155245006675699 ], [ 129.051517084770012, 35.155245152208906 ], [ 129.051517151573137, 35.155226123803153 ], [ 129.051555958232257, 35.155212487598199 ], [ 129.051575230590373, 35.155259558968055 ], [ 129.051641036825885, 35.155262397307247 ], [ 129.05170998696056, 35.155250309777763 ], [ 129.051702898641508, 35.155217894881972 ], [ 129.05198547495857, 35.154894467836513 ], [ 129.051997065646418, 35.154903485987859 ], [ 129.052262363725987, 35.154639870608037 ], [ 129.052288193000976, 35.154615494612585 ], [ 129.052351682356772, 35.154555582348941 ], [ 129.052405986539526, 35.154504984176214 ], [ 129.052422317027606, 35.154489420492261 ], [ 129.05247091778466, 35.154443430476796 ], [ 129.052502901490612, 35.154413869749646 ], [ 129.052514386927669, 35.154402328015394 ], [ 129.05255092974329, 35.154369357563951 ], [ 129.052559617811255, 35.154357287272042 ], [ 129.052563408529949, 35.154358097017898 ], [ 129.052581560091141, 35.154341718359795 ], [ 129.052664864402914, 35.15426552136006 ], [ 129.052665741638918, 35.15426471760177 ], [ 129.052731378251082, 35.154203676755607 ], [ 129.052765260363856, 35.154172178412395 ], [ 129.052789718495177, 35.154149435571043 ], [ 129.052798470237178, 35.154141238658589 ], [ 129.052809892402337, 35.154130473091428 ], [ 129.052812386462818, 35.15412815554204 ], [ 129.052841095818167, 35.154101515537725 ], [ 129.052863255057929, 35.154080964209456 ], [ 129.052939626808296, 35.15401045578723 ], [ 129.05295798891143, 35.153993899462542 ], [ 129.052962420352202, 35.15398989540774 ], [ 129.0530295223368, 35.153927943925723 ], [ 129.053041391357681, 35.153917184329025 ], [ 129.053064085449819, 35.153895957113811 ], [ 129.053093840517391, 35.15386814507648 ], [ 129.053121023943078, 35.15384353606045 ], [ 129.053218808313943, 35.153757468851133 ], [ 129.053248614626398, 35.153697477706224 ], [ 129.053335147692906, 35.153523303414936 ], [ 129.053471617185551, 35.153344142916431 ], [ 129.053610228383491, 35.153162180548698 ], [ 129.053754866775279, 35.15297230303252 ], [ 129.054268612903229, 35.152555172028592 ], [ 129.054516237611892, 35.152354114893853 ], [ 129.054555030841328, 35.152322617952173 ], [ 129.054842998277735, 35.152113542850614 ], [ 129.054860494328381, 35.152100840917072 ], [ 129.055017481951182, 35.151986861316466 ], [ 129.0552357806435, 35.151828365457909 ], [ 129.055507302289385, 35.151631225366621 ], [ 129.055627114685734, 35.151540486161842 ], [ 129.055979055022732, 35.151233343863112 ], [ 129.056097188571329, 35.15113024848344 ], [ 129.056190371906894, 35.151048011257025 ], [ 129.056232454827239, 35.151010225182844 ], [ 129.056245544700204, 35.150998883384034 ], [ 129.056362855144641, 35.150897217456539 ], [ 129.056599369525259, 35.150661479663576 ], [ 129.056657892513556, 35.150603150918698 ], [ 129.056550045598726, 35.150575847541774 ], [ 129.056486064464309, 35.150559652678389 ], [ 129.056544290615903, 35.150486949848592 ], [ 129.056809942125, 35.15047710315212 ], [ 129.057024985094131, 35.15046580742284 ], [ 129.057149727445506, 35.149845586920996 ], [ 129.05716248616875, 35.149766705270821 ], [ 129.057197162224583, 35.149552327633423 ], [ 129.057203101309796, 35.149515591880835 ], [ 129.05720510245709, 35.1495032051021 ], [ 129.057205684823572, 35.149499605607069 ], [ 129.057222850332636, 35.149393506338882 ], [ 129.057224286971575, 35.149360078761461 ], [ 129.057225540664689, 35.149331164283872 ], [ 129.057246297968504, 35.148850853921147 ], [ 129.057246067314423, 35.148514534271669 ], [ 129.057245666460489, 35.147918394756125 ], [ 129.057245589284065, 35.147806673783997 ], [ 129.057245578870948, 35.147796045752145 ], [ 129.057245576472582, 35.147792809007022 ], [ 129.057245570131471, 35.147791266435711 ], [ 129.057245565288326, 35.147786057903332 ], [ 129.057245565132035, 35.147782132300186 ], [ 129.057245197913886, 35.1472417270477 ], [ 129.057245041406503, 35.147012522021249 ], [ 129.057250048120153, 35.145994434622679 ], [ 129.05725153240536, 35.145691352243269 ], [ 129.057251554606154, 35.145687217178128 ], [ 129.057251794345177, 35.145637924925012 ], [ 129.057251978974875, 35.145600604045285 ], [ 129.057251994708452, 35.145597512225081 ], [ 129.057252038639689, 35.145588986945356 ], [ 129.057252552159127, 35.145485851577952 ], [ 129.057253741576403, 35.14524362618058 ], [ 129.057254903495647, 35.145006639477735 ], [ 129.057255153097032, 35.144954177034457 ], [ 129.057255301310761, 35.144924162359104 ], [ 129.057256862769236, 35.144606688351793 ], [ 129.057258132998811, 35.144348593558355 ], [ 129.057258162222553, 35.144341831112392 ], [ 129.057258393416589, 35.144295027400922 ], [ 129.057258559423019, 35.144261106721991 ], [ 129.057258675488526, 35.144237873460945 ], [ 129.057258688791705, 35.144235460583218 ], [ 129.057258707556031, 35.144233334347071 ], [ 129.057258757595605, 35.144220750843175 ], [ 129.057258817276477, 35.144208327701818 ], [ 129.057259818540899, 35.144005999089863 ], [ 129.057262014976487, 35.14355931894336 ], [ 129.057264323965597, 35.143090311664231 ], [ 129.057264716487907, 35.143009051762569 ], [ 129.057266293184654, 35.142688160366689 ], [ 129.056679009610718, 35.142687801664806 ], [ 129.05668427868747, 35.142526438691256 ], [ 129.056766422364603, 35.142278879483719 ], [ 129.057044789660893, 35.142273586437405 ], [ 129.057046611427836, 35.142226779398364 ], [ 129.057050536094806, 35.142139280931254 ], [ 129.057008877015875, 35.14208640857823 ], [ 129.056664552498887, 35.142110552375065 ], [ 129.056662694360909, 35.142071539251781 ], [ 129.056554434404632, 35.14207157781086 ], [ 129.056552150564841, 35.142071595432697 ], [ 129.056543268180889, 35.142071577918166 ], [ 129.056536065280369, 35.142071565873515 ], [ 129.056532640540212, 35.142071559383893 ], [ 129.056299366170776, 35.142071281582545 ], [ 129.056290792201452, 35.142038631729392 ], [ 129.056287322102548, 35.14203918301039 ], [ 129.05628683998836, 35.14203749778347 ], [ 129.056163549383314, 35.142058827644277 ], [ 129.056159968723222, 35.142059394767521 ], [ 129.056101262767584, 35.14205835010516 ], [ 129.056096841747859, 35.142044524802799 ], [ 129.056095763375225, 35.14204173104055 ], [ 129.056092468768043, 35.142042333256896 ], [ 129.056091694502214, 35.142040695960489 ], [ 129.056040860058999, 35.14205074184855 ], [ 129.056000714753651, 35.142058675003341 ], [ 129.055998074007022, 35.142064795687844 ], [ 129.055965243046955, 35.142067639970861 ], [ 129.055957003859163, 35.142069293851833 ], [ 129.055909837728848, 35.142078766032597 ], [ 129.05586175957518, 35.142088417607056 ], [ 129.055847532262362, 35.142099097761538 ], [ 129.055835788521733, 35.142107913047248 ], [ 129.055832269309292, 35.142100751673347 ], [ 129.055796692838157, 35.142053752305948 ], [ 129.055778156419251, 35.142029263692898 ], [ 129.055750275047728, 35.141996773376874 ], [ 129.055685621398311, 35.141941589280179 ], [ 129.055665435149194, 35.141924359958423 ], [ 129.055502399750026, 35.141849385511868 ], [ 129.055361816443963, 35.141801050986444 ], [ 129.055319064542743, 35.141839051811026 ], [ 129.055058503879934, 35.141881307334124 ], [ 129.055009275682124, 35.141899800995546 ], [ 129.054928992048616, 35.141902304658302 ], [ 129.054892653503117, 35.141903440036856 ], [ 129.054876620899876, 35.141903870303359 ], [ 129.054811718053571, 35.141887025388947 ], [ 129.054788809333047, 35.141881078443028 ], [ 129.054691648258256, 35.141853846153239 ], [ 129.054600011958144, 35.141841926163316 ], [ 129.054545053878371, 35.141834900057198 ], [ 129.054530603218865, 35.141838864126278 ], [ 129.054497385136187, 35.141848189243582 ], [ 129.054361788384739, 35.141885430809069 ], [ 129.054281577117621, 35.141907673868268 ], [ 129.054124287549172, 35.14194283125142 ], [ 129.054057701378582, 35.14196676481258 ], [ 129.053998968802262, 35.141987872934628 ], [ 129.053919849694978, 35.142016363430116 ], [ 129.053911960232455, 35.14201811276547 ], [ 129.05384126068887, 35.142033767188003 ], [ 129.053772145076266, 35.142026558059563 ], [ 129.053480403123274, 35.142021718682578 ], [ 129.05340633203258, 35.142020821045897 ], [ 129.053365567459252, 35.1420203240015 ], [ 129.053363885286672, 35.142021043416094 ], [ 129.053126913841083, 35.142077018697549 ], [ 129.053022578787335, 35.142101660119117 ], [ 129.053012279804278, 35.142104093049284 ], [ 129.052941289353697, 35.142120856954186 ], [ 129.052934119822851, 35.142120232975756 ], [ 129.052879555172467, 35.142115488456781 ], [ 129.052618902971517, 35.142092826688057 ], [ 129.052555924295319, 35.142087352256439 ], [ 129.052532005752113, 35.142085272207446 ], [ 129.052266179104549, 35.142144149109093 ], [ 129.052243426458176, 35.142149190311386 ], [ 129.052063604084424, 35.142189017361332 ], [ 129.051844114492695, 35.142265871085357 ], [ 129.051733493378237, 35.142304602948954 ], [ 129.051706020281244, 35.142325286143709 ], [ 129.051661297442735, 35.142358961574423 ], [ 129.051637728899181, 35.142406432984359 ], [ 129.051624202715971, 35.142433669860857 ], [ 129.051568578397479, 35.142596666720628 ], [ 129.051541232532117, 35.142618450919031 ], [ 129.051440689868997, 35.142698559987629 ], [ 129.051388189534322, 35.142737709417027 ], [ 129.051365492149841, 35.142754638384524 ], [ 129.051333447496262, 35.14277852214888 ], [ 129.051332244955432, 35.142779414814392 ], [ 129.051323745801, 35.142780739918273 ], [ 129.051312555213514, 35.142794094510421 ], [ 129.051305653722579, 35.142802333441189 ], [ 129.051260050950788, 35.142885618486709 ], [ 129.05124588185538, 35.142911494007471 ], [ 129.051233274067016, 35.14291165544082 ], [ 129.051121840723852, 35.142972083593229 ], [ 129.051009177826415, 35.143042171011395 ], [ 129.050900925477123, 35.143134956709979 ], [ 129.05089162857351, 35.1431498341856 ], [ 129.050887023263783, 35.143196311653035 ], [ 129.050885857147449, 35.143208091695811 ], [ 129.050890634436655, 35.143270472473304 ], [ 129.050894177294822, 35.143316734733645 ], [ 129.050865910209666, 35.143336963576651 ], [ 129.050846733530364, 35.143350695349369 ], [ 129.050774918686329, 35.143384431452915 ], [ 129.050768230066581, 35.143387638445724 ], [ 129.050764249926658, 35.143389544907507 ], [ 129.05076362355527, 35.143390317490962 ], [ 129.050738457500387, 35.143421435030518 ], [ 129.050737158749001, 35.143423042997242 ], [ 129.050644554142821, 35.143459435305004 ], [ 129.050414986685126, 35.143511987241538 ], [ 129.05039223451891, 35.1435171957948 ], [ 129.050371576635371, 35.143521939360177 ], [ 129.050352464902375, 35.143526312409456 ], [ 129.050350011336803, 35.14352687485637 ], [ 129.050236005676481, 35.143552976552243 ], [ 129.050124288029508, 35.143573725757655 ], [ 129.050089480055021, 35.143580195687413 ], [ 129.049767423154236, 35.143541089116141 ], [ 129.049744610414194, 35.143543163423182 ], [ 129.049652326965429, 35.143551540534503 ], [ 129.049629853722791, 35.143554153246974 ], [ 129.049512944368445, 35.143567741888624 ], [ 129.049462098944446, 35.143573655798782 ], [ 129.049402546432987, 35.143593789447579 ], [ 129.049185615016711, 35.143667129991357 ], [ 129.048686238020622, 35.14376240630439 ], [ 129.048626660207646, 35.143841590891533 ], [ 129.04836043440352, 35.14419542185 ], [ 129.048260723061674, 35.144258723397378 ], [ 129.048160385466986, 35.144322407937025 ], [ 129.048153369699776, 35.144303078700375 ], [ 129.048139218562994, 35.144332748517996 ], [ 129.048131865634247, 35.144348181582792 ], [ 129.048122253386282, 35.144368349926218 ], [ 129.048117870205999, 35.144378944865117 ], [ 129.048101407393034, 35.144418758487291 ], [ 129.048081047560345, 35.144415612370096 ], [ 129.048044267475916, 35.144459281228897 ], [ 129.048014765814145, 35.144494305296746 ], [ 129.048007297988676, 35.144499384823376 ], [ 129.047946383876507, 35.144540818587004 ], [ 129.047914206641423, 35.144569789142047 ], [ 129.047908010819668, 35.14457538075407 ], [ 129.047893953723417, 35.144591475592925 ], [ 129.047873371962794, 35.144615041592282 ], [ 129.047819198385753, 35.144653745648405 ], [ 129.047787968522414, 35.144676059195788 ], [ 129.047598324268392, 35.144809696962746 ], [ 129.047485697045715, 35.144893093883056 ], [ 129.047477558073723, 35.144899079954826 ], [ 129.047385647587021, 35.144944356227462 ], [ 129.047339600435578, 35.144967041043223 ], [ 129.047290410191692, 35.144991268970337 ], [ 129.047219915147849, 35.145025992335754 ], [ 129.047109384780811, 35.145080445672612 ], [ 129.047027326628211, 35.145116907034883 ], [ 129.046997820078843, 35.145130018174854 ], [ 129.046925296574329, 35.145171774592569 ], [ 129.046839597323128, 35.14522111585007 ], [ 129.046806356310555, 35.145240254109325 ], [ 129.046724353429482, 35.1453235613575 ], [ 129.046631467045131, 35.145493482788531 ], [ 129.046524258922943, 35.145574420378637 ], [ 129.046439803203413, 35.145638176666075 ], [ 129.046415527752572, 35.145656673833344 ], [ 129.046409264613231, 35.145661443960435 ], [ 129.046309381557393, 35.145650803218437 ], [ 129.046306766119159, 35.145656275118029 ], [ 129.046178845167674, 35.145633982683286 ], [ 129.046053726531511, 35.145625668086666 ], [ 129.04603588430885, 35.14562448205951 ], [ 129.04588996855054, 35.145647366966401 ], [ 129.045657130981141, 35.145735813283935 ], [ 129.045462875798705, 35.145818414105477 ], [ 129.045463645719821, 35.145801312446096 ], [ 129.045363309165879, 35.145835717583559 ], [ 129.045341142299179, 35.145835707322739 ], [ 129.045317879836091, 35.145820248406167 ], [ 129.045195490488027, 35.14584425061561 ], [ 129.045136633412994, 35.145855792692977 ], [ 129.045095387503636, 35.145855716473427 ], [ 129.045025909231782, 35.145855589167326 ], [ 129.044943630925076, 35.145865280409033 ], [ 129.044963722799906, 35.145985243180398 ], [ 129.044920579718166, 35.145996300746539 ], [ 129.044794009835016, 35.146041144310509 ], [ 129.044763335735809, 35.146050538033371 ], [ 129.04466669022159, 35.146080128717323 ], [ 129.0445298262986, 35.146082240675753 ], [ 129.044506268498338, 35.14607961168592 ], [ 129.044449746659751, 35.146073300614042 ], [ 129.044304102404112, 35.146054793512519 ], [ 129.044201138488262, 35.146038839246046 ], [ 129.043940201493143, 35.146036348737759 ], [ 129.043914471483077, 35.146031981059863 ], [ 129.043909348998938, 35.146031248416193 ], [ 129.043704993522823, 35.146001967116774 ], [ 129.043403017166781, 35.145907914134291 ], [ 129.043402141599302, 35.145907643986348 ], [ 129.043342570982333, 35.145889088587047 ], [ 129.043331999539475, 35.145885795335879 ], [ 129.043269935642741, 35.145868610555894 ], [ 129.043026934904304, 35.145882025717981 ], [ 129.042648211357971, 35.145902929127743 ], [ 129.042370903408653, 35.145969924408206 ], [ 129.042358429062205, 35.145972937726086 ], [ 129.042346896395259, 35.145976700013811 ], [ 129.042145312657965, 35.146104870645047 ], [ 129.042128213753898, 35.146115739943149 ], [ 129.042032660039325, 35.146176492359032 ], [ 129.041904086088948, 35.146159196839811 ], [ 129.041646468425711, 35.14612454194333 ], [ 129.04163336579424, 35.146123230038015 ], [ 129.04156768534051, 35.146114842347686 ], [ 129.041526363126138, 35.146109564488533 ], [ 129.041477072283641, 35.146102339548264 ], [ 129.04143483794752, 35.14610736605966 ], [ 129.041346636212552, 35.146136521190492 ], [ 129.041250008514993, 35.146153451214147 ], [ 129.041188748020858, 35.14616320160512 ], [ 129.041136747914038, 35.146157132597637 ], [ 129.041106396419508, 35.146140698241922 ], [ 129.041105950050337, 35.14614054433499 ], [ 129.040993698771615, 35.146101754056879 ], [ 129.040954169480216, 35.146091488021106 ], [ 129.04092573334799, 35.146069863022184 ], [ 129.040882228287387, 35.146036775451819 ], [ 129.040870804786351, 35.146009884124766 ], [ 129.040855433982358, 35.145987416719677 ], [ 129.040848506086547, 35.145952403295382 ], [ 129.040820595932303, 35.145811362147747 ], [ 129.04077257870432, 35.145758955388892 ], [ 129.040774782792795, 35.145752022815316 ], [ 129.040760798526264, 35.145746096760035 ], [ 129.040756637202776, 35.145741555071815 ], [ 129.040723054104546, 35.145704901602066 ], [ 129.040717625212494, 35.145698975830371 ], [ 129.040716922600808, 35.145698213888153 ], [ 129.040701927496485, 35.145681987146546 ], [ 129.040696508345462, 35.145676170344963 ], [ 129.040695088948155, 35.145677097220798 ], [ 129.040693537057479, 35.145677808493225 ], [ 129.040691862584225, 35.145678305839404 ], [ 129.040690116835322, 35.145678574181069 ], [ 129.040688338067696, 35.145678604917158 ], [ 129.040686576864601, 35.14567840281407 ], [ 129.040684877173987, 35.145677970017708 ], [ 129.040683286320927, 35.145677313139096 ], [ 129.040681847597597, 35.145676457774449 ], [ 129.040632666378571, 35.145641896030909 ], [ 129.04061390268501, 35.145661818633542 ], [ 129.040612672183357, 35.145662925231782 ], [ 129.04061123289577, 35.1456638451467 ], [ 129.040609631688568, 35.145664560651667 ], [ 129.040607905398332, 35.145665046033081 ], [ 129.040606105416998, 35.145665290719691 ], [ 129.040604283187491, 35.145665286844384 ], [ 129.04060248593288, 35.145665035609888 ], [ 129.040600764253583, 35.145664542683988 ], [ 129.040511968305509, 35.145632112066906 ], [ 129.040511669793119, 35.1456319986533 ], [ 129.040510511764751, 35.145631476018366 ], [ 129.040509518651731, 35.145632656233929 ], [ 129.040508363606222, 35.145633806050583 ], [ 129.040506994644687, 35.145634788182804 ], [ 129.040505446256134, 35.145635568832382 ], [ 129.040503763111957, 35.14563613030068 ], [ 129.04050198991763, 35.145636456691769 ], [ 129.040500175836257, 35.145636535659541 ], [ 129.04049836920538, 35.145636369294202 ], [ 129.040496623883541, 35.14563596141894 ], [ 129.040494982874151, 35.145635322306241 ], [ 129.040493490430805, 35.145634470327238 ], [ 129.040439692626251, 35.145597879075247 ], [ 129.040439405771139, 35.145597685269806 ], [ 129.040438155352632, 35.145596686856408 ], [ 129.040437110691897, 35.14559553976558 ], [ 129.040436303026354, 35.145594270648509 ], [ 129.04043574942898, 35.145592911746135 ], [ 129.040382977196714, 35.145529194161838 ], [ 129.04037242664441, 35.145516458707014 ], [ 129.040371152767619, 35.145515380347696 ], [ 129.040370117401267, 35.145514143878543 ], [ 129.040369343105283, 35.145512781470686 ], [ 129.040358597808051, 35.145488838752932 ], [ 129.040329231029204, 35.145423403506392 ], [ 129.040328720492397, 35.145421941272197 ], [ 129.040328519264534, 35.14542052469394 ], [ 129.040328593369765, 35.145419098303663 ], [ 129.040328940229301, 35.14541770000185 ], [ 129.040329550611943, 35.145416364167126 ], [ 129.040330410896701, 35.145415125233882 ], [ 129.040331497501001, 35.14541401325517 ], [ 129.040332787888644, 35.145413055565839 ], [ 129.040334241930822, 35.145412277921274 ], [ 129.040335881592881, 35.145411680943752 ], [ 129.040414895229503, 35.145388751800006 ], [ 129.04040332295466, 35.145376260151458 ], [ 129.040372395656362, 35.145388542044472 ], [ 129.040370651886434, 35.145389089855918 ], [ 129.040368817778244, 35.145389387266334 ], [ 129.04036694804978, 35.145389425465467 ], [ 129.04036510079635, 35.145389200108191 ], [ 129.040363324542085, 35.145388723200099 ], [ 129.040361672116063, 35.145388002183985 ], [ 129.040360195606468, 35.145387063445916 ], [ 129.040358931720817, 35.145385932665917 ], [ 129.040357918382881, 35.145384641819831 ], [ 129.04032517059764, 35.145333815997851 ], [ 129.040297107833737, 35.145346367096835 ], [ 129.040295527093463, 35.145346945292417 ], [ 129.040293860071898, 35.145347313607836 ], [ 129.040292139453697, 35.145347459005002 ], [ 129.04029041138142, 35.145347383602044 ], [ 129.040288723094989, 35.14534708950319 ], [ 129.040287110809203, 35.145346576247988 ], [ 129.040285614370816, 35.14534586136206 ], [ 129.040284274808982, 35.145344966864059 ], [ 129.04024841532555, 35.145316808331721 ], [ 129.040247154191206, 35.145315648663953 ], [ 129.040246615143047, 35.145314945047296 ], [ 129.040245850040407, 35.145314361514195 ], [ 129.040244781871394, 35.1453132480801 ], [ 129.040229501190254, 35.145294439986905 ], [ 129.040228843900366, 35.145293519683428 ], [ 129.040228326060657, 35.14529254351033 ], [ 129.040227953328042, 35.145291520411789 ], [ 129.040219581127701, 35.145262559793146 ], [ 129.040219451918801, 35.14526211063 ], [ 129.040219172532261, 35.145260623817848 ], [ 129.040219202447247, 35.145259124057247 ], [ 129.040219534644336, 35.145257646600278 ], [ 129.040220161125518, 35.145256233022778 ], [ 129.040221066295828, 35.145254929505192 ], [ 129.040222221034639, 35.145253763466087 ], [ 129.040223598670877, 35.145252775817099 ], [ 129.040225155698636, 35.145251987848432 ], [ 129.040226848696818, 35.145251425357166 ], [ 129.040227511855846, 35.145251259143926 ], [ 129.040287526782464, 35.145235845829639 ], [ 129.040285883634368, 35.145229733958082 ], [ 129.040254227499133, 35.145226520972216 ], [ 129.040252370784088, 35.145226201064219 ], [ 129.040250607995347, 35.145225623002702 ], [ 129.040248993262992, 35.145224805033301 ], [ 129.040247577475867, 35.145223768147709 ], [ 129.040246397545104, 35.14522254884271 ], [ 129.040245491411326, 35.145221179995609 ], [ 129.040244889503157, 35.145219703595274 ], [ 129.040244603627031, 35.145218163670599 ], [ 129.040244643428593, 35.145216606081142 ], [ 129.04024471289614, 35.145216098492149 ], [ 129.040253097908021, 35.145152249741024 ], [ 129.040245439194109, 35.145151248048066 ], [ 129.04024377555794, 35.145150922078692 ], [ 129.040242194659697, 35.145150384981861 ], [ 129.040240737460465, 35.145149655170634 ], [ 129.040239432764849, 35.145148746704606 ], [ 129.04023831837759, 35.145147685249881 ], [ 129.040237415540162, 35.145146491273451 ], [ 129.040236751219084, 35.145145197792118 ], [ 129.040234033199283, 35.145138490095803 ], [ 129.040233849238689, 35.145138047940051 ], [ 129.040233454497752, 35.14513678889903 ], [ 129.04023328742457, 35.145135495407104 ], [ 129.040233345304358, 35.145134198153556 ], [ 129.04023363298549, 35.145132921420313 ], [ 129.040245341142565, 35.145096241963117 ], [ 129.040245934145901, 35.145094857662649 ], [ 129.040246795638382, 35.145093566421139 ], [ 129.040247894593335, 35.145092411008754 ], [ 129.040248816034961, 35.145091679807564 ], [ 129.040237605856078, 35.145097351014549 ], [ 129.040236073684838, 35.145098001622387 ], [ 129.040234435547148, 35.145098446206724 ], [ 129.040232728585323, 35.145098675279222 ], [ 129.040231004207982, 35.145098679170218 ], [ 129.040229297651251, 35.145098463742954 ], [ 129.040227653943106, 35.145098030228183 ], [ 129.040226113908744, 35.145097389827853 ], [ 129.04022471519994, 35.14509656009551 ], [ 129.040223491112812, 35.145095560443302 ], [ 129.040192543218808, 35.145065911294431 ], [ 129.040191446728585, 35.145064692731246 ], [ 129.040190661394377, 35.145063443163885 ], [ 129.040190123627326, 35.145062108402428 ], [ 129.040189848271439, 35.145060718912958 ], [ 129.040189838251848, 35.145059313427645 ], [ 129.040197192412023, 35.144973436983094 ], [ 129.040197472136583, 35.144971971012573 ], [ 129.040198041550696, 35.144970558160651 ], [ 129.040198885042486, 35.144969243706413 ], [ 129.040199980143768, 35.144968058590258 ], [ 129.040201299001268, 35.144967039230806 ], [ 129.040202799308474, 35.144966212312617 ], [ 129.040208625126326, 35.14496355693187 ], [ 129.040208622406453, 35.144953160481272 ], [ 129.040141804076939, 35.144962330029777 ], [ 129.040113014714137, 35.144969752938842 ], [ 129.040108572004272, 35.144970895859757 ], [ 129.04007117475021, 35.144980537057748 ], [ 129.039985301460547, 35.144990094813281 ], [ 129.03998315643878, 35.144987522733231 ], [ 129.039981236028751, 35.144985220084742 ], [ 129.039966508221568, 35.144967551778088 ], [ 129.039950569840016, 35.144943949121306 ], [ 129.039948852947219, 35.14494458313974 ], [ 129.039946096171093, 35.144945604545285 ], [ 129.039939322660132, 35.144943286948262 ], [ 129.039911583243367, 35.144905704231235 ], [ 129.039909304453346, 35.144900925802816 ], [ 129.039686098220528, 35.14476686563502 ], [ 129.039671026921411, 35.144757820163761 ], [ 129.039658397294943, 35.144740698576932 ], [ 129.039641576087973, 35.144717888794148 ], [ 129.039636951789078, 35.144718248701516 ], [ 129.03949485340172, 35.144590950895797 ], [ 129.03948336922133, 35.144580034052645 ], [ 129.039466053036364, 35.144563576078419 ], [ 129.0394533381739, 35.144547111925348 ], [ 129.039424363291232, 35.144509595279253 ], [ 129.03941912597449, 35.144502816791601 ], [ 129.039401530438226, 35.144480033943054 ], [ 129.039376405352698, 35.144451271705115 ], [ 129.039358180852446, 35.144430410963928 ], [ 129.039357143139938, 35.144429223202359 ], [ 129.039333281282211, 35.144401906416803 ], [ 129.039197653886646, 35.144328193573472 ], [ 129.039196589294221, 35.144327618346502 ], [ 129.039233560532637, 35.144288836422213 ], [ 129.039157289126848, 35.144260620270593 ], [ 129.039182728510866, 35.144201273940162 ], [ 129.039202810008618, 35.144207612293854 ], [ 129.039204199314071, 35.144145457346184 ], [ 129.039201921041496, 35.144142160245046 ], [ 129.039156335995045, 35.144076224772306 ], [ 129.039156937442527, 35.144071557600149 ], [ 129.039148943452517, 35.144061255459548 ], [ 129.039138458935128, 35.144041688437589 ], [ 129.039137982327588, 35.144038179107319 ], [ 129.039136785697934, 35.144029367528027 ], [ 129.039135317276362, 35.144029905512078 ], [ 129.03908214580207, 35.14404928135135 ], [ 129.039058778463954, 35.143996741939134 ], [ 129.039058643217032, 35.143996438010795 ], [ 129.039081897071924, 35.143989027974783 ], [ 129.039089833850255, 35.143986499104237 ], [ 129.039091148630092, 35.143986079380561 ], [ 129.039130241100821, 35.143973621954196 ], [ 129.039155064025294, 35.143914476404603 ], [ 129.039152362701344, 35.143902061264598 ], [ 129.039152187153974, 35.143901249339173 ], [ 129.039129987085289, 35.14379935979909 ], [ 129.039119449959117, 35.143750997756023 ], [ 129.039118929552984, 35.143748601571218 ], [ 129.039117808527863, 35.143743454985497 ], [ 129.039110488046504, 35.143709867365679 ], [ 129.039066902259407, 35.143622659060952 ], [ 129.039066556842698, 35.143617314184411 ], [ 129.03906576163385, 35.143605045231332 ], [ 129.039065387135196, 35.143599263442383 ], [ 129.039057573359827, 35.143587219795073 ], [ 129.03904727484715, 35.143542257396071 ], [ 129.03913620965244, 35.143542808170189 ], [ 129.039137809505121, 35.143512292618638 ], [ 129.039139332845679, 35.143485175313451 ], [ 129.03913963026568, 35.143479868252435 ], [ 129.039139765956321, 35.143477864048059 ], [ 129.039140840871823, 35.143460917214718 ], [ 129.039129003168028, 35.143458262690089 ], [ 129.03911874947903, 35.143455963111236 ], [ 129.039117414562014, 35.14345566270287 ], [ 129.03912988415226, 35.143421223189534 ], [ 129.039135958700427, 35.143421579691747 ], [ 129.039194557867546, 35.143421451012493 ], [ 129.03919498754729, 35.143415998013062 ], [ 129.039201095144989, 35.143338542261297 ], [ 129.039229786228844, 35.143248458317544 ], [ 129.039262579902754, 35.14325272463865 ], [ 129.03929896619951, 35.143257457419786 ], [ 129.039305625929245, 35.143258113026612 ], [ 129.0393336513701, 35.14316544718482 ], [ 129.039327582633035, 35.143164115975743 ], [ 129.039326762882723, 35.143163951478662 ], [ 129.03932620978685, 35.143163841296669 ], [ 129.039325583974772, 35.1431637167112 ], [ 129.039319072266409, 35.143162410965509 ], [ 129.039232200011242, 35.143144995606896 ], [ 129.039232704335035, 35.143143798169767 ], [ 129.039259762754256, 35.143055618428534 ], [ 129.039276201878863, 35.14297119628209 ], [ 129.039277903598418, 35.142962472300297 ], [ 129.039278178270735, 35.142962019807598 ], [ 129.039282164067856, 35.142955387397251 ], [ 129.039285089934282, 35.142950524794244 ], [ 129.039299293947238, 35.142915750366519 ], [ 129.039315249193351, 35.142876689060749 ], [ 129.039319621228032, 35.142824177714175 ], [ 129.039289380498303, 35.142743301439751 ], [ 129.039283874605417, 35.142729714675006 ], [ 129.039258055999142, 35.14270093055395 ], [ 129.039249808550835, 35.142691734308251 ], [ 129.039239453350774, 35.142680191797865 ], [ 129.039238054215531, 35.142678637162348 ], [ 129.039286897827253, 35.142644337766789 ], [ 129.039289355874644, 35.14264261150506 ], [ 129.039368632394741, 35.142582765918604 ], [ 129.039294680749492, 35.142516252321514 ], [ 129.039267819811101, 35.142492092289103 ], [ 129.039277967014385, 35.142471664467365 ], [ 129.039311529042038, 35.142433513686171 ], [ 129.039308706618954, 35.142422768067817 ], [ 129.039287441702015, 35.142341787659817 ], [ 129.039306226455523, 35.142286807601501 ], [ 129.039300737881462, 35.142271224446631 ], [ 129.039297301103517, 35.142263643177884 ], [ 129.03927723474925, 35.142219379221032 ], [ 129.039238772043575, 35.142202455961105 ], [ 129.039218881555144, 35.142188805807514 ], [ 129.039224903436804, 35.142172846498156 ], [ 129.039198926369437, 35.142121295957466 ], [ 129.039195223981636, 35.142113947971062 ], [ 129.039276780647668, 35.142092090861013 ], [ 129.039282468699071, 35.142032990035631 ], [ 129.039225104188404, 35.141997381178776 ], [ 129.039235230604874, 35.141953351216742 ], [ 129.039234462186698, 35.141949791496316 ], [ 129.03923436604606, 35.141949349124516 ], [ 129.039222728747944, 35.141895477774945 ], [ 129.039203904359567, 35.141870180568716 ], [ 129.039197452031431, 35.141854184992347 ], [ 129.03919265464441, 35.141855079031131 ], [ 129.039188204269294, 35.141849102883171 ], [ 129.039209350932026, 35.141700961683782 ], [ 129.039180523849723, 35.141650129862462 ], [ 129.039164451044996, 35.141621788108729 ], [ 129.039189875899154, 35.141596278558779 ], [ 129.039130630348069, 35.141421920975141 ], [ 129.039127650289771, 35.141413234832235 ], [ 129.03904066123431, 35.141159636200641 ], [ 129.039004346798919, 35.141053784774179 ], [ 129.039001498050766, 35.14104548375105 ], [ 129.038869504742053, 35.140661075470838 ], [ 129.038866803678758, 35.140653154851556 ], [ 129.03874761728116, 35.140303078526046 ], [ 129.038639481345655, 35.140141470967983 ], [ 129.038634825201399, 35.140134468669558 ], [ 129.038418674870769, 35.139809474603808 ], [ 129.038414172679182, 35.139802835494329 ], [ 129.038365143466706, 35.139734870565682 ], [ 129.038354498798697, 35.139720341895483 ], [ 129.038353803639495, 35.139719388701351 ], [ 129.038348542740579, 35.139712210140587 ], [ 129.037873792605751, 35.139725761211416 ], [ 129.037737841517469, 35.139729638963246 ], [ 129.037713041284889, 35.139730347736375 ], [ 129.03771418859904, 35.139733457263084 ], [ 129.037752300067694, 35.13983658598837 ], [ 129.037822362721897, 35.140010417544531 ], [ 129.037879443756793, 35.140232358895574 ], [ 129.038012580853206, 35.140773584844716 ], [ 129.038107787265432, 35.141178320957941 ], [ 129.038121686597208, 35.141240978779656 ], [ 129.038184031415938, 35.141420743282481 ], [ 129.038213111321397, 35.14150458919265 ], [ 129.038386290636566, 35.142013866038177 ], [ 129.03847477738492, 35.142275010630371 ], [ 129.038499060295578, 35.142346676177752 ], [ 129.038497029932927, 35.142391888067898 ], [ 129.038455342138263, 35.142924794285555 ], [ 129.038425279191955, 35.143304783658103 ], [ 129.03842283701664, 35.143335640792529 ], [ 129.038394533388498, 35.143625465510929 ], [ 129.038447864963985, 35.143867064995639 ], [ 129.038449824570279, 35.143875944432743 ], [ 129.038423852046918, 35.143879402843702 ], [ 129.038462344128419, 35.14416926560925 ], [ 129.038517510395735, 35.144445089471795 ], [ 129.038531634325494, 35.144515720913326 ], [ 129.03858927907487, 35.144532548632775 ], [ 129.038590322707137, 35.144537550144804 ], [ 129.038605210922867, 35.144607843682465 ], [ 129.03866817226762, 35.144901375284888 ], [ 129.038677508355022, 35.144944892925892 ], [ 129.038696306247061, 35.145108807059479 ], [ 129.038707872825796, 35.145209638886215 ], [ 129.038714279325859, 35.145265520568941 ], [ 129.038730219981659, 35.145389021061014 ], [ 129.038738031425595, 35.145449560655209 ], [ 129.038751327937689, 35.145552601086372 ], [ 129.03883029772723, 35.146175857824502 ], [ 129.038838164770141, 35.146237942059315 ], [ 129.038870709200324, 35.146494810790699 ], [ 129.038873898673728, 35.146519973028624 ], [ 129.03888322785599, 35.146592780485285 ], [ 129.038863724499549, 35.146928260985327 ], [ 129.038861862137736, 35.14695964900767 ], [ 129.039039529445176, 35.147196361485527 ], [ 129.039043441746742, 35.147201029014852 ], [ 129.039146418606549, 35.147324190916137 ], [ 129.03923642386917, 35.147431834006269 ], [ 129.03942850872707, 35.147661566332644 ], [ 129.039668894662753, 35.147941144946429 ], [ 129.039728724834475, 35.148010728242497 ], [ 129.03977096616191, 35.148059849398649 ], [ 129.040460681455471, 35.148718384128578 ], [ 129.040556715539225, 35.148810075741494 ], [ 129.04084347966986, 35.149600156536124 ], [ 129.040849789636326, 35.149760851552159 ], [ 129.04087245934852, 35.150338216325913 ], [ 129.041054848775673, 35.151104427504457 ], [ 129.041168593731754, 35.151208133511432 ], [ 129.041212301629287, 35.151191462043897 ], [ 129.041228513059338, 35.151185278109523 ], [ 129.041337099320458, 35.151143859603884 ], [ 129.041393973167942, 35.151155096708379 ], [ 129.041906960401576, 35.151256463991643 ], [ 129.042112743773458, 35.151545775193355 ], [ 129.042375710796904, 35.15188379504459 ], [ 129.042723643227163, 35.152200882385806 ], [ 129.043158692195192, 35.152166570698462 ], [ 129.043712701821335, 35.152122031974095 ], [ 129.04378348332969, 35.15211607551857 ], [ 129.043915808926414, 35.152104936589403 ], [ 129.043970987335797, 35.152095528268816 ], [ 129.0441075873361, 35.152093787131903 ], [ 129.044138610088709, 35.152052761524516 ], [ 129.044187521234022, 35.152048289067473 ], [ 129.044218126848392, 35.152045489817311 ], [ 129.044203871914675, 35.152098272374801 ], [ 129.044255673698927, 35.152101186899493 ], [ 129.044303473194276, 35.152093306956083 ], [ 129.044334027545631, 35.152111376999073 ], [ 129.044355608310411, 35.152146152867751 ], [ 129.044362072345649, 35.152156568807214 ], [ 129.044407347532029, 35.152226547091487 ], [ 129.044441784036763, 35.152279774585374 ], [ 129.0444542111521, 35.152293150213708 ], [ 129.044521421786129, 35.152365486890346 ], [ 129.044588023648402, 35.152382556279541 ], [ 129.044608062937158, 35.152387694192079 ], [ 129.044673962204541, 35.152336120293661 ], [ 129.044705839128881, 35.152359684917485 ], [ 129.044665296141147, 35.152402367505388 ], [ 129.044668677202168, 35.152403234116441 ], [ 129.044683099861885, 35.152413517898232 ], [ 129.044689519443125, 35.152418094657357 ], [ 129.044702365295052, 35.152427253498871 ], [ 129.04471554194987, 35.152436664177856 ], [ 129.044763596780712, 35.152458309426414 ], [ 129.044771838801097, 35.152462021738557 ], [ 129.044802386663747, 35.152488503763706 ], [ 129.044835772450369, 35.152517432623142 ], [ 129.044876484754695, 35.152543338705392 ], [ 129.044906023396805, 35.152562133824404 ], [ 129.044947859296371, 35.152571868700555 ], [ 129.044960913295569, 35.152574905631845 ], [ 129.044974079813159, 35.152593008833264 ], [ 129.045012354141107, 35.152645627307308 ], [ 129.045043961269442, 35.152679179708272 ], [ 129.045051738190125, 35.152687437539242 ], [ 129.045070454454219, 35.152706724984959 ], [ 129.045077558182555, 35.152714040202127 ], [ 129.045087741246164, 35.152727396599644 ], [ 129.04509570444938, 35.15273784206223 ], [ 129.045102452994769, 35.15274669274195 ], [ 129.045121617141746, 35.152783104154217 ], [ 129.045122399156384, 35.152784576426157 ], [ 129.04512522048887, 35.152789919444253 ], [ 129.045133947195239, 35.152806488817909 ], [ 129.045157713562816, 35.152806749172335 ], [ 129.045168609478679, 35.152806831082408 ], [ 129.045169357176235, 35.152806836872394 ], [ 129.045194027834555, 35.152807024375363 ], [ 129.045298155140898, 35.152807815778736 ], [ 129.045304957100228, 35.152792149187881 ], [ 129.04530611426523, 35.152789484594528 ], [ 129.045306410876833, 35.152788799193594 ], [ 129.045402717894859, 35.152808819726815 ], [ 129.045417514862947, 35.152811895681396 ], [ 129.045442251671801, 35.152816335183793 ], [ 129.045557041270172, 35.15283689337334 ], [ 129.045666372098481, 35.152908253792248 ], [ 129.045669490946523, 35.15291028769898 ], [ 129.045683793563541, 35.152929708902406 ], [ 129.045741325339321, 35.152964951723781 ], [ 129.045745201526159, 35.152967326690749 ], [ 129.045772720163569, 35.152984183662362 ], [ 129.045902573353118, 35.15306372645712 ], [ 129.046199993651157, 35.153494418917731 ], [ 129.046204474924366, 35.153500979532573 ], [ 129.04638133384708, 35.153759954299737 ], [ 129.046561862293601, 35.154025922602699 ], [ 129.046542646380431, 35.154027425683473 ], [ 129.046525121297549, 35.154051850433525 ], [ 129.046332626517056, 35.154320157385342 ], [ 129.046271488914556, 35.154405428559826 ], [ 129.046216054970188, 35.154484471610637 ], [ 129.046188156261508, 35.154524195603763 ], [ 129.046182025842825, 35.154532940125783 ], [ 129.046173791298315, 35.154544662473256 ], [ 129.046146310746025, 35.154584208912027 ], [ 129.046136517207145, 35.154598304357044 ], [ 129.046136194432677, 35.154598767396202 ], [ 129.046198435432672, 35.154643547498601 ], [ 129.045994362696405, 35.154728270809244 ], [ 129.045990598361954, 35.154725604106254 ], [ 129.045957722988391, 35.154702312252475 ], [ 129.045949808567258, 35.154710242837631 ], [ 129.045949015085768, 35.154710197064588 ], [ 129.045944133721946, 35.154715391324295 ], [ 129.045926554778532, 35.154732402741182 ], [ 129.045920429206262, 35.154738330560058 ], [ 129.045910679000343, 35.154751412025021 ], [ 129.045914037276447, 35.154755246087454 ], [ 129.045916807718385, 35.154758415051077 ], [ 129.045927290813751, 35.154770607168096 ], [ 129.045942529034647, 35.15476716148887 ], [ 129.04596365598573, 35.154837753860605 ], [ 129.045915032701885, 35.154848703248163 ], [ 129.045914191103805, 35.154850582123807 ], [ 129.045910784488257, 35.154858176579673 ], [ 129.045908378650296, 35.154863543910288 ], [ 129.045900253068254, 35.154881667178444 ], [ 129.045881839147341, 35.154922726155974 ], [ 129.045831236582984, 35.155035572732515 ], [ 129.045828488774532, 35.155035631240509 ], [ 129.045713109520364, 35.155038097170021 ], [ 129.045713121606269, 35.155040708978724 ], [ 129.04571344617608, 35.155123785453512 ], [ 129.045713572863917, 35.155155724257028 ], [ 129.045713621341463, 35.155167977413846 ], [ 129.045721788991131, 35.155169482562862 ], [ 129.04575813701652, 35.155176186529744 ], [ 129.045761308340929, 35.155208842029076 ], [ 129.045763909841213, 35.155233196467783 ], [ 129.045772293064175, 35.155357679303265 ], [ 129.045779049702503, 35.155449686181285 ], [ 129.045786143854087, 35.155551465803661 ], [ 129.045789040476564, 35.155592926317361 ], [ 129.04578906115708, 35.155593265058606 ], [ 129.045791318893464, 35.155626546209277 ], [ 129.045799716427297, 35.155750155192074 ], [ 129.045800564352845, 35.155774779046595 ], [ 129.045803084993423, 35.155811220588518 ], [ 129.045813360528911, 35.155976932399355 ], [ 129.045817366927196, 35.15604873052628 ], [ 129.04581784170631, 35.156057229348974 ], [ 129.045821253430205, 35.156118369024526 ], [ 129.045822091860231, 35.156127868500803 ], [ 129.045823163172372, 35.156140044588255 ], [ 129.045823469796062, 35.156143543427774 ], [ 129.045824774536527, 35.156158424970883 ], [ 129.045825009754026, 35.156161399083352 ], [ 129.045825714677221, 35.1561705729791 ], [ 129.045833010034443, 35.156265223697609 ], [ 129.045835087408904, 35.156292741353312 ], [ 129.045836779110743, 35.156315193279561 ], [ 129.04583882612107, 35.156346443985271 ], [ 129.045843545076053, 35.156388709814664 ], [ 129.045846447130202, 35.156414671586688 ], [ 129.045848398518331, 35.156432164953188 ], [ 129.045855801516979, 35.156498501053889 ], [ 129.045855833520932, 35.156498799979772 ], [ 129.045782671427474, 35.156518963172488 ], [ 129.045782319648907, 35.156519054216155 ], [ 129.045792112318537, 35.156542845337853 ], [ 129.045899168711912, 35.156507591209987 ], [ 129.045949266619203, 35.156500373693291 ], [ 129.045962579910992, 35.15649845465672 ], [ 129.046015120932509, 35.156483661265 ], [ 129.046089458459448, 35.156492549010913 ], [ 129.046211945633218, 35.1564808406306 ], [ 129.046313223753657, 35.156471159212273 ], [ 129.046349338454718, 35.156467706637265 ], [ 129.046461835818889, 35.156456953211915 ], [ 129.046464205065632, 35.15645672821627 ], [ 129.046480121131736, 35.156455206862674 ], [ 129.046486529010565, 35.156464768665188 ], [ 129.046494796425634, 35.156477104419778 ], [ 129.046627688657054, 35.156502391044164 ], [ 129.046658977213269, 35.156500441671589 ], [ 129.04676609207263, 35.156493929337699 ], [ 129.046879940020659, 35.15649815023562 ], [ 129.046944881700142, 35.156519407607192 ], [ 129.047067287037123, 35.156559155144386 ], [ 129.047125521542796, 35.156578350448143 ], [ 129.047181134414842, 35.156598818921942 ], [ 129.04728740904639, 35.156643466946683 ], [ 129.047339656819616, 35.156666294565184 ], [ 129.047340719530922, 35.156666758842675 ], [ 129.047365106537427, 35.156677412684836 ], [ 129.047366561133515, 35.156678048671381 ], [ 129.047472851313955, 35.156723506878031 ], [ 129.047444489129333, 35.156742128598317 ], [ 129.047360875034173, 35.156797026417394 ], [ 129.047343464712384, 35.156808456725543 ], [ 129.047364502580592, 35.156868685949547 ], [ 129.047391753602085, 35.156900828213885 ], [ 129.047820570961676, 35.157015385159006 ], [ 129.047876988883246, 35.157030457707975 ], [ 129.047893870119992, 35.15703496731885 ], [ 129.04794140226727, 35.157054158334219 ], [ 129.047959620815305, 35.157061514355995 ], [ 129.048038944996762, 35.157079822995392 ], [ 129.048052128606912, 35.157083224878711 ], [ 129.048213069560632, 35.157122632912454 ], [ 129.048265034946354, 35.157134990642639 ], [ 129.048381570849557, 35.15716299265825 ], [ 129.048418129316588, 35.157168056699646 ], [ 129.048430478062471, 35.15717455812559 ], [ 129.048453781945312, 35.157222869563384 ], [ 129.048476759097724, 35.157270101438954 ], [ 129.048476120164992, 35.15727404062153 ], [ 129.048476082160477, 35.157274294459441 ], [ 129.048509562643261, 35.157284645183999 ], [ 129.048523759679142, 35.157238355411515 ], [ 129.048536711417796, 35.15719980924694 ], [ 129.048570298671194, 35.157207917190505 ], [ 129.048608662498538, 35.157217176721133 ], [ 129.048671397422083, 35.157231773229206 ], [ 129.04871780188185, 35.157242945919961 ], [ 129.048723225676781, 35.157239611847253 ], [ 129.048772611158199, 35.157251962672518 ], [ 129.048979810540146, 35.15730377759585 ], [ 129.049092674497416, 35.157332003492975 ], [ 129.049127966197915, 35.157340368981039 ], [ 129.04922145475507, 35.157362299574473 ], [ 129.049231982901091, 35.157364491972466 ], [ 129.049255393544598, 35.157369370487842 ], [ 129.049331861584022, 35.157387266702294 ], [ 129.049367788283462, 35.157394958610325 ], [ 129.049403591981786, 35.157403110999823 ], [ 129.049413980355382, 35.157405516146163 ], [ 129.049419408862576, 35.157406772973843 ], [ 129.049571614670697, 35.157443471587449 ], [ 129.049572750626965, 35.157443744668562 ], [ 129.050042766705616, 35.157556663932354 ], [ 129.050062437357383, 35.157561498185537 ], [ 129.050063996639238, 35.157561747812586 ], [ 129.050104906480243, 35.157571574754357 ], [ 129.050148411391348, 35.157659555967008 ], [ 129.05017703624668, 35.157713982190067 ], [ 129.050203091562537, 35.157763515803033 ], [ 129.050263512668323, 35.157806621098096 ], [ 129.050340941518186, 35.157862734372785 ], [ 129.050326114111584, 35.157899533964482 ], [ 129.050265375309834, 35.157972235366316 ], [ 129.050150143701103, 35.158081858055951 ], [ 129.0501215236024, 35.158098855393575 ], [ 129.050190423362665, 35.158099711935314 ], [ 129.050219456773135, 35.158087834034646 ], [ 129.05037172529012, 35.158022407425371 ], [ 129.050499543004719, 35.157873721719419 ], [ 129.050620801612382, 35.157732664507627 ], [ 129.050661193131901, 35.15758538450013 ], [ 129.050675717903971, 35.157532420197313 ], [ 129.05068854426338, 35.157485642834679 ], [ 129.050705728459604, 35.157422987353058 ] ] ] } }
]
}
